time,open,high,low,close,volumeto,coin
2020-05-04,8907.19,8968.9,8537.49,8881.65,568639005.2,bitcoin
2020-05-05,8881.65,9119.13,8781.58,9029.75,538111122.64,bitcoin
2020-05-06,9029.75,9408.99,8924.06,9153.2,818515486.36,bitcoin
2020-05-07,9153.2,10064.33,9042.52,9999.93,1213223439.69,bitcoin
2020-05-08,9999.93,10041.73,9728.64,9808.18,907665361.58,bitcoin
2020-05-09,9808.18,9912.22,9525.77,9541.13,580103588.21,bitcoin
2020-05-10,9541.13,9556.85,8228.22,8735.05,1159765920.88,bitcoin
2020-05-11,8735.05,9164.84,8228.58,8568.88,1259789388.45,bitcoin
2020-05-12,8568.88,8975.74,8541.95,8821.18,580579256.62,bitcoin
2020-05-13,8821.18,9407.67,8807.57,9317.44,622255318.55,bitcoin
2020-05-14,9317.44,9937.97,9263.29,9793.19,936692997.58,bitcoin
2020-05-15,9793.19,9841.71,9149.13,9311.69,798930933.92,bitcoin
2020-05-16,9311.69,9584.9,9224.32,9387.08,348262438.61,bitcoin
2020-05-17,9387.08,9885.55,9334.23,9670.56,505834872.59,bitcoin
2020-05-18,9670.56,9943.74,9476.37,9722.73,606235218.3,bitcoin
2020-05-19,9722.73,9890.69,9471.96,9780.2,587660019.81,bitcoin
2020-05-20,9780.2,9832.94,9323.82,9509.45,593918718.08,bitcoin
2020-05-21,9509.45,9566.81,8811.54,9059.11,798218781.95,bitcoin
2020-05-22,9059.11,9265.04,8936.82,9170.74,405255700.32,bitcoin
2020-05-23,9170.74,9311.34,9101.08,9186.19,217819517.42,bitcoin
2020-05-24,9186.19,9307.11,8707.14,8718.49,412753415.47,bitcoin
2020-05-25,8718.49,8977.43,8639.46,8901.48,386241517.98,bitcoin
2020-05-26,8901.48,9011.53,8705.66,8844.5,352930782.24,bitcoin
2020-05-27,8844.5,9222.3,8820.55,9204.62,381475134.6,bitcoin
2020-05-28,9204.62,9619.34,9112.3,9579.71,530613444.11,bitcoin
2020-05-29,9579.71,9601.43,9344.8,9424.62,379875666.16,bitcoin
2020-05-30,9424.62,9735.73,9340.45,9699.78,235049817.45,bitcoin
2020-05-31,9699.78,9703.51,9400.25,9450.47,212143031.97,bitcoin
2020-06-01,9450.47,10359.02,9421.6,10211.23,435270237.66,bitcoin
2020-06-02,10211.23,10232.25,9344.53,9523.75,812990990.27,bitcoin
2020-06-03,9523.75,9666.25,9408.56,9666.06,316212538.78,bitcoin
2020-06-04,9666.06,9877.89,9470.9,9794.55,418578381.27,bitcoin
2020-06-05,9794.55,9846.54,9611.19,9622.02,406449067.36,bitcoin
2020-06-06,9622.02,9728.4,9536.15,9671.46,221180782.78,bitcoin
2020-06-07,9671.46,9806.21,9410.33,9750.7,374577294.36,bitcoin
2020-06-08,9750.7,9801.19,9658.72,9782.58,318606275.83,bitcoin
2020-06-09,9782.58,9884.83,9604.13,9779.7,376816490.4,bitcoin
2020-06-10,9779.7,9990.4,9708.63,9891.84,395005942.58,bitcoin
2020-06-11,9891.84,9970.77,9093.42,9268.13,827582593.73,bitcoin
2020-06-12,9268.13,9548.13,9238.24,9464.23,384322097.92,bitcoin
2020-06-13,9464.23,9492.0,9363.89,9474.65,156509665.57,bitcoin
2020-06-14,9474.65,9479.56,9251.02,9333.7,181308843.48,bitcoin
2020-06-15,9333.7,9498.69,8909.5,9429.65,616170633.01,bitcoin
2020-06-16,9429.65,9585.17,9383.33,9526.7,378768702.55,bitcoin
2020-06-17,9526.7,9550.06,9243.06,9459.13,325191529.46,bitcoin
2020-06-18,9459.13,9480.04,9276.18,9380.67,236301644.47,bitcoin
2020-06-19,9380.67,9419.99,9239.58,9301.83,295439171.8,bitcoin
2020-06-20,9301.83,9394.04,9179.1,9359.18,182464228.19,bitcoin
2020-06-21,9359.18,9418.22,9282.53,9292.81,123480945.26,bitcoin
2020-06-22,9292.81,9774.79,9283.26,9691.61,393567343.68,bitcoin
2020-06-23,9691.61,9720.11,9580.47,9624.3,296221140.11,bitcoin
2020-06-24,9624.3,9664.38,9206.05,9292.94,461570781.81,bitcoin
2020-06-25,9292.94,9335.65,9000.53,9241.32,435446758.27,bitcoin
2020-06-26,9241.32,9289.32,9041.42,9158.07,371373315.29,bitcoin
2020-06-27,9158.07,9190.27,8867.34,9007.14,254990739.33,bitcoin
2020-06-28,9007.14,9189.74,8946.05,9120.39,179558602.81,bitcoin
2020-06-29,9120.39,9234.33,9026.42,9187.07,283764928.26,bitcoin
2020-06-30,9187.07,9200.99,9068.77,9136.47,213905502.74,bitcoin
2020-07-01,9136.47,9299.67,9097.33,9238.89,274835041.39,bitcoin
2020-07-02,9238.89,9267.84,8954.67,9092.8,343433369.43,bitcoin
2020-07-03,9092.8,9127.05,9047.38,9066.46,198428092.21,bitcoin
2020-07-04,9066.46,9195.91,9052.4,9142.2,147598290.89,bitcoin
2020-07-05,9142.2,9152.87,8935.9,9081.44,159006413.09,bitcoin
2020-07-06,9081.44,9372.09,9067.64,9347.05,340664721.17,bitcoin
2020-07-07,9347.05,9378.69,9208.31,9257.32,239497399.36,bitcoin
2020-07-08,9257.32,9471.65,9236.9,9439.2,350318105.76,bitcoin
2020-07-09,9439.2,9441.67,9171.37,9238.95,280648694.08,bitcoin
2020-07-10,9238.95,9317.31,9128.71,9288.57,224680670.05,bitcoin
2020-07-11,9288.57,9302.22,9188.13,9237.13,108899834.63,bitcoin
2020-07-12,9237.13,9339.99,9169.13,9300.95,151649367.79,bitcoin
2020-07-13,9300.95,9336.42,9201.18,9237.89,240081841.21,bitcoin
2020-07-14,9237.89,9279.57,9109.7,9256.07,238308476.7,bitcoin
2020-07-15,9256.07,9272.57,9160.89,9193.22,216386874.26,bitcoin
2020-07-16,9193.22,9216.53,9029.17,9133.23,254255550.28,bitcoin
2020-07-17,9133.23,9183.08,9080.61,9156.79,187710134.42,bitcoin
2020-07-18,9156.79,9205.94,9125.92,9177.22,109563331.59,bitcoin
2020-07-19,9177.22,9238.3,9113.41,9216.02,117297958.15,bitcoin
2020-07-20,9216.02,9224.76,9136.9,9164.42,171877002.63,bitcoin
2020-07-21,9164.42,9435.55,9162.25,9392.83,337645738.93,bitcoin
2020-07-22,9392.83,9551.87,9289.85,9537.24,281661129.12,bitcoin
2020-07-23,9537.24,9675.5,9458.25,9615.21,415079930.39,bitcoin
2020-07-24,9615.21,9647.83,9477.19,9550.23,323092524.09,bitcoin
2020-07-25,9550.23,9744.72,9536.76,9708.41,233301043.7,bitcoin
2020-07-26,9708.41,10140.55,9659.08,9942.01,417337407.31,bitcoin
2020-07-27,9942.01,11397.48,9935.51,11042.94,1363674374.42,bitcoin
2020-07-28,11042.94,11253.39,10590.98,10933.26,938667838.04,bitcoin
2020-07-29,10933.26,11348.53,10854.04,11112.04,689206497.21,bitcoin
2020-07-30,11112.04,11182.76,10875.14,11113.66,503563543.58,bitcoin
2020-07-31,11113.66,11454.11,10981.87,11352.72,608151203.91,bitcoin
2020-08-01,11352.72,11874.77,11240.98,11812.42,741252933.72,bitcoin
2020-08-02,11812.42,12106.89,10694.22,11063.5,721639453.44,bitcoin
2020-08-03,11063.5,11476.29,10945.66,11234.73,473995003.36,bitcoin
2020-08-04,11234.73,11415.16,11021.07,11194.18,393301819.23,bitcoin
2020-08-05,11194.18,11791.62,11095.47,11752.05,555395574.17,bitcoin
2020-08-06,11752.05,11909.81,11577.8,11771.27,587033759.68,bitcoin
2020-08-07,11771.27,11912.62,11350.42,11603.82,651142052.53,bitcoin
2020-08-08,11603.82,11811.4,11534.87,11770.77,271582305.12,bitcoin
2020-08-09,11770.77,11802.93,11533.93,11686.34,231830330.42,bitcoin
2020-08-10,11686.34,12074.31,11640.41,11897.41,667803525.71,bitcoin
2020-08-11,11897.41,11940.4,11138.6,11389.01,724227264.93,bitcoin
2020-08-12,11389.01,11621.05,11182.8,11570.19,430758054.54,bitcoin
2020-08-13,11570.19,11795.34,11284.57,11790.68,487564726.98,bitcoin
2020-08-14,11790.68,11863.43,11657.2,11774.52,437825096.08,bitcoin
2020-08-15,11774.52,11981.62,11697.88,11860.91,369258184.57,bitcoin
2020-08-16,11860.91,11934.96,11701.22,11917.97,260716863.02,bitcoin
2020-08-17,11917.97,12474.73,11775.66,12301.19,682170133.05,bitcoin
2020-08-18,12301.19,12397.4,11855.24,11956.69,604246043.52,bitcoin
2020-08-19,11956.69,12021.8,11592.2,11760.37,590122894.96,bitcoin
2020-08-20,11760.37,11888.72,11679.03,11863.43,510502416.84,bitcoin
2020-08-21,11863.43,11882.67,11494.52,11527.35,745059089.73,bitcoin
2020-08-22,11527.35,11686.02,11379.06,11670.42,572197825.57,bitcoin
2020-08-23,11670.42,11713.62,11521.6,11651.52,388308826.36,bitcoin
2020-08-24,11651.52,11827.45,11594.64,11756.4,459366140.6,bitcoin
2020-08-25,11756.4,11767.64,11130.36,11330.56,583786229.48,bitcoin
2020-08-26,11330.56,11542.65,11259.23,11466.89,309986442.65,bitcoin
2020-08-27,11466.89,11591.64,11135.52,11331.02,464957172.93,bitcoin
2020-08-28,11331.02,11553.81,11289.07,11535.21,353027933.9,bitcoin
2020-08-29,11535.21,11585.98,11433.8,11480.48,187746012.8,bitcoin
2020-08-30,11480.48,11718.98,11470.07,11716.54,190649396.2,bitcoin
2020-08-31,11716.54,11775.27,11586.36,11657.81,307926585.75,bitcoin
2020-09-01,11657.81,12062.06,11540.42,11926.69,537292263.85,bitcoin
2020-09-02,11926.69,11954.28,11219.19,11397.9,618129314.2,bitcoin
2020-09-03,11397.9,11469.2,10017.43,10174.62,894736678.62,bitcoin
2020-09-04,10174.62,10638.71,10020.02,10467.33,562742223.01,bitcoin
2020-09-05,10467.33,10570.95,9880.05,10167.97,614402772.13,bitcoin
2020-09-06,10167.97,10361.12,10019.56,10260.37,300644746.65,bitcoin
2020-09-07,10260.37,10411.92,9893.68,10379.08,422137373.09,bitcoin
2020-09-08,10379.08,10443.72,9855.68,10128.54,553186747.41,bitcoin
2020-09-09,10128.54,10349.09,9989.63,10228.85,346738492.44,bitcoin
2020-09-10,10228.85,10493.32,10221.37,10345.68,452098495.16,bitcoin
2020-09-11,10345.68,10412.6,10215.49,10398.5,266084892.24,bitcoin
2020-09-12,10398.5,10486.76,10282.43,10448.0,184001054.5,bitcoin
2020-09-13,10448.0,10578.97,10224.4,10332.36,299956975.1,bitcoin
2020-09-14,10332.36,10753.33,10259.62,10678.31,359274837.28,bitcoin
2020-09-15,10678.31,10936.89,10632.26,10786.7,369481767.48,bitcoin
2020-09-16,10786.7,11094.7,10670.02,10957.1,372894154.99,bitcoin
2020-09-17,10957.1,11047.25,10755.99,10945.14,293584349.54,bitcoin
2020-09-18,10945.14,11040.66,10823.93,10937.89,248821618.73,bitcoin
2020-09-19,10937.89,11173.88,10898.63,11083.61,193207449.76,bitcoin
2020-09-20,11083.61,11083.9,10775.23,10921.85,237773866.86,bitcoin
2020-09-21,10921.85,10992.25,10319.73,10418.14,473754186.1,bitcoin
2020-09-22,10418.14,10576.92,10365.99,10534.73,301280976.85,bitcoin
2020-09-23,10534.73,10546.48,10166.62,10238.09,277589382.46,bitcoin
2020-09-24,10238.09,10792.17,10213.75,10742.98,304956298.0,bitcoin
2020-09-25,10742.98,10762.38,10562.14,10694.12,360929423.35,bitcoin
2020-09-26,10694.12,10822.99,10658.15,10734.23,148097714.06,bitcoin
2020-09-27,10734.23,10810.35,10612.42,10781.47,148127427.26,bitcoin
2020-09-28,10781.47,10951.6,10649.18,10699.0,350615325.76,bitcoin
2020-09-29,10699.0,10863.02,10641.03,10841.29,334584439.48,bitcoin
2020-09-30,10841.29,10850.12,10666.17,10779.42,317604086.65,bitcoin
2020-10-01,10779.42,10926.47,10454.66,10622.79,422940486.72,bitcoin
2020-10-02,10622.79,10668.49,10388.07,10576.64,355424408.51,bitcoin
2020-10-03,10576.64,10602.28,10507.49,10552.04,110570157.37,bitcoin
2020-10-04,10552.04,10699.94,10534.5,10675.52,111420779.07,bitcoin
2020-10-05,10675.52,10799.53,10627.77,10795.11,255950434.22,bitcoin
2020-10-06,10795.11,10801.66,10533.32,10603.9,329346366.4,bitcoin
2020-10-07,10603.9,10679.76,10554.41,10672.67,208253472.75,bitcoin
2020-10-08,10672.67,10957.42,10541.2,10929.4,423807796.12,bitcoin
2020-10-09,10929.4,11109.32,10839.3,11058.78,359802403.01,bitcoin
2020-10-10,11058.78,11485.43,11057.98,11301.57,296925751.27,bitcoin
2020-10-11,11301.57,11434.1,11284.09,11375.51,202131016.49,bitcoin
2020-10-12,11375.51,11725.28,11223.99,11539.76,478557074.68,bitcoin
2020-10-13,11539.76,11561.69,11314.56,11427.29,383360256.66,bitcoin
2020-10-14,11427.29,11550.25,11298.88,11429.3,259711904.03,bitcoin
2020-10-15,11429.3,11607.59,11269.05,11508.31,377801262.9,bitcoin
2020-10-16,11508.31,11545.35,11224.89,11326.25,332320579.31,bitcoin
2020-10-17,11326.25,11410.01,11270.69,11367.65,112306061.3,bitcoin
2020-10-18,11367.65,11513.68,11357.25,11513.33,131886570.58,bitcoin
2020-10-19,11513.33,11821.95,11417.11,11756.88,456404609.75,bitcoin
2020-10-20,11756.88,12047.73,11688.39,11921.78,576128149.71,bitcoin
2020-10-21,11921.78,13236.39,11900.51,12813.11,1296152945.69,bitcoin
2020-10-22,12813.11,13197.69,12700.74,12990.25,739591002.3,bitcoin
2020-10-23,12990.25,13031.82,12732.62,12937.2,416662855.54,bitcoin
2020-10-24,12937.2,13167.31,12886.47,13126.13,273005904.67,bitcoin
2020-10-25,13126.13,13346.7,12910.39,13041.21,368884232.62,bitcoin
2020-10-26,13041.21,13241.79,12797.05,13069.43,460984686.3,bitcoin
2020-10-27,13069.43,13783.14,13060.64,13646.02,603406480.39,bitcoin
2020-10-28,13646.02,13855.57,12906.15,13285.97,434942187.78,bitcoin
2020-10-29,13285.97,13643.6,12985.56,13462.18,555737562.11,bitcoin
2020-10-30,13462.18,13674.89,13132.53,13565.95,756044940.71,bitcoin
2020-10-31,13565.95,14077.8,13432.24,13803.41,600104833.89,bitcoin
2020-11-01,13803.41,13897.02,13630.22,13761.72,286724152.06,bitcoin
2020-11-02,13761.72,13828.48,13221.65,13571.24,453096297.52,bitcoin
2020-11-03,13571.24,14071.54,13300.84,14023.78,300271386.78,bitcoin
2020-11-04,14023.78,14258.9,13539.13,14157.73,423118194.37,bitcoin
2020-11-05,14157.73,15739.47,14114.37,15599.92,625288741.44,bitcoin
2020-11-06,15599.92,15948.88,15219.57,15590.62,538014394.46,bitcoin
2020-11-07,15590.62,15765.02,14427.34,14838.16,388303730.2,bitcoin
2020-11-08,14838.16,15653.89,14739.11,15488.25,285202500.11,bitcoin
2020-11-09,15488.25,15812.23,14833.13,15335.03,492570531.42,bitcoin
2020-11-10,15335.03,15476.99,15099.11,15313.73,352628988.82,bitcoin
2020-11-11,15313.73,15983.03,15288.76,15707.08,717920492.19,bitcoin
2020-11-12,15707.08,16348.99,15476.25,16306.53,1074746061.94,bitcoin
2020-11-13,16306.53,16482.62,15975.8,16332.85,694320640.17,bitcoin
2020-11-14,16332.85,16334.29,15720.61,16075.95,452657737.75,bitcoin
2020-11-15,16075.95,16156.82,15796.03,15964.7,286912254.78,bitcoin
2020-11-16,15964.7,16876.48,15877.77,16721.46,685608661.41,bitcoin
2020-11-17,16721.46,17857.37,16563.5,17681.54,1072294334.69,bitcoin
2020-11-18,17681.54,18466.1,17260.91,17786.27,1441862086.0,bitcoin
2020-11-19,17786.27,18172.87,17365.08,17824.64,859856045.56,bitcoin
2020-11-20,17824.64,18814.87,17764.07,18672.78,939934212.29,bitcoin
2020-11-21,18672.78,18966.12,18359.06,18704.06,705040526.65,bitcoin
2020-11-22,18704.06,18757.55,17635.18,18430.59,796767991.89,bitcoin
2020-11-23,18430.59,18761.66,18010.51,18385.74,902518528.75,bitcoin
2020-11-24,18385.74,19419.49,18117.78,19157.16,1403472685.29,bitcoin
2020-11-25,19157.16,19488.81,18519.89,18725.76,1141495120.46,bitcoin
2020-11-26,18725.76,18907.31,16270.37,17175.86,2220672632.83,bitcoin
2020-11-27,17175.86,17479.12,16462.87,17155.0,1034426524.1,bitcoin
2020-11-28,17155.0,17893.95,16895.0,17739.9,605284901.68,bitcoin
2020-11-29,17739.9,18347.24,17543.55,18199.23,489679989.73,bitcoin
2020-11-30,18199.23,19850.23,18199.03,19686.87,1493787961.07,bitcoin
2020-12-01,19686.87,19911.79,18194.17,18792.03,1743191338.61,bitcoin
2020-12-02,18792.03,19337.16,18350.0,19226.19,903817773.96,bitcoin
2020-12-03,19226.19,19608.49,18888.12,19448.44,747088833.15,bitcoin
2020-12-04,19448.44,19541.62,18603.79,18665.0,804366524.28,bitcoin
2020-12-05,18665.0,19178.4,18514.92,19156.84,388466883.76,bitcoin
2020-12-06,19156.84,19417.33,18885.88,19378.94,405708588.31,bitcoin
2020-12-07,19378.94,19411.51,18909.97,19181.41,477334574.93,bitcoin
2020-12-08,19181.41,19295.38,18227.31,18323.52,866543428.89,bitcoin
2020-12-09,18323.52,18639.24,17669.15,18549.92,1057335071.17,bitcoin
2020-12-10,18549.92,18554.32,17920.56,18250.47,684802762.09,bitcoin
2020-12-11,18250.47,18295.1,17598.13,18034.86,809318887.79,bitcoin
2020-12-12,18034.86,18948.78,18033.05,18814.98,484239535.46,bitcoin
2020-12-13,18814.98,19414.65,18733.67,19169.05,592021817.57,bitcoin
2020-12-14,19169.05,19339.6,19001.22,19274.69,456841099.92,bitcoin
2020-12-15,19274.69,19553.23,19060.06,19441.96,819839290.04,bitcoin
2020-12-16,19441.96,21527.36,19299.86,21352.13,1949841494.52,bitcoin
2020-12-17,21352.13,23698.98,21240.41,22822.17,3194654467.93,bitcoin
2020-12-18,22822.17,23271.54,22345.87,23135.57,1362467582.47,bitcoin
2020-12-19,23135.57,24114.51,22755.03,23844.72,1268054141.3,bitcoin
2020-12-20,23844.72,24252.16,23095.72,23467.06,1014224949.67,bitcoin
2020-12-21,23467.06,24077.7,22015.91,22727.13,1750627321.07,bitcoin
2020-12-22,22727.13,23833.23,22378.26,23823.32,1149767378.59,bitcoin
2020-12-23,23823.32,24082.98,22641.37,23239.5,1552020951.78,bitcoin
2020-12-24,23239.5,23778.56,22716.45,23724.2,923848542.66,bitcoin
2020-12-25,23724.2,24776.64,23417.43,24707.98,1199894883.01,bitcoin
2020-12-26,24707.98,26780.61,24494.27,26445.7,1611547513.19,bitcoin
2020-12-27,26445.7,28340.08,25805.96,26249.27,2463390777.21,bitcoin
2020-12-28,26249.27,27461.63,26085.96,27039.45,1402005893.58,bitcoin
2020-12-29,27039.45,27383.6,25864.25,27360.78,1479551411.61,bitcoin
2020-12-30,27360.78,28990.2,27360.09,28889.61,1993721842.2,bitcoin
2020-12-31,28889.61,29301.67,27957.13,28972.4,1924969475.46,bitcoin
2021-01-01,28972.4,29666.33,28748.21,29388.94,1487306218.52,bitcoin
2021-01-02,29388.94,33257.29,29036.26,32203.64,3750440817.91,bitcoin
2021-01-03,32203.64,34789.34,32010.59,33063.48,3132759314.54,bitcoin
2021-01-04,33063.48,33622.7,28493.29,32030.55,3901979149.92,bitcoin
2021-01-05,32030.55,34487.44,29985.29,34038.29,3037657026.2,bitcoin
2021-01-06,34038.29,36973.76,33404.2,36849.86,3788317475.74,bitcoin
2021-01-07,36849.86,40365.87,36340.01,39479.41,4753170180.55,bitcoin
2021-01-08,39479.41,41964.96,36640.51,40636.24,4705592327.36,bitcoin
2021-01-09,40636.24,41400.48,38783.61,40236.66,2241901362.12,bitcoin
2021-01-10,40236.66,41427.88,35283.65,38202.08,3983391028.78,bitcoin
2021-01-11,38202.08,38266.42,30308.4,35496.03,8100819368.26,bitcoin
2021-01-12,35496.03,36620.28,32522.98,34058.4,3999535589.05,bitcoin
2021-01-13,34058.4,37809.67,32405.89,37380.85,3198683391.78,bitcoin
2021-01-14,37380.85,40093.43,36751.89,39155.58,2895085049.06,bitcoin
2021-01-15,39155.58,39695.43,34396.19,36790.17,3288447634.87,bitcoin
2021-01-16,36790.17,37942.44,35395.88,36025.26,1995053500.31,bitcoin
2021-01-17,36025.26,36860.67,33854.83,35839.51,1806688237.48,bitcoin
2021-01-18,35839.51,37429.24,34784.4,36623.04,1554686784.02,bitcoin
2021-01-19,36623.04,37867.53,35917.28,35932.79,1787957383.29,bitcoin
2021-01-20,35932.79,36409.96,33519.59,35501.38,2316775667.92,bitcoin
2021-01-21,35501.38,35619.6,30067.14,30840.3,4042427455.09,bitcoin
2021-01-22,30840.3,33857.39,28817.3,33008.02,3418228006.19,bitcoin
2021-01-23,33008.02,33484.73,31430.15,32107.29,1287618530.17,bitcoin
2021-01-24,32107.29,33090.99,30957.56,32283.66,1079875602.62,bitcoin
2021-01-25,32283.66,34881.18,31937.09,32275.27,1989618039.07,bitcoin
2021-01-26,32275.27,32943.69,30853.17,32516.52,1909630282.43,bitcoin
2021-01-27,32516.52,32580.05,29236.73,30423.05,3149650799.32,bitcoin
2021-01-28,30423.05,33880.92,29905.53,33443.87,2463162479.45,bitcoin
2021-01-29,33443.87,38631.5,31996.08,34252.08,6015929349.68,bitcoin
2021-01-30,34252.08,34906.15,32858.0,34317.82,1574213551.44,bitcoin
2021-01-31,34317.82,34381.7,32214.08,33143.22,1176981986.93,bitcoin
2021-02-01,33143.22,34714.34,32340.24,33535.94,1623291067.04,bitcoin
2021-02-02,33535.94,36004.47,33459.48,35524.43,1789698965.07,bitcoin
2021-02-03,35524.43,37704.8,35413.72,37677.34,2340630205.42,bitcoin
2021-02-04,37677.34,38741.89,36199.19,36983.42,2767003411.51,bitcoin
2021-02-05,36983.42,38343.92,36626.5,38310.24,1705038314.0,bitcoin
2021-02-06,38310.24,40989.11,38247.96,39267.01,2642530408.41,bitcoin
2021-02-07,39267.01,39721.59,37408.16,38868.82,2076904733.5,bitcoin
2021-02-08,38868.82,46606.82,38063.87,46437.41,5944522159.67,bitcoin
2021-02-09,46437.41,48209.59,45051.46,46509.57,4610214635.38,bitcoin
2021-02-10,46509.57,47349.86,43743.99,44854.95,3326890835.4,bitcoin
2021-02-11,44854.95,48664.81,44032.66,48006.18,3377367971.59,bitcoin
2021-02-12,48006.18,48930.99,46243.85,47435.54,2831634659.58,bitcoin
2021-02-13,47435.54,48171.46,46291.19,47222.32,1571324550.44,bitcoin
2021-02-14,47222.32,49642.39,47096.92,48652.87,1841963034.08,bitcoin
2021-02-15,48652.87,49031.74,45910.0,47936.51,2502097939.18,bitcoin
2021-02-16,47936.51,50561.53,47068.63,49184.63,3237085085.6,bitcoin
2021-02-17,49184.63,52622.68,48967.72,52154.91,3423930178.2,bitcoin
2021-02-18,52154.91,52550.6,50874.81,51591.61,2205232619.94,bitcoin
2021-02-19,51591.61,56331.09,50766.83,55933.47,3893034056.64,bitcoin
2021-02-20,55933.47,57528.16,54140.61,55900.84,2974872569.57,bitcoin
2021-02-21,55900.84,58348.75,55516.07,57469.95,1934005633.01,bitcoin
2021-02-22,57469.95,57540.74,48194.31,54121.17,6995162441.1,bitcoin
2021-02-23,54121.17,54164.35,44983.39,48898.7,8016450648.12,bitcoin
2021-02-24,48898.7,51399.55,47015.55,49738.17,3729774704.65,bitcoin
2021-02-25,49738.17,52086.34,46728.88,47082.87,3643008748.86,bitcoin
2021-02-26,47082.87,48438.38,44153.46,46324.5,4204800171.81,bitcoin
2021-02-27,46324.5,48362.8,45063.84,46191.39,1831237567.32,bitcoin
2021-02-28,46191.39,46645.9,43061.92,45261.03,2776726256.13,bitcoin
2021-03-01,45261.03,49812.2,45058.98,49635.07,3146266419.71,bitcoin
2021-03-02,49635.07,50221.14,47097.84,48501.21,2105387914.68,bitcoin
2021-03-03,48501.21,52625.39,48176.64,50392.55,2615513552.66,bitcoin
2021-03-04,50392.55,51792.65,47516.91,48363.74,3024053725.58,bitcoin
2021-03-05,48363.74,49467.19,46311.43,48775.37,2907395734.68,bitcoin
2021-03-06,48775.37,49185.32,47099.07,48892.8,1214194643.85,bitcoin
2021-03-07,48892.8,51455.54,48892.8,50964.18,1658558074.88,bitcoin
2021-03-08,50964.18,52408.08,49341.09,52405.02,2445827949.75,bitcoin
2021-03-09,52405.02,54933.93,51888.98,54928.7,2898199576.25,bitcoin
2021-03-10,54928.7,57396.59,53054.34,55893.31,3898251700.72,bitcoin
2021-03-11,55893.31,58142.77,54314.65,57809.41,3340389094.49,bitcoin
2021-03-12,57809.41,58069.58,55089.68,57256.22,3079097934.08,bitcoin
2021-03-13,57256.22,61749.15,56103.32,61179.79,3439594034.95,bitcoin
2021-03-14,61179.79,61674.66,58980.95,58998.89,2105197604.06,bitcoin
2021-03-15,58998.89,60589.17,54857.68,55665.01,4297382088.92,bitcoin
2021-03-16,55665.01,56936.04,53269.13,56925.01,3441195999.4,bitcoin
2021-03-17,56925.01,58975.28,54156.11,58909.0,3493543493.16,bitcoin
2021-03-18,58909.0,60077.79,57022.2,57643.32,3178687259.25,bitcoin
2021-03-19,57643.32,59453.32,56283.37,58060.21,2397999967.37,bitcoin
2021-03-20,58060.21,59911.7,57837.79,58101.34,1687922804.56,bitcoin
2021-03-21,58101.34,58621.34,55635.61,57374.95,1958214099.07,bitcoin
2021-03-22,57374.95,58431.44,53795.78,54095.36,2865346861.49,bitcoin
2021-03-23,54095.36,55836.27,52984.36,54355.45,2444787014.61,bitcoin
2021-03-24,54355.45,57202.53,51685.15,52303.02,3420695083.54,bitcoin
2021-03-25,52303.02,53199.52,50406.31,51336.09,3617760373.16,bitcoin
2021-03-26,51336.09,55083.9,51275.54,55055.43,2461374478.26,bitcoin
2021-03-27,55055.43,56606.78,53991.0,55863.73,1514783182.02,bitcoin
2021-03-28,55863.73,56561.55,54717.97,55781.01,1345583216.95,bitcoin
2021-03-29,55781.01,58413.9,54910.57,57626.1,2950020309.68,bitcoin
2021-03-30,57626.1,59402.27,57055.21,58781.54,2064647135.86,bitcoin
2021-03-31,58781.54,59818.5,56918.81,58793.8,2727194335.71,bitcoin
2021-04-01,58793.8,59469.45,57949.11,58730.82,1648724834.05,bitcoin
2021-04-02,58730.82,60061.51,58458.46,58987.8,1765524921.41,bitcoin
2021-04-03,58987.8,59770.87,56958.04,57074.97,1470430519.81,bitcoin
2021-04-04,57074.97,58493.73,56493.38,58219.43,1093079652.2,bitcoin
2021-04-05,58219.43,59235.68,56833.44,59119.56,1439529332.47,bitcoin
2021-04-06,59119.56,59464.31,57369.44,58010.35,1535666142.46,bitcoin
2021-04-07,58010.35,58628.19,55467.58,55951.98,2855410824.81,bitcoin
2021-04-08,55951.98,58150.23,55711.07,58084.46,1458096433.7,bitcoin
2021-04-09,58084.46,58881.94,57694.22,58106.85,1241735091.75,bitcoin
2021-04-10,58106.85,61193.5,57885.43,59784.8,2322058695.22,bitcoin
2021-04-11,59784.8,60673.37,59218.25,59980.45,1218894531.01,bitcoin
2021-04-12,59980.45,61233.29,59421.37,59845.76,1913098388.79,bitcoin
2021-04-13,59845.76,63682.32,59811.31,63558.48,3299086696.94,bitcoin
2021-04-14,63558.48,64859.81,61312.98,62964.27,4066819695.96,bitcoin
2021-04-15,62964.27,63826.89,62038.33,63233.03,2146219571.03,bitcoin
2021-04-16,63233.03,63567.11,60048.13,61416.41,3544777400.64,bitcoin
2021-04-17,61416.41,62541.21,59712.92,60056.07,2093039585.66,bitcoin
2021-04-18,60056.07,60393.33,52785.1,56246.82,6264051811.58,bitcoin
2021-04-19,56246.82,57590.64,54291.08,55680.11,2732647682.18,bitcoin
2021-04-20,55680.11,57101.05,53429.73,56496.06,3091319805.6,bitcoin
2021-04-21,56496.06,56801.94,53640.81,53803.25,2312255459.33,bitcoin
2021-04-22,53803.25,55458.61,50519.78,51717.61,4488994737.96,bitcoin
2021-04-23,51717.61,52112.75,47495.24,51178.03,5241192198.03,bitcoin
2021-04-24,51178.03,51223.86,48769.48,50115.99,1695108976.06,bitcoin
2021-04-25,50115.99,50576.4,47073.07,49120.97,2176241676.28,bitcoin
2021-04-26,49120.97,54389.71,48843.41,54062.29,3254396664.97,bitcoin
2021-04-27,54062.29,55490.94,53357.59,55073.48,2220077233.11,bitcoin
2021-04-28,55073.48,56461.55,53886.63,54877.94,2339383717.48,bitcoin
2021-04-29,54877.94,55217.24,52399.42,53581.58,2359198137.55,bitcoin
2021-04-30,53581.58,57984.34,53089.93,57757.97,2719315702.2,bitcoin
2021-05-01,57757.97,58498.65,57057.4,57843.16,1511783659.93,bitcoin
2021-05-02,57843.16,57934.82,56092.72,56623.51,1230710822.31,bitcoin
2021-05-03,56623.51,58963.84,56531.6,57195.07,2371465902.34,bitcoin
2021-05-04,57195.07,57226.81,53108.04,53244.07,3556756117.3,bitcoin
2021-05-05,53244.07,57944.11,52978.89,57506.88,3200062630.96,bitcoin
2021-05-06,57506.88,58392.76,55299.4,56441.94,2878647496.02,bitcoin
2021-05-07,56441.94,58695.29,55311.16,57374.33,2439662460.45,bitcoin
2021-05-08,57374.33,59521.69,56985.44,58943.13,2211507566.18,bitcoin
2021-05-09,58943.13,59276.99,56350.98,58294.18,2645394205.33,bitcoin
2021-05-10,58294.18,59587.03,54239.16,55870.01,4067497161.41,bitcoin
2021-05-11,55870.01,56928.37,54490.38,56747.52,2395231325.24,bitcoin
2021-05-12,56747.52,58005.44,49182.89,49504.08,4035173480.67,bitcoin
2021-05-13,49504.08,51377.99,47029.73,49700.6,5919941739.84,bitcoin
2021-05-14,49700.6,51554.66,48910.06,49887.96,2156016499.66,bitcoin
2021-05-15,49887.96,50710.05,46606.18,46775.29,2591003797.63,bitcoin
2021-05-16,46775.29,49808.83,43918.69,46490.71,3693969204.75,bitcoin
2021-05-17,46490.71,46665.19,42130.83,43552.14,5896147491.21,bitcoin
2021-05-18,43552.14,45819.36,42309.39,42886.02,3159184422.64,bitcoin
2021-05-19,42886.02,43564.34,29925.2,36771.87,11120220854.77,bitcoin
2021-05-20,36771.87,42520.03,35009.25,40597.4,5531454912.79,bitcoin
2021-05-21,40597.4,42252.07,33552.8,37350.39,4573692788.95,bitcoin
2021-05-22,37350.39,38841.92,35287.71,37491.5,2808008188.27,bitcoin
2021-05-23,37491.5,38304.55,31157.18,34716.84,4494413873.1,bitcoin
2021-05-24,34716.84,39945.35,34467.32,38837.76,3981461441.04,bitcoin
2021-05-25,38837.76,39842.9,36509.09,38387.36,2529569055.97,bitcoin
2021-05-26,38387.36,40854.81,37855.81,39295.08,2607759779.42,bitcoin
2021-05-27,39295.08,40408.95,37211.84,38538.84,1804036815.09,bitcoin
2021-05-28,38538.84,38879.6,34733.76,35680.92,3104364367.82,bitcoin
2021-05-29,35680.92,37307.1,33666.06,34611.58,2127790128.94,bitcoin
2021-05-30,34611.58,36481.62,33400.65,35662.59,1325408340.1,bitcoin
2021-05-31,35662.59,37512.8,34202.86,37290.83,1821662523.97,bitcoin
2021-06-01,37290.83,37910.19,35733.52,36683.51,1626268789.21,bitcoin
2021-06-02,36683.51,38225.18,35935.34,37576.98,1494571249.19,bitcoin
2021-06-03,37576.98,39482.46,37199.92,39229.66,1586641442.02,bitcoin
2021-06-04,39229.66,39273.49,35617.03,36861.5,1837944242.33,bitcoin
2021-06-05,36861.5,37911.76,34846.16,35538.4,1444088532.56,bitcoin
2021-06-06,35538.4,36453.81,35264.34,35798.57,986275148.28,bitcoin
2021-06-07,35798.57,36790.39,33367.12,33582.86,1850311020.63,bitcoin
2021-06-08,33582.86,34061.09,31034.35,33409.38,2890313261.68,bitcoin
2021-06-09,33409.38,37528.42,32435.18,37391.58,3249553573.38,bitcoin
2021-06-10,37391.58,38387.2,35821.05,36680.78,2338112083.52,bitcoin
2021-06-11,36680.78,37665.85,35981.84,37339.98,1596038876.7,bitcoin
2021-06-12,37339.98,37445.32,34655.21,35541.78,1450138289.51,bitcoin
2021-06-13,35541.78,39374.68,34802.24,39017.37,1727291768.5,bitcoin
2021-06-14,39017.37,41025.42,38755.79,40526.63,2740589573.6,bitcoin
2021-06-15,40526.63,41307.06,39526.69,40161.86,1943860792.12,bitcoin
2021-06-16,40161.86,40487.98,38122.04,38345.41,1883613058.48,bitcoin
2021-06-17,38345.41,39537.42,37386.57,38082.3,1599770630.8,bitcoin
2021-06-18,38082.3,38201.23,35158.89,35830.29,2207651943.63,bitcoin
2021-06-19,35830.29,36443.26,34863.17,35515.38,1601193146.33,bitcoin
2021-06-20,35515.38,36139.95,33377.82,35602.26,1964614466.35,bitcoin
2021-06-21,35602.26,35760.61,31284.7,31652.62,3650731161.39,bitcoin
2021-06-22,31652.62,33312.87,28908.07,32537.58,4060734244.07,bitcoin
2021-06-23,32537.58,34831.93,31790.02,33678.64,2037061709.14,bitcoin
2021-06-24,33678.64,35267.23,32340.83,34649.84,1311147481.02,bitcoin
2021-06-25,34649.84,35494.5,31290.25,31593.86,3027434524.39,bitcoin
2021-06-26,31593.86,32680.58,30190.9,32307.35,1826363014.48,bitcoin
2021-06-27,32307.35,34754.5,32031.15,34713.81,2002954688.79,bitcoin
2021-06-28,34713.81,35292.57,33890.86,34487.11,1424168416.33,bitcoin
2021-06-29,34487.11,36624.75,34243.82,35901.41,1578253520.29,bitcoin
2021-06-30,35901.41,36090.37,34062.04,35056.39,1388243727.19,bitcoin
2021-07-01,35056.39,35065.41,32757.33,33543.11,1238732543.23,bitcoin
2021-07-02,33543.11,33968.47,32715.18,33804.54,1102040372.36,bitcoin
2021-07-03,33804.54,34944.91,33333.05,34682.84,595117204.83,bitcoin
2021-07-04,34682.84,35945.36,34390.95,35287.97,563891553.21,bitcoin
2021-07-05,35287.97,35290.8,33151.51,33702.79,1072690410.4,bitcoin
2021-07-06,33702.79,35096.65,33558.75,34237.66,1123145329.6,bitcoin
2021-07-07,34237.66,35066.82,33807.42,33880.79,752074468.65,bitcoin
2021-07-08,33880.79,33934.31,32108.68,32874.01,1573967671.27,bitcoin
2021-07-09,32874.01,34076.49,32274.31,33804.2,853165387.13,bitcoin
2021-07-10,33804.2,34253.5,33030.16,33515.13,651899496.99,bitcoin
2021-07-11,33515.13,34595.69,33335.4,34249.3,533337900.01,bitcoin
2021-07-12,34249.3,34658.46,32660.38,33088.51,1039311244.06,bitcoin
2021-07-13,33088.51,33335.54,32206.14,32737.47,837278173.94,bitcoin
2021-07-14,32737.47,33099.2,31601.99,32820.5,883070516.73,bitcoin
2021-07-15,32820.5,33188.54,31133.75,31867.46,1073939852.55,bitcoin
2021-07-16,31867.46,32256.94,31046.14,31401.76,812765644.4,bitcoin
2021-07-17,31401.76,31966.25,31194.16,31546.64,881285396.92,bitcoin
2021-07-18,31546.64,32446.17,31131.67,31806.3,796652696.45,bitcoin
2021-07-19,31806.3,31907.17,30487.11,30847.55,1179342118.61,bitcoin
2021-07-20,30847.55,31063.88,29320.09,29795.55,1291958152.32,bitcoin
2021-07-21,29795.55,32814.13,29513.88,32139.48,1538668590.41,bitcoin
2021-07-22,32139.48,32604.4,31738.48,32299.47,785311959.3,bitcoin
2021-07-23,32299.47,33637.93,32012.62,33637.92,765209760.41,bitcoin
2021-07-24,33637.92,34519.75,33429.09,34282.56,686017155.75,bitcoin
2021-07-25,34282.56,35382.63,33892.36,35369.93,781929775.48,bitcoin
2021-07-26,35369.93,40553.85,35270.24,37269.52,3840983132.28,bitcoin
2021-07-27,37269.52,39535.5,36422.45,39496.69,2197490232.78,bitcoin
2021-07-28,39496.69,40906.09,38809.89,40030.01,2662886395.8,bitcoin
2021-07-29,40030.01,40633.62,39281.83,40030.52,1257968294.92,bitcoin
2021-07-30,40030.52,42301.76,38346.18,42231.83,1698014609.78,bitcoin
2021-07-31,42231.83,42373.59,41065.61,41474.72,1056705603.97,bitcoin
2021-08-01,41474.72,42584.65,39471.54,39870.76,1385907257.88,bitcoin
2021-08-02,39870.76,40446.6,38698.01,39158.53,1308894644.03,bitcoin
2021-08-03,39158.53,39779.45,37679.22,38189.3,1466921591.54,bitcoin
2021-08-04,38189.3,39961.11,37526.24,39738.56,1318983897.48,bitcoin
2021-08-05,39738.56,41409.14,37330.04,40888.18,2357831521.97,bitcoin
2021-08-06,40888.18,43363.62,39895.05,42852.18,2009167763.65,bitcoin
2021-08-07,42852.18,44731.51,42473.57,44617.96,2199730007.61,bitcoin
2021-08-08,44617.96,45310.33,43300.59,43827.75,1745878741.47,bitcoin
2021-08-09,43827.75,46476.01,42818.07,46292.61,2219734084.88,bitcoin
2021-08-10,46292.61,46707.56,44663.2,45601.03,1609844198.85,bitcoin
2021-08-11,45601.03,46763.89,45360.51,45556.69,1421598811.69,bitcoin
2021-08-12,45556.69,46214.21,43786.4,44425.52,1588850342.27,bitcoin
2021-08-13,44425.52,47890.79,44260.38,47832.93,1595718853.28,bitcoin
2021-08-14,47832.93,48136.25,46049.28,47102.03,1120499538.82,bitcoin
2021-08-15,47102.03,47390.93,45595.22,47015.94,836663894.85,bitcoin
2021-08-16,47015.94,48064.42,45681.1,45927.4,1332377363.69,bitcoin
2021-08-17,45927.4,47100.97,44438.79,44684.43,1700658063.3,bitcoin
2021-08-18,44684.43,46024.97,44240.9,44714.54,1377529230.43,bitcoin
2021-08-19,44714.54,47044.06,43982.21,46761.49,1511027965.43,bitcoin
2021-08-20,46761.49,49377.5,46652.0,49336.45,1742574002.38,bitcoin
2021-08-21,49336.45,49809.82,48330.03,48867.87,1125508731.91,bitcoin
2021-08-22,48867.87,49512.19,48119.98,49289.71,822323898.98,bitcoin
2021-08-23,49289.71,50513.83,49048.25,49521.06,1515250474.77,bitcoin
2021-08-24,49521.06,49859.97,47580.66,47690.54,1399185980.56,bitcoin
2021-08-25,47690.54,49257.74,47135.07,48996.44,1208134772.96,bitcoin
2021-08-26,48996.44,49358.2,46456.68,46852.22,1618461768.41,bitcoin
2021-08-27,46852.22,49166.31,46376.81,49088.1,1331637984.84,bitcoin
2021-08-28,49088.1,49306.47,48386.9,48918.9,626553869.3,bitcoin
2021-08-29,48918.9,49653.49,47841.49,48794.26,924625515.76,bitcoin
2021-08-30,48794.26,48878.11,46872.47,46993.31,1392617744.31,bitcoin
2021-08-31,46993.31,48252.74,46713.72,47159.26,1418199668.83,bitcoin
2021-09-01,47159.26,49062.05,46544.74,48840.01,1520961266.36,bitcoin
2021-09-02,48840.01,50374.89,48632.7,49280.77,1615790894.94,bitcoin
2021-09-03,49280.77,51056.15,48362.56,50019.51,1926045807.12,bitcoin
2021-09-04,50019.51,50549.35,49501.12,49935.29,839888927.54,bitcoin
2021-09-05,49935.29,51890.18,49499.28,51784.16,1084416553.08,bitcoin
2021-09-06,51784.16,52766.16,51035.68,52693.32,1328373298.0,bitcoin
2021-09-07,52693.32,52919.24,43904.42,46856.31,4055873734.71,bitcoin
2021-09-08,46856.31,47362.35,44475.76,46073.45,2105187289.07,bitcoin
2021-09-09,46073.45,47335.29,45572.3,46392.85,1499767099.51,bitcoin
2021-09-10,46392.85,47026.67,44198.27,44853.1,1631276774.64,bitcoin
2021-09-11,44853.1,45987.63,44741.98,45166.12,662298068.85,bitcoin
2021-09-12,45166.12,46403.5,44765.82,46049.72,747181260.09,bitcoin
2021-09-13,46049.72,46821.84,43511.3,44958.56,1909473369.72,bitcoin
2021-09-14,44958.56,47263.56,44776.37,47129.01,1237183544.6,bitcoin
2021-09-15,47129.01,48457.3,46725.15,48148.45,1282942628.56,bitcoin
2021-09-16,48148.45,48498.51,47050.55,47764.47,1229076140.65,bitcoin
2021-09-17,47764.47,48172.36,46770.31,47297.98,899242093.44,bitcoin
2021-09-18,47297.98,48808.0,47066.47,48312.46,761079785.11,bitcoin
2021-09-19,48312.46,48376.3,46864.5,47251.76,668723282.36,bitcoin
2021-09-20,47251.76,47340.49,42552.63,42925.46,2849781014.82,bitcoin
2021-09-21,42925.46,43625.93,39767.17,40709.59,2972565920.07,bitcoin
2021-09-22,40709.59,44012.22,40589.07,43576.15,1807576533.35,bitcoin
2021-09-23,43576.15,44994.17,43108.42,44893.87,1522818255.74,bitcoin
2021-09-24,44893.87,45143.18,40807.2,42848.41,2565373998.35,bitcoin
2021-09-25,42848.41,42992.94,41710.08,42721.91,767641976.96,bitcoin
2021-09-26,42721.91,43928.49,40825.4,43201.79,1187820024.18,bitcoin
2021-09-27,43201.79,44360.41,42139.24,42187.51,1140232492.25,bitcoin
2021-09-28,42187.51,42781.24,40924.13,41056.79,1335757058.57,bitcoin
2021-09-29,41056.79,42603.18,40790.67,41539.43,1100252801.68,bitcoin
2021-09-30,41539.43,44106.6,41436.79,43829.34,1469981944.79,bitcoin
2021-10-01,43829.34,48470.13,43304.82,48164.35,2498575570.28,bitcoin
2021-10-02,48164.35,48347.69,47468.49,47669.02,769022184.37,bitcoin
2021-10-03,47669.02,49185.34,47137.07,48234.05,895606844.23,bitcoin
2021-10-04,48234.05,49501.21,46944.28,49276.91,1664027525.19,bitcoin
2021-10-05,49276.91,51885.03,49087.72,51504.27,2049372160.16,bitcoin
2021-10-06,51504.27,55656.67,50439.32,55345.85,3444996109.53,bitcoin
2021-10-07,55343.24,55359.77,53391.93,53797.21,1836529821.85,bitcoin
2021-10-08,53796.22,56047.91,53666.09,53949.29,1592265868.06,bitcoin
2021-10-09,53949.29,55485.2,53696.32,54968.04,799607238.61,bitcoin
2021-10-10,54968.04,56473.63,54131.52,54700.24,1276001425.96,bitcoin
2021-10-11,54700.24,57825.98,54448.68,57498.8,1805863526.52,bitcoin
2021-10-12,57498.8,57646.93,54098.22,56010.9,1913353762.18,bitcoin
2021-10-13,56010.9,57768.98,54279.61,57369.0,1906230334.0,bitcoin
2021-10-14,57369.0,58514.76,56854.38,57359.21,1617497364.76,bitcoin
2021-10-15,57359.21,62889.98,56885.66,61684.96,3737889743.83,bitcoin
2021-10-16,61684.96,62341.46,60153.79,60877.77,1404879137.37,bitcoin
2021-10-17,60877.77,61698.1,59050.3,61520.54,1414498881.98,bitcoin
2021-10-18,61520.54,62662.72,59925.93,62038.16,3113486441.7,bitcoin
2021-10-19,62038.16,64468.7,61410.11,64283.97,2706420467.09,bitcoin
2021-10-20,64283.97,66980.66,63543.7,66021.02,2978059285.56,bitcoin
2021-10-21,66021.02,66645.73,62076.16,62283.96,3962470063.85,bitcoin
2021-10-22,62283.96,63731.17,60017.23,60693.59,2504718475.2,bitcoin
2021-10-23,60693.59,61733.43,59705.11,61313.09,990360071.85,bitcoin
2021-10-24,61313.09,61481.25,59529.34,60863.56,1158838824.68,bitcoin
2021-10-25,60863.56,63709.97,60658.35,63089.04,1549308691.98,bitcoin
2021-10-26,63089.04,63290.04,59868.68,60315.68,1738003094.57,bitcoin
2021-10-27,60315.68,61473.0,58128.18,58464.42,2719093218.08,bitcoin
2021-10-28,58464.42,62252.08,58145.43,60610.11,3090102767.38,bitcoin
2021-10-29,60610.11,62967.45,60269.97,62282.5,2168021242.77,bitcoin
2021-10-30,62282.5,62371.52,60774.38,61891.91,979987095.61,bitcoin
2021-10-31,61891.91,62420.57,60022.06,61349.75,1181933822.61,bitcoin
2021-11-01,61349.75,62482.31,59554.88,60960.98,1955088666.05,bitcoin
2021-11-02,60960.98,64283.57,60677.48,63260.05,2260756044.28,bitcoin
2021-11-03,63260.05,63553.52,61057.89,62929.93,1852233940.61,bitcoin
2021-11-04,62929.93,63102.86,60745.84,61448.47,1420765190.91,bitcoin
2021-11-05,61448.47,62621.97,60789.16,61019.66,1262030165.48,bitcoin
2021-11-06,61019.66,61594.16,60130.85,61529.76,939530051.87,bitcoin
2021-11-07,61529.76,63309.57,61406.56,63302.78,929571983.79,bitcoin
2021-11-08,63302.78,67755.46,63302.78,67549.14,2614939972.01,bitcoin
2021-11-09,67549.14,68514.26,66312.42,66939.24,2209551778.82,bitcoin
2021-11-10,66939.24,68978.64,63196.25,64926.06,3365466815.36,bitcoin
2021-11-11,64926.06,65585.68,64130.37,64820.8,1393819061.45,bitcoin
2021-11-12,64820.8,65466.0,62315.02,64156.3,2090846686.0,bitcoin
2021-11-13,64156.3,64967.34,63406.98,64409.56,815997863.99,bitcoin
2021-11-14,64409.56,65509.06,63616.33,65509.06,947303706.23,bitcoin
2021-11-15,65509.06,66335.42,63442.58,63614.06,1639253320.63,bitcoin
2021-11-16,63614.06,63614.53,58745.71,60108.9,3740808475.72,bitcoin
2021-11-17,60108.9,60837.09,58566.05,60365.6,2582737930.61,bitcoin
2021-11-18,60365.6,60964.37,56535.61,56930.68,3718546724.95,bitcoin
2021-11-19,56930.68,58403.92,55655.03,58136.22,2107344590.7,bitcoin
2021-11-20,58136.22,59901.9,57450.63,59769.66,985075173.7,bitcoin
2021-11-21,59769.66,60058.65,58575.6,58700.83,888045056.17,bitcoin
2021-11-22,58700.83,59391.98,55673.01,56303.06,2371226089.18,bitcoin
2021-11-23,56303.06,57873.77,55485.59,57566.6,2153848949.04,bitcoin
2021-11-24,57566.6,57740.34,55899.88,57175.09,1630017073.7,bitcoin
2021-11-25,57175.09,59437.04,57056.64,58966.99,1412787308.46,bitcoin
2021-11-26,58966.99,59201.95,53575.54,53788.22,3312563227.95,bitcoin
2021-11-27,53788.22,55316.65,53668.95,54805.03,1010585542.47,bitcoin
2021-11-28,54805.03,57475.26,53436.05,57331.41,1186994646.57,bitcoin
2021-11-29,57331.41,58898.57,56752.37,57839.55,1690005715.85,bitcoin
2021-11-30,57839.55,59226.33,55931.33,56975.35,2383744473.31,bitcoin
2021-12-01,56975.35,59096.53,56505.99,57227.97,2072824070.98,bitcoin
2021-12-02,57227.97,57409.48,55850.4,56522.76,1712170975.38,bitcoin
2021-12-03,56522.76,57639.15,52493.23,53663.25,2461497753.56,bitcoin
2021-12-04,53663.25,53871.2,43563.07,49243.39,4315348557.56,bitcoin
2021-12-05,49243.39,49764.31,47840.63,49465.5,2074283149.33,bitcoin
2021-12-06,49465.5,50986.02,47260.2,50552.83,2437856119.9,bitcoin
2021-12-07,50552.83,51953.27,50083.33,50633.01,1496164576.66,bitcoin
2021-12-08,50633.01,51215.6,48711.85,50513.04,1290175070.3,bitcoin
2021-12-09,50513.04,50829.41,47347.73,47593.85,1681556175.72,bitcoin
2021-12-10,47593.85,50047.85,46989.42,47191.14,1905617871.17,bitcoin
2021-12-11,47191.14,49504.07,46829.85,49398.4,1181186604.23,bitcoin
2021-12-12,49398.4,50807.75,48689.25,50109.99,1072562349.4,bitcoin
2021-12-13,50109.99,50215.42,45800.52,46731.03,2353893179.4,bitcoin
2021-12-14,46731.03,48665.63,46320.4,48387.69,1646492085.28,bitcoin
2021-12-15,48387.69,49499.91,46562.1,48885.05,2132679583.02,bitcoin
2021-12-16,48885.05,49451.4,47546.15,47635.92,1271265804.99,bitcoin
2021-12-17,47635.92,48004.37,45505.02,46164.14,1756062773.63,bitcoin
2021-12-18,46164.14,47356.67,45522.92,46861.62,874187163.05,bitcoin
2021-12-19,46861.62,48286.29,46459.66,46697.13,1035963939.83,bitcoin
2021-12-20,46697.13,47495.72,45586.49,46913.54,1517599333.73,bitcoin
2021-12-21,46913.54,49334.04,46661.88,48917.48,1546447524.57,bitcoin
2021-12-22,48917.48,49581.41,48460.43,48614.97,1028434929.44,bitcoin
2021-12-23,48614.97,51382.88,48062.25,50830.2,1525047125.27,bitcoin
2021-12-24,50830.2,51863.56,50449.36,50840.36,1107244995.18,bitcoin
2021-12-25,50840.36,51158.56,50199.56,50431.63,585818997.15,bitcoin
2021-12-26,50431.63,51283.7,49485.62,50790.88,736617761.86,bitcoin
2021-12-27,50790.88,52079.46,50481.26,50714.73,1120188136.96,bitcoin
2021-12-28,50714.73,50718.53,47317.78,47536.39,1985905082.17,bitcoin
2021-12-29,47536.39,48145.34,46107.79,46471.7,1599557104.64,bitcoin
2021-12-30,46471.7,47917.89,45964.28,47129.66,1852206857.29,bitcoin
2021-12-31,47129.66,48573.22,45665.44,46197.31,1636014399.31,bitcoin
2022-01-01,46197.31,47950.29,46196.03,47737.35,786729972.03,bitcoin
2022-01-02,47737.35,47979.26,46666.18,47306.41,615453426.93,bitcoin
2022-01-03,47306.41,47572.23,45707.55,46450.79,1011309525.84,bitcoin
2022-01-04,46450.79,47529.48,45587.91,45824.54,1349229422.84,bitcoin
2022-01-05,45824.54,47067.18,42510.86,43432.51,2152187256.39,bitcoin
2022-01-06,43432.51,43779.23,42468.76,43094.54,1585314774.47,bitcoin
2022-01-07,43094.54,43138.79,40750.42,41543.79,2146452950.19,bitcoin
2022-01-08,41543.79,42306.77,40534.37,41686.67,1143171232.86,bitcoin
2022-01-09,41686.67,42800.66,41237.13,41869.6,901652458.82,bitcoin
2022-01-10,41869.6,42251.07,39667.6,41832.59,2140270933.32,bitcoin
2022-01-11,41832.59,43122.32,41279.45,42743.03,1545270650.68,bitcoin
2022-01-12,42743.03,44293.83,42471.08,43919.67,1384575768.8,bitcoin
2022-01-13,43919.67,44442.67,42334.75,42575.61,1263083590.1,bitcoin
2022-01-14,42575.61,43467.05,41785.44,43089.83,1165100829.55,bitcoin
2022-01-15,43089.83,43811.94,42589.82,43088.74,607715303.39,bitcoin
2022-01-16,43088.74,43484.21,42617.07,43100.36,543620929.25,bitcoin
2022-01-17,43100.36,43198.05,41571.67,42224.38,861459661.83,bitcoin
2022-01-18,42224.38,42682.77,41301.01,42372.75,1099916846.37,bitcoin
2022-01-19,42372.75,42575.28,41144.83,41674.8,1359832054.32,bitcoin
2022-01-20,41674.8,43513.14,40564.32,40697.03,1482814889.83,bitcoin
2022-01-21,40697.03,41116.66,35494.42,36469.3,3610621840.61,bitcoin
2022-01-22,36469.3,36811.86,34130.35,35075.92,2419705021.17,bitcoin
2022-01-23,35075.92,36539.19,34648.38,36288.15,1405386710.59,bitcoin
2022-01-24,36288.15,37469.19,32990.72,36702.79,3289034581.3,bitcoin
2022-01-25,36702.79,37555.35,35732.05,36975.99,1632275610.85,bitcoin
2022-01-26,36975.99,38930.36,36275.92,36829.37,2163384356.61,bitcoin
2022-01-27,36829.37,37242.79,35543.94,37189.85,1671118834.49,bitcoin
2022-01-28,37189.85,38021.06,36176.78,37744.7,1439590445.61,bitcoin
2022-01-29,37744.7,38728.29,37343.45,38184.86,913551592.58,bitcoin
2022-01-30,38184.86,38364.51,37377.53,37908.44,658154943.17,bitcoin
2022-01-31,37908.44,38769.81,36660.7,38494.66,1310842543.43,bitcoin
2022-02-01,38494.66,39281.06,38033.98,38721.49,1255765239.87,bitcoin
2022-02-02,38721.49,38883.19,36650.8,36918.19,1099971099.08,bitcoin
2022-02-03,36918.19,37411.52,36270.47,37328.64,1012101574.73,bitcoin
2022-02-04,37328.64,41737.83,37060.18,41590.34,1978064223.39,bitcoin
2022-02-05,41590.34,41954.24,40963.47,41418.21,923755180.09,bitcoin
2022-02-06,41418.21,42671.81,41152.05,42412.41,600848486.11,bitcoin
2022-02-07,42412.41,44518.11,41689.77,43861.07,1836978530.57,bitcoin
2022-02-08,43861.07,45483.65,42704.39,44080.12,1972336800.82,bitcoin
2022-02-09,44080.12,44849.9,43167.21,44422.91,1207982275.77,bitcoin
2022-02-10,44422.91,45837.02,43254.41,43531.67,2027452816.67,bitcoin
2022-02-11,43531.67,43950.88,42010.61,42398.98,1694547021.08,bitcoin
2022-02-12,42398.98,43041.72,41775.79,42239.01,747480841.84,bitcoin
2022-02-13,42239.01,42773.35,41900.31,42069.84,525779246.0,bitcoin
2022-02-14,42069.84,42857.15,41581.41,42552.28,1183004344.86,bitcoin
2022-02-15,42552.28,44771.91,42452.02,44576.33,1210638166.2,bitcoin
2022-02-16,44576.33,44583.03,43361.09,43896.34,905511530.54,bitcoin
2022-02-17,43896.34,44187.88,40104.04,40545.09,1669164372.28,bitcoin
2022-02-18,40545.09,40980.65,39496.7,39994.66,1308787736.51,bitcoin
2022-02-19,39994.66,40464.62,39664.71,40107.12,467744109.72,bitcoin
2022-02-20,40107.12,40142.98,38019.97,38397.25,890707081.68,bitcoin
2022-02-21,38397.25,39495.33,36862.52,37037.39,1819938918.66,bitcoin
2022-02-22,37037.39,38458.26,36371.68,38267.75,1605539398.15,bitcoin
2022-02-23,38267.75,39260.51,37083.83,37270.85,1218156854.61,bitcoin
2022-02-24,37270.85,39182.44,34349.58,38353.62,3367553842.97,bitcoin
2022-02-25,38353.62,39710.26,38043.51,39239.77,1536575836.24,bitcoin
2022-02-26,39239.77,40228.13,38605.65,39134.83,732995982.54,bitcoin
2022-02-27,39134.83,39861.91,37039.71,37714.96,1184510440.64,bitcoin
2022-02-28,37714.96,43953.92,37473.3,43189.46,2231772118.95,bitcoin
2022-03-01,43189.46,44883.1,42893.5,44428.47,2121207162.06,bitcoin
2022-03-02,44428.47,45069.78,43387.92,43935.37,1652867992.22,bitcoin
2022-03-03,43935.37,44079.17,41852.46,42474.37,1565020513.9,bitcoin
2022-03-04,42474.37,42520.95,38621.24,39154.4,2043287977.87,bitcoin
2022-03-05,39154.4,39596.42,38652.98,39407.02,624289503.91,bitcoin
2022-03-06,39407.02,39686.74,38133.84,38428.92,818379145.11,bitcoin
2022-03-07,38428.92,39536.14,37191.99,38030.63,1547870219.6,bitcoin
2022-03-08,38030.63,39361.33,37905.43,38748.52,1373819361.89,bitcoin
2022-03-09,38748.52,42557.95,38685.96,41962.85,1960521974.24,bitcoin
2022-03-10,41962.85,42043.56,38853.45,39443.42,1683595949.7,bitcoin
2022-03-11,39443.42,40221.93,38261.24,38741.03,1527385235.35,bitcoin
2022-03-12,38741.03,39414.02,38696.52,38805.53,464694957.41,bitcoin
2022-03-13,38805.53,39254.88,37633.11,37796.31,687723583.56,bitcoin
2022-03-14,37796.31,39802.89,37566.52,39696.28,1245884221.15,bitcoin
2022-03-15,39696.28,39863.78,38259.88,39314.86,1196862773.71,bitcoin
2022-03-16,39314.86,41638.54,38933.24,41133.64,2217384588.25,bitcoin
2022-03-17,41133.64,41441.08,40581.36,40956.79,736387236.02,bitcoin
2022-03-18,40956.79,42250.94,40230.1,41790.97,1310605069.99,bitcoin
2022-03-19,41790.97,42367.55,41549.61,42235.02,638860853.99,bitcoin
2022-03-20,42235.02,42297.3,40979.25,41243.16,647551620.15,bitcoin
2022-03-21,41243.16,41510.03,40555.57,41043.9,897693606.33,bitcoin
2022-03-22,41043.9,43287.39,40923.9,42380.11,1597913842.6,bitcoin
2022-03-23,42380.11,43021.74,41806.4,42904.1,1116852856.74,bitcoin
2022-03-24,42904.1,44230.66,42653.71,44006.77,1514036890.73,bitcoin
2022-03-25,44006.77,45112.71,43629.05,44331.36,1529847572.88,bitcoin
2022-03-26,44331.36,44811.3,44108.04,44542.31,513402297.27,bitcoin
2022-03-27,44542.31,46896.6,44449.41,46842.14,1035071605.98,bitcoin
2022-03-28,46842.14,48208.48,46669.19,47128.71,1697234773.76,bitcoin
2022-03-29,47128.71,48054.67,47018.87,47445.3,1324122253.95,bitcoin
2022-03-30,47445.3,47690.62,46606.97,47056.41,1158606188.62,bitcoin
2022-03-31,47056.41,47599.87,45220.41,45522.65,1350600519.47,bitcoin
2022-04-01,45522.65,46726.2,44256.66,46299.75,1558891962.07,bitcoin
2022-04-02,46299.75,47208.84,45655.15,45822.28,765849775.02,bitcoin
2022-04-03,45822.28,47432.6,45565.57,46414.26,809819360.86,bitcoin
2022-04-04,46414.26,46893.71,45136.03,46609.36,1145480471.77,bitcoin
2022-04-05,46609.36,47187.66,45382.83,45501.58,1118296319.71,bitcoin
2022-04-06,45501.58,45518.32,43129.76,43177.78,1918395755.34,bitcoin
2022-04-07,43177.78,43894.7,42766.45,43466.21,989892880.8,bitcoin
2022-04-08,43466.21,43982.39,42123.42,42273.38,1098738940.21,bitcoin
2022-04-09,42273.38,42813.04,42136.04,42768.61,384171498.87,bitcoin
2022-04-10,42768.61,43442.48,41921.59,42153.77,549311405.43,bitcoin
2022-04-11,42153.77,42422.86,39229.4,39536.71,1423397890.93,bitcoin
2022-04-12,39536.71,40673.93,39266.86,40086.66,1087667635.69,bitcoin
2022-04-13,40086.66,41538.17,39591.74,41150.33,990022174.31,bitcoin
2022-04-14,41150.33,41503.56,39587.14,39951.63,870654332.34,bitcoin
2022-04-15,39951.63,40800.76,39779.2,40563.69,561514975.78,bitcoin
2022-04-16,40563.69,40698.01,40019.08,40392.55,313875941.14,bitcoin
2022-04-17,40392.55,40602.63,39563.9,39688.16,389893199.53,bitcoin
2022-04-18,39688.16,41096.46,38569.14,40811.03,1101204133.54,bitcoin
2022-04-19,40811.03,41755.93,40588.12,41504.44,768239204.72,bitcoin
2022-04-20,41504.44,42208.1,40919.04,41375.35,1072814871.19,bitcoin
2022-04-21,41375.35,42996.5,39864.73,40490.97,1324052657.83,bitcoin
2022-04-22,40490.97,40794.73,39190.22,39716.04,1154693915.31,bitcoin
2022-04-23,39716.04,39988.54,39305.67,39445.97,455659637.8,bitcoin
2022-04-24,39445.97,39943.44,39044.29,39466.26,501272140.43,bitcoin
2022-04-25,39466.26,40590.8,38234.7,40437.52,1514243711.31,bitcoin
2022-04-26,40437.52,40797.85,37726.59,38117.39,1492483889.14,bitcoin
2022-04-27,38117.39,39465.62,37900.6,39252.04,1341340920.21,bitcoin
2022-04-28,39252.04,40386.5,38892.1,39749.75,1188927763.73,bitcoin
2022-04-29,39749.75,39922.6,38179.15,38594.22,964020058.19,bitcoin
2022-04-30,38594.22,38788.01,37607.77,37650.13,525291276.33,bitcoin
2022-05-01,37650.13,38668.0,37461.76,38480.53,659030267.75,bitcoin
2022-05-02,38480.53,39155.96,38057.31,38513.01,1152557748.76,bitcoin
2022-05-03,38513.01,38644.5,37519.23,37725.38,1095654277.96,bitcoin
2022-05-04,37725.38,40004.37,37665.8,39680.21,1426469839.29,bitcoin
2022-05-05,39680.21,39831.19,35616.74,36546.86,1920976838.73,bitcoin
2022-05-06,36546.86,36654.02,35318.86,36009.89,1682230363.22,bitcoin
2022-05-07,36009.89,36129.02,34837.06,35469.21,713980596.97,bitcoin
2022-05-08,35469.21,35503.12,33732.4,34033.77,1413921299.77,bitcoin
2022-05-09,34033.77,34229.57,30068.1,30076.9,3472851115.69,bitcoin
2022-05-10,30076.9,32625.41,29836.19,31013.12,3244062170.09,bitcoin
2022-05-11,31013.12,32136.04,28087.41,29017.21,3967102738.94,bitcoin
2022-05-12,29017.21,30085.67,25835.61,28915.72,4501368166.33,bitcoin
2022-05-13,28915.72,30964.26,28700.17,29244.83,1942170683.15,bitcoin
2022-05-14,29244.83,30274.18,28588.99,30050.31,845013800.63,bitcoin
2022-05-15,30050.31,31406.35,29462.91,31296.11,810199953.22,bitcoin
2022-05-16,31296.11,31296.19,29104.45,29838.5,1242326194.24,bitcoin
2022-05-17,29838.5,30744.47,29434.76,30415.91,1000070390.57,bitcoin
2022-05-18,30415.91,30673.66,28610.2,28667.29,1322816665.45,bitcoin
2022-05-19,28667.29,30505.0,28653.17,30282.48,1453211639.97,bitcoin
2022-05-20,30282.48,30725.44,28698.31,29166.15,1692088244.46,bitcoin
2022-05-21,29166.15,29613.15,28924.28,29410.72,462392582.18,bitcoin
2022-05-22,29410.72,30454.36,29219.51,30264.29,639923811.62,bitcoin
2022-05-23,30264.29,30634.84,28861.27,29075.68,1147137210.63,bitcoin
2022-05-24,29075.68,29800.48,28629.55,29630.05,826118559.89,bitcoin
2022-05-25,29630.05,30189.17,29321.43,29508.27,800315804.06,bitcoin
2022-05-26,29508.27,29848.6,28060.72,29188.71,1314694988.34,bitcoin
2022-05-27,29188.71,29359.16,28251.91,28597.33,1054644721.04,bitcoin
2022-05-28,28597.33,29234.85,28504.59,29013.53,365397751.75,bitcoin
2022-05-29,29013.53,29548.72,28820.15,29452.23,374906552.33,bitcoin
2022-05-30,29452.23,32161.5,29287.63,31716.41,1426112899.49,bitcoin
2022-05-31,31716.41,32367.02,31203.31,31782.16,1028808882.28,bitcoin
2022-06-01,31782.16,31956.43,29324.1,29789.58,1343136773.16,bitcoin
2022-06-02,29789.58,30647.18,29574.16,30439.63,932339972.84,bitcoin
2022-06-03,30439.63,30676.7,29249.37,29680.3,734000142.92,bitcoin
2022-06-04,29680.3,29953.65,29466.57,29845.48,310298122.38,bitcoin
2022-06-05,29845.48,30151.31,29516.97,29897.9,311392830.2,bitcoin
2022-06-06,29897.9,31740.27,29876.22,31353.78,1076503583.85,bitcoin
2022-06-07,31353.78,31551.28,29210.15,31111.75,1340573593.65,bitcoin
2022-06-08,31111.75,31305.48,29839.64,30189.27,844411303.8,bitcoin
2022-06-09,30189.27,30677.87,29924.47,30082.94,620735850.86,bitcoin
2022-06-10,30082.94,30336.9,28839.92,29067.38,1133049950.35,bitcoin
2022-06-11,29067.38,29414.37,28105.18,28389.49,696986226.28,bitcoin
2022-06-12,28389.49,28519.32,26570.67,26587.35,1060464718.45,bitcoin
2022-06-13,26587.35,26871.6,21976.15,22471.59,4089411013.33,bitcoin
2022-06-14,22471.59,23214.28,20837.64,22118.37,2063908671.45,bitcoin
2022-06-15,22118.37,22743.84,20083.9,22566.73,2516136880.34,bitcoin
2022-06-16,22566.73,22961.17,20209.17,20372.85,1326876814.5,bitcoin
2022-06-17,20372.85,21330.5,20221.24,20432.26,1312456705.74,bitcoin
2022-06-18,20432.26,20722.69,17600.75,18954.25,1898530847.49,bitcoin
2022-06-19,18954.25,20776.87,17936.0,20553.48,1190970309.62,bitcoin
2022-06-20,20553.48,21016.02,19616.32,20550.91,995940744.76,bitcoin
2022-06-21,20550.91,21694.7,20339.03,20699.21,954292227.72,bitcoin
2022-06-22,20699.21,20862.67,19756.23,19956.16,1027725806.49,bitcoin
2022-06-23,19956.16,21195.95,19870.07,21098.41,836636021.34,bitcoin
2022-06-24,21098.41,21528.86,20717.47,21219.46,850728330.88,bitcoin
2022-06-25,21219.46,21587.06,20902.05,21474.19,459148971.07,bitcoin
2022-06-26,21474.19,21855.84,20968.82,21031.85,445023789.79,bitcoin
2022-06-27,21031.85,21505.42,20553.32,20718.16,643546203.12,bitcoin
2022-06-28,20718.16,21184.16,20179.52,20251.96,680727935.72,bitcoin
2022-06-29,20251.96,20402.7,19844.86,20094.16,751143299.02,bitcoin
2022-06-30,20094.16,20138.96,18622.86,19908.49,1084138608.25,bitcoin
2022-07-01,19908.49,20817.65,18952.12,19249.33,1220917103.86,bitcoin
2022-07-02,19249.33,19419.25,18965.44,19225.66,393018265.78,bitcoin
2022-07-03,19225.66,19617.18,18768.2,19294.21,430213883.45,bitcoin
2022-07-04,19294.21,20313.34,19036.44,20212.81,623812499.17,bitcoin
2022-07-05,20212.81,20725.51,19284.32,20158.69,931653558.35,bitcoin
2022-07-06,20158.69,20637.99,19749.93,20545.04,794040793.32,bitcoin
2022-07-07,20545.04,21840.22,20242.62,21611.8,1059807101.57,bitcoin
2022-07-08,21611.8,22377.17,21183.19,21592.65,1233183200.22,bitcoin
2022-07-09,21592.65,21942.8,21328.96,21582.17,455218724.75,bitcoin
2022-07-10,21582.17,21591.09,20671.26,20846.53,485593616.02,bitcoin
2022-07-11,20846.53,20852.04,19872.03,19944.25,756481179.49,bitcoin
2022-07-12,19944.25,20036.49,19230.29,19309.71,873486517.39,bitcoin
2022-07-13,19309.71,20274.83,18919.1,20230.81,1176644137.94,bitcoin
2022-07-14,20230.81,20869.51,19620.06,20577.38,1021414563.11,bitcoin
2022-07-15,20577.38,21185.15,20373.45,20827.27,747216252.44,bitcoin
2022-07-16,20827.27,21574.75,20481.02,21199.01,586102523.47,bitcoin
2022-07-17,21199.01,21658.47,20752.85,20792.81,544609266.04,bitcoin
2022-07-18,20792.81,22749.06,20760.73,22447.39,1466428849.49,bitcoin
2022-07-19,22447.39,23790.89,21588.2,23399.91,1796378775.92,bitcoin
2022-07-20,23399.91,24276.14,22923.14,23222.77,1752951921.32,bitcoin
2022-07-21,23222.77,23419.67,22348.64,23153.54,1201004931.31,bitcoin
2022-07-22,23153.54,23749.68,22513.01,22686.32,987692728.11,bitcoin
2022-07-23,22686.32,22997.6,21953.76,22452.14,577941932.27,bitcoin
2022-07-24,22452.14,23012.74,22270.07,22585.4,504031294.93,bitcoin
2022-07-25,22585.4,22660.92,21268.28,21305.59,940453686.83,bitcoin
2022-07-26,21305.59,21341.58,20733.24,21258.08,809969148.7,bitcoin
2022-07-27,21258.08,23101.9,21049.67,22960.19,1159394788.9,bitcoin
2022-07-28,22960.19,24196.42,22599.92,23855.65,1303025378.67,bitcoin
2022-07-29,23855.65,24416.37,23444.29,23769.15,1011106548.39,bitcoin
2022-07-30,23769.15,24619.11,23521.46,23646.03,778025187.47,bitcoin
2022-07-31,23646.03,24187.18,23243.11,23308.14,545406548.92,bitcoin
2022-08-01,23308.14,23504.29,22866.94,23271.57,730342406.93,bitcoin
2022-08-02,23271.57,23451.58,22668.87,22991.49,787698099.6,bitcoin
2022-08-03,22991.49,23615.71,22695.67,22825.25,1039306431.63,bitcoin
2022-08-04,22825.25,23228.89,22418.27,22622.99,835033359.1,bitcoin
2022-08-05,22622.99,23473.92,22590.7,23319.22,1166014614.12,bitcoin
2022-08-06,23319.22,23350.56,22922.93,22956.4,400822462.12,bitcoin
2022-08-07,22956.4,23400.38,22854.01,23179.86,388274452.92,bitcoin
2022-08-08,23179.86,24244.59,23162.43,23817.72,976262666.12,bitcoin
2022-08-09,23817.72,23923.56,22881.18,23156.66,894336181.98,bitcoin
2022-08-10,23156.66,24216.73,22674.6,23959.67,1241926276.36,bitcoin
2022-08-11,23959.67,24895.61,23867.0,23943.36,1338354341.04,bitcoin
2022-08-12,23943.36,24458.75,23609.84,24412.17,816924712.5,bitcoin
2022-08-13,24412.17,24892.27,24306.08,24449.86,710217434.56,bitcoin
2022-08-14,24449.86,25012.36,24160.64,24313.71,886604908.12,bitcoin
2022-08-15,24313.71,25203.38,23783.19,24101.69,1331189946.12,bitcoin
2022-08-16,24101.69,24247.12,23673.2,23858.64,874700819.79,bitcoin
2022-08-17,23858.64,24442.02,23185.14,23338.03,1079499588.63,bitcoin
2022-08-18,23338.03,23595.74,23115.03,23201.51,582346641.96,bitcoin
2022-08-19,23201.51,23202.7,20801.31,20833.43,1770449474.07,bitcoin
2022-08-20,20833.43,21361.45,20772.5,21142.06,803223608.15,bitcoin
2022-08-21,21142.06,21744.02,21074.63,21514.79,650828688.99,bitcoin
2022-08-22,21514.79,21524.9,20908.27,21399.66,940511413.54,bitcoin
2022-08-23,21399.66,21675.25,20896.83,21520.62,879396196.46,bitcoin
2022-08-24,21520.62,21879.03,21154.75,21369.05,912147556.2,bitcoin
2022-08-25,21369.05,21811.37,21314.81,21565.47,674553131.93,bitcoin
2022-08-26,21565.47,21856.85,20121.8,20247.99,1564850841.73,bitcoin
2022-08-27,20247.99,20363.82,19828.05,20038.42,774590756.91,bitcoin
2022-08-28,20038.42,20155.59,19527.69,19554.08,597441164.24,bitcoin
2022-08-29,19554.08,20415.53,19548.16,20292.37,1043661877.31,bitcoin
2022-08-30,20292.37,20574.12,19548.55,19813.51,1405744450.56,bitcoin
2022-08-31,19813.51,20483.64,19804.19,20050.28,1165077708.26,bitcoin
2022-09-01,20050.28,20204.51,19571.05,20129.93,896421556.74,bitcoin
2022-09-02,20129.93,20439.1,19760.56,19957.44,836881983.68,bitcoin
2022-09-03,19957.44,20052.13,19659.2,19834.79,339922228.57,bitcoin
2022-09-04,19834.79,20022.47,19591.33,20003.46,387149235.82,bitcoin
2022-09-05,20003.46,20051.73,19638.59,19793.29,518213568.45,bitcoin
2022-09-06,19793.29,20177.38,18707.09,18791.95,1428040857.48,bitcoin
2022-09-07,18791.95,19458.77,18559.15,19287.52,961396794.5,bitcoin
2022-09-08,19287.52,19452.91,19023.78,19321.77,850349370.86,bitcoin
2022-09-09,19321.77,21559.78,19299.24,21369.73,1657848347.88,bitcoin
2022-09-10,21369.73,21807.62,21138.54,21655.13,752905078.21,bitcoin
2022-09-11,21655.13,21850.77,21366.74,21836.45,600008216.45,bitcoin
2022-09-12,21836.45,22482.54,21567.71,22400.52,1264510737.92,bitcoin
2022-09-13,22400.52,22767.89,19914.37,20173.77,1788207293.16,bitcoin
2022-09-14,20173.77,20530.34,19652.44,20233.68,1065222653.27,bitcoin
2022-09-15,20233.68,20333.61,19529.68,19700.15,892897629.94,bitcoin
2022-09-16,19700.15,19889.64,19346.99,19804.02,948028635.91,bitcoin
2022-09-17,19804.02,20189.93,19756.39,20118.35,723991455.67,bitcoin
2022-09-18,20118.35,20120.58,19345.98,19417.72,622064584.36,bitcoin
2022-09-19,19417.72,19681.29,18292.38,19541.28,1289079956.8,bitcoin
2022-09-20,19541.28,19634.28,18735.87,18879.95,1124075891.27,bitcoin
2022-09-21,18879.95,19744.77,18189.92,18468.05,1811417134.73,bitcoin
2022-09-22,18468.05,19509.87,18366.46,19405.96,1827681691.12,bitcoin
2022-09-23,19405.96,19500.17,18540.64,19291.13,1261371285.29,bitcoin
2022-09-24,19291.13,19308.47,18813.25,18924.39,566563739.62,bitcoin
2022-09-25,18924.39,19172.03,18652.6,18809.94,544445399.91,bitcoin
2022-09-26,18809.94,19316.15,18689.2,19230.96,1874981288.59,bitcoin
2022-09-27,19230.96,20377.45,18832.07,19081.4,2089386131.83,bitcoin
2022-09-28,19081.4,19774.99,18494.71,19412.67,1792918120.6,bitcoin
2022-09-29,19412.67,19641.07,18848.01,19593.46,1327829608.79,bitcoin
2022-09-30,19593.46,20180.46,19201.02,19425.63,1428753976.44,bitcoin
2022-10-01,19425.63,19482.38,19188.77,19313.96,286091612.81,bitcoin
2022-10-02,19313.96,19394.33,18929.91,19058.15,485799328.96,bitcoin
2022-10-03,19058.15,19697.23,18988.8,19632.35,1106456268.73,bitcoin
2022-10-04,19632.35,20459.26,19499.64,20344.58,1290593290.94,bitcoin
2022-10-05,20344.58,20366.34,19757.31,20160.74,1195512448.37,bitcoin
2022-10-06,20160.74,20449.46,19866.54,19965.12,1502842418.9,bitcoin
2022-10-07,19965.12,20058.36,19331.73,19532.81,1177831670.26,bitcoin
2022-10-08,19532.81,19625.41,19273.73,19419.32,339438324.44,bitcoin
2022-10-09,19419.32,19558.67,19325.6,19442.41,386265984.43,bitcoin
2022-10-10,19442.41,19526.12,19052.64,19131.36,856332007.87,bitcoin
2022-10-11,19131.36,19263.78,18858.74,19058.29,1173375200.58,bitcoin
2022-10-12,19058.29,19231.72,18977.33,19154.85,744262154.09,bitcoin
2022-10-13,19154.85,19504.63,18229.27,19378.91,1669767296.93,bitcoin
2022-10-14,19378.91,19946.24,19085.87,19182.01,1445859713.35,bitcoin
2022-10-15,19182.01,19226.15,18989.54,19069.72,290658263.23,bitcoin
2022-10-16,19069.72,19424.55,19065.87,19264.26,303391318.02,bitcoin
2022-10-17,19264.26,19676.02,19159.47,19550.49,831592233.83,bitcoin
2022-10-18,19550.49,19698.1,19095.12,19330.29,1167039781.8,bitcoin
2022-10-19,19330.29,19359.2,19075.49,19123.89,943284685.97,bitcoin
2022-10-20,19123.89,19339.65,18927.42,19043.54,1244652119.42,bitcoin
2022-10-21,19043.54,19248.63,18696.2,19166.4,1191982244.05,bitcoin
2022-10-22,19166.4,19254.68,19116.62,19207.57,314703377.71,bitcoin
2022-10-23,19207.57,19687.8,19081.67,19572.6,607568457.44,bitcoin
2022-10-24,19572.6,19593.09,19164.18,19331.06,1228052555.79,bitcoin
2022-10-25,19331.06,20414.92,19243.03,20087.18,2052122456.45,bitcoin
2022-10-26,20087.18,21013.26,20059.27,20776.76,2453067543.31,bitcoin
2022-10-27,20776.76,20876.24,20207.09,20295.28,1813055358.34,bitcoin
2022-10-28,20295.28,20751.67,20031.32,20599.89,1597589795.85,bitcoin
2022-10-29,20599.89,21064.84,20564.11,20820.19,1219658735.57,bitcoin
2022-10-30,20820.19,20936.41,20523.41,20630.65,797587682.85,bitcoin
2022-10-31,20630.65,20833.31,20242.91,20492.56,1260610163.71,bitcoin
2022-11-01,20492.56,20684.6,20336.33,20480.27,997276692.3,bitcoin
2022-11-02,20480.27,20801.56,20061.18,20150.33,1861306372.17,bitcoin
2022-11-03,20150.33,20385.92,20040.32,20207.99,1095711784.35,bitcoin
2022-11-04,20207.99,21295.37,20182.9,21150.6,2037648086.91,bitcoin
2022-11-05,21150.6,21471.49,21085.76,21301.57,706196028.56,bitcoin
2022-11-06,21301.57,21363.27,20893.65,20910.59,586960236.65,bitcoin
2022-11-07,20910.59,21066.63,20395.49,20593.73,1506814091.81,bitcoin
2022-11-08,20593.73,20672.25,17452.87,18544.7,4026079371.74,bitcoin
2022-11-09,18544.7,18581.64,15546.97,15820.02,4215919087.89,bitcoin
2022-11-10,15820.02,18113.28,15674.81,17559.67,2835119228.72,bitcoin
2022-11-11,17559.67,17644.1,16383.43,17007.72,1767514338.22,bitcoin
2022-11-12,17007.72,17067.53,16603.78,16773.9,582536367.95,bitcoin
2022-11-13,16773.9,16921.72,16235.01,16307.47,586182485.99,bitcoin
2022-11-14,16307.47,17157.81,15797.71,16592.04,1384247874.05,bitcoin
2022-11-15,16592.04,17091.76,16509.15,16879.14,1282932319.76,bitcoin
2022-11-16,16879.14,16988.63,16373.11,16648.05,1075046774.52,bitcoin
2022-11-17,16648.05,16731.41,16405.81,16680.21,650179026.0,bitcoin
2022-11-18,16680.21,16975.14,16531.77,16677.95,753255014.89,bitcoin
2022-11-19,16677.95,16798.75,16539.01,16683.72,282884885.11,bitcoin
2022-11-20,16683.72,16730.0,16169.2,16253.6,470894190.07,bitcoin
2022-11-21,16253.6,16272.47,15480.69,15760.19,1289350720.98,bitcoin
2022-11-22,15760.19,16277.08,15600.3,16198.25,1184556737.9,bitcoin
2022-11-23,16198.25,16676.49,16144.79,16590.98,1087435133.37,bitcoin
2022-11-24,16590.98,16787.9,16453.52,16588.46,624934230.62,bitcoin
2022-11-25,16588.46,16605.86,16336.71,16508.33,572460119.25,bitcoin
2022-11-26,16508.33,16687.21,16382.61,16451.53,346443601.6,bitcoin
2022-11-27,16451.53,16587.18,16401.91,16420.87,300543689.5,bitcoin
2022-11-28,16420.87,16477.82,16000.76,16207.01,867757025.61,bitcoin
2022-11-29,16207.01,16528.39,16096.7,16431.79,833578637.87,bitcoin
2022-11-30,16431.79,17216.6,16424.76,17162.35,1460126671.64,bitcoin
2022-12-01,17162.35,17255.22,16865.92,16978.64,978462617.82,bitcoin
2022-12-02,16978.64,17102.08,16827.01,17094.49,771518084.81,bitcoin
2022-12-03,17094.49,17152.49,16868.66,16888.31,419139334.98,bitcoin
2022-12-04,16888.31,17194.4,16884.91,17111.76,508091945.23,bitcoin
2022-12-05,17111.76,17409.45,16879.12,16966.84,1077884559.22,bitcoin
2022-12-06,16966.84,17101.02,16917.86,17086.52,811906594.36,bitcoin
2022-12-07,17086.52,17126.91,16713.28,16837.85,710367336.21,bitcoin
2022-12-08,16837.85,17286.64,16757.86,17226.02,827814503.9,bitcoin
2022-12-09,17226.02,17319.38,17077.4,17126.85,712368959.63,bitcoin
2022-12-10,17126.85,17221.25,17102.71,17129.19,296657331.89,bitcoin
2022-12-11,17129.19,17259.64,17080.42,17094.83,379827965.39,bitcoin
2022-12-12,17094.83,17239.13,16881.75,17208.66,739369625.44,bitcoin
2022-12-13,17208.66,17945.07,17096.23,17775.32,1407400841.45,bitcoin
2022-12-14,17775.32,18344.32,17684.33,17801.37,1523737945.31,bitcoin
2022-12-15,17801.37,17853.72,17296.89,17359.21,1200283423.38,bitcoin
2022-12-16,17359.21,17520.63,16611.58,16658.44,1508594012.33,bitcoin
2022-12-17,16658.44,16794.06,16593.68,16780.55,684665347.29,bitcoin
2022-12-18,16780.55,16830.84,16673.02,16742.74,421765916.48,bitcoin
2022-12-19,16742.74,16813.47,16350.32,16442.79,1050395879.84,bitcoin
2022-12-20,16442.79,17028.68,16404.94,16901.12,1315229591.09,bitcoin
2022-12-21,16901.12,16922.92,16737.8,16821.13,711271059.5,bitcoin
2022-12-22,16821.13,16860.78,16571.31,16816.01,814340454.91,bitcoin
2022-12-23,16816.01,16907.78,16763.01,16780.97,789038908.8,bitcoin
2022-12-24,16780.97,16857.81,16779.49,16837.16,293139806.69,bitcoin
2022-12-25,16837.16,16850.93,16736.37,16829.1,295850564.63,bitcoin
2022-12-26,16829.1,16926.73,16796.91,16916.07,347724478.09,bitcoin
2022-12-27,16916.07,16960.3,16606.04,16700.54,720956171.23,bitcoin
2022-12-28,16700.54,16767.99,16471.35,16540.47,901583901.63,bitcoin
2022-12-29,16540.47,16650.11,16487.13,16631.24,682471478.61,bitcoin
2022-12-30,16631.24,16637.25,16364.76,16599.47,880260779.52,bitcoin
2022-12-31,16599.47,16625.46,16487.05,16531.31,456998456.42,bitcoin
2023-01-01,16531.31,16619.82,16502.85,16613.87,335220861.58,bitcoin
2023-01-02,16613.87,16768.07,16544.15,16670.08,503360386.62,bitcoin
2023-01-03,16670.08,16766.7,16605.01,16670.16,628582193.83,bitcoin
2023-01-04,16670.16,16972.62,16651.02,16846.82,990689260.54,bitcoin
2023-01-05,16846.82,16869.84,16764.64,16825.87,524511536.58,bitcoin
2023-01-06,16825.87,17013.77,16687.42,16946.16,883642131.54,bitcoin
2023-01-07,16946.16,16972.62,16905.39,16942.73,196915427.54,bitcoin
2023-01-08,16942.73,17132.21,16913.28,17115.81,359149910.85,bitcoin
2023-01-09,17115.81,17387.59,17103.2,17179.03,1271943559.93,bitcoin
2023-01-10,17179.03,17484.36,17148.57,17442.44,997764944.91,bitcoin
2023-01-11,17442.44,17986.45,17324.71,17938.0,1113334370.52,bitcoin
2023-01-12,17938.0,19092.31,17906.4,18849.0,2252897545.61,bitcoin
2023-01-13,18849.0,19992.23,18717.45,19932.05,1820146569.6,bitcoin
2023-01-14,19932.05,21255.15,19895.77,20954.52,2223938908.13,bitcoin
2023-01-15,20954.52,21047.91,20575.44,20878.94,924310249.74,bitcoin
2023-01-16,20878.94,21438.83,20635.89,21188.92,1399257790.94,bitcoin
2023-01-17,21188.92,21555.18,20866.41,21136.12,1181967488.8,bitcoin
2023-01-18,21136.12,21624.6,20411.68,20678.47,1733563128.99,bitcoin
2023-01-19,20678.47,21180.98,20670.44,21082.28,1141134569.38,bitcoin
2023-01-20,21082.28,22724.89,20884.26,22676.2,1793127005.71,bitcoin
2023-01-21,22676.2,23327.14,22465.82,22789.92,2212422402.47,bitcoin
2023-01-22,22789.92,23072.22,22343.13,22714.99,1419749432.93,bitcoin
2023-01-23,22714.99,23154.59,22585.74,22917.47,1622068993.43,bitcoin
2023-01-24,22917.47,23159.62,22485.0,22637.8,1788469593.53,bitcoin
2023-01-25,22637.8,23801.04,22354.6,23066.28,2010835832.21,bitcoin
2023-01-26,23066.28,23268.02,22870.4,23009.15,1477492373.79,bitcoin
2023-01-27,23009.15,23485.53,22594.06,23077.75,1499524205.45,bitcoin
2023-01-28,23077.75,23181.57,22895.7,23031.02,465656885.65,bitcoin
2023-01-29,23031.02,23948.42,22981.04,23747.26,1356557545.16,bitcoin
2023-01-30,23747.26,23796.62,22577.01,22833.34,1699735992.01,bitcoin
2023-01-31,22833.34,23271.14,22725.41,23129.7,1144361734.86,bitcoin
2023-02-01,23129.7,23799.9,22792.33,23730.52,1166002955.1,bitcoin
2023-02-02,23730.52,24229.18,23423.04,23470.8,1378661476.28,bitcoin
2023-02-03,23470.8,23709.93,23230.74,23437.21,961229252.16,bitcoin
2023-02-04,23437.21,23582.26,23268.8,23332.1,334962158.54,bitcoin
2023-02-05,23332.1,23429.68,22796.98,22940.79,628865943.88,bitcoin
2023-02-06,22940.79,23147.93,22655.5,22761.44,918256802.27,bitcoin
2023-02-07,22761.44,23343.29,22752.6,23252.78,852489794.18,bitcoin
2023-02-08,23252.78,23407.79,22688.45,22961.13,746102368.06,bitcoin
2023-02-09,22961.13,23000.67,21741.16,21807.55,1626493846.29,bitcoin
2023-02-10,21807.55,21940.0,21495.4,21634.86,1139170302.72,bitcoin
2023-02-11,21634.86,21897.19,21611.54,21862.19,371394433.41,bitcoin
2023-02-12,21862.19,22081.41,21659.69,21790.14,601407332.2,bitcoin
2023-02-13,21790.14,21895.37,21407.31,21787.77,1271661452.37,bitcoin
2023-02-14,21787.77,22308.02,21587.95,22208.56,1121665134.71,bitcoin
2023-02-15,22208.56,24338.52,22059.91,24332.21,1636571319.77,bitcoin
2023-02-16,24332.21,25233.22,23522.57,23533.22,2195432803.47,bitcoin
2023-02-17,23533.22,25012.32,23368.98,24578.28,2024871806.46,bitcoin
2023-02-18,24578.28,24854.76,24454.5,24638.27,550069111.96,bitcoin
2023-02-19,24638.27,25175.28,24253.13,24287.53,1073608902.53,bitcoin
2023-02-20,24287.53,25098.8,23873.19,24838.09,1341924666.63,bitcoin
2023-02-21,24838.09,25216.35,24168.6,24450.5,1699888067.11,bitcoin
2023-02-22,24450.5,24471.79,23597.76,24186.92,1707889533.14,bitcoin
2023-02-23,24186.92,24595.08,23629.29,23941.1,1630064365.85,bitcoin
2023-02-24,23941.1,24125.33,22830.91,23189.78,1610829236.2,bitcoin
2023-02-25,23190.14,23218.2,22809.19,23168.68,569329617.92,bitcoin
2023-02-26,23168.68,23671.2,23068.22,23557.29,632282012.46,bitcoin
2023-02-27,23557.29,23884.1,23148.47,23492.86,1057863335.56,bitcoin
2023-02-28,23492.86,23595.27,23038.65,23137.23,814380395.42,bitcoin
2023-03-01,23137.23,23980.02,23036.22,23642.8,1070132297.9,bitcoin
2023-03-02,23642.8,23794.81,23210.39,23467.23,813452928.16,bitcoin
2023-03-03,23467.23,23477.22,22134.9,22360.92,1328714697.97,bitcoin
2023-03-04,22360.92,22410.68,22177.19,22353.23,264342272.32,bitcoin
2023-03-05,22353.23,22638.92,22243.05,22434.09,468467084.05,bitcoin
2023-03-06,22434.09,22595.33,22311.67,22410.79,607585243.32,bitcoin
2023-03-07,22410.79,22540.85,21951.39,22201.44,865083425.31,bitcoin
2023-03-08,22201.44,22262.91,21628.01,21704.74,907354581.02,bitcoin
2023-03-09,21704.74,21822.92,20113.96,20370.48,1584851678.8,bitcoin
2023-03-10,20370.48,20371.25,19599.47,20206.71,2103890132.26,bitcoin
2023-03-11,20206.71,20847.88,19895.33,20613.6,1416403424.21,bitcoin
2023-03-12,20613.6,22224.01,20445.19,22183.71,1352204877.06,bitcoin
2023-03-13,22183.71,24596.0,21896.85,24207.1,2198916015.73,bitcoin
2023-03-14,24207.1,26522.41,24071.83,24757.56,2783419006.43,bitcoin
2023-03-15,24757.56,25272.47,23946.02,24372.11,1826358018.09,bitcoin
2023-03-16,24372.11,25211.23,24220.45,25049.83,1372954004.0,bitcoin
2023-03-17,25049.83,27782.88,24945.9,27441.41,2554985216.53,bitcoin
2023-03-18,27441.41,27749.91,26655.22,26973.46,1335463761.57,bitcoin
2023-03-19,26973.46,28441.41,26901.66,28040.29,1337898482.67,bitcoin
2023-03-20,28040.29,28539.63,27228.03,27807.05,1838684361.11,bitcoin
2023-03-21,27807.05,28494.87,27416.8,28188.11,1282225223.57,bitcoin
2023-03-22,28188.11,28902.98,26676.69,27316.18,2277940781.79,bitcoin
2023-03-23,27316.18,28807.82,27190.13,28345.7,1769187941.89,bitcoin
2023-03-24,28345.7,28421.94,27054.76,27493.01,1456957038.0,bitcoin
2023-03-25,27493.01,27819.55,27186.95,27492.83,618098148.62,bitcoin
2023-03-26,27492.83,28217.66,27448.83,27995.16,734596186.26,bitcoin
2023-03-27,27995.16,28045.33,26551.46,27146.01,1256153698.38,bitcoin
2023-03-28,27146.01,27527.5,26638.39,27266.08,997573892.51,bitcoin
2023-03-29,27266.08,28643.21,27254.72,28355.7,1396887121.69,bitcoin
2023-03-30,28355.7,29171.13,27735.19,28040.71,1666973949.92,bitcoin
2023-03-31,28040.71,28651.82,27552.64,28474.62,1278854661.75,bitcoin
2023-04-01,28474.62,28816.74,28263.72,28468.49,446928904.2,bitcoin
2023-04-02,28468.49,28537.18,27885.3,28187.85,461356032.51,bitcoin
2023-04-03,28187.85,28498.51,27292.3,27809.04,1328993515.18,bitcoin
2023-04-04,27809.04,28441.54,27671.89,28177.23,911124090.2,bitcoin
2023-04-05,28177.23,28766.02,27843.06,28180.06,1072312476.98,bitcoin
2023-04-06,28180.06,28191.21,27736.36,28043.49,730428566.02,bitcoin
2023-04-07,28043.49,28110.82,27786.82,27927.8,407205241.71,bitcoin
2023-04-08,27927.8,28168.77,27879.51,27953.93,259437156.74,bitcoin
2023-04-09,27953.93,28539.41,27825.42,28340.68,459285638.27,bitcoin
2023-04-10,28340.68,29776.84,28179.73,29655.75,1211248945.3,bitcoin
2023-04-11,29655.75,30558.49,29612.35,30226.45,1420381272.66,bitcoin
2023-04-12,30226.45,30499.62,29710.91,29905.56,1094799669.68,bitcoin
2023-04-13,29905.56,30603.93,29881.9,30407.76,967351995.59,bitcoin
2023-04-14,30407.76,31020.32,30015.78,30491.71,1491399385.72,bitcoin
2023-04-15,30491.71,30615.21,30237.51,30321.55,413221716.15,bitcoin
2023-04-16,30321.55,30562.42,30155.49,30322.37,524392638.12,bitcoin
2023-04-17,30322.37,30331.32,29265.91,29446.34,1037503329.39,bitcoin
2023-04-18,29446.34,30485.26,29135.27,30395.53,1095189891.18,bitcoin
2023-04-19,30395.53,30419.74,28615.79,28821.91,1600523152.28,bitcoin
2023-04-20,28821.91,29094.98,28007.09,28248.11,1180562733.76,bitcoin
2023-04-21,28248.11,28365.2,27173.44,27261.17,1207725781.37,bitcoin
2023-04-22,27261.17,27883.77,27150.5,27820.73,479603472.21,bitcoin
2023-04-23,27820.73,27822.57,27352.28,27596.85,504160726.43,bitcoin
2023-04-24,27596.85,27988.76,26998.44,27520.93,940115640.57,bitcoin
2023-04-25,27520.93,28394.39,27200.99,28308.07,876191270.4,bitcoin
2023-04-26,28308.07,30016.54,27261.2,28432.89,2278451179.33,bitcoin
2023-04-27,28432.89,29890.36,28397.94,29483.94,1850604653.99,bitcoin
2023-04-28,29483.94,29600.91,28920.19,29339.99,1030276785.7,bitcoin
2023-04-29,29339.99,29457.51,29078.4,29251.2,332020115.89,bitcoin
2023-04-30,29251.2,29958.96,29113.64,29236.81,685897041.94,bitcoin
2023-05-01,29236.81,29340.45,27680.56,28086.77,1246630368.83,bitcoin
2023-05-02,28086.77,28895.93,27899.16,28694.7,927486609.7,bitcoin
2023-05-03,28694.7,29278.11,28151.97,29041.65,1150554649.51,bitcoin
2023-05-04,29041.65,29376.48,28702.7,28865.72,799149017.42,bitcoin
2023-05-05,28865.72,29701.05,28852.44,29548.51,1039027772.96,bitcoin
2023-05-06,29548.51,29853.13,28449.95,28943.98,713641803.94,bitcoin
2023-05-07,28943.98,29212.06,28547.22,28572.81,480627306.93,bitcoin
2023-05-08,28572.81,28786.01,27396.42,27783.42,1136175854.67,bitcoin
2023-05-09,27783.42,27963.87,27510.12,27680.21,634693185.14,bitcoin
2023-05-10,27680.21,28330.36,26840.62,27628.73,1162217682.96,bitcoin
2023-05-11,27628.73,27642.56,26731.83,26991.62,802346192.21,bitcoin
2023-05-12,26991.62,27092.93,25833.3,26807.09,1123450368.34,bitcoin
2023-05-13,26807.09,27043.5,26705.45,26788.88,335722601.8,bitcoin
2023-05-14,26788.88,27189.55,26611.92,26931.44,319668371.39,bitcoin
2023-05-15,26931.44,27668.19,26759.29,27176.27,764041771.98,bitcoin
2023-05-16,27176.27,27304.97,26869.45,27036.57,649282623.49,bitcoin
2023-05-17,27036.57,27488.05,26565.39,27406.21,788279620.49,bitcoin
2023-05-18,27406.21,27476.67,26379.63,26823.31,749234030.86,bitcoin
2023-05-19,26823.31,27178.6,26668.92,26888.42,442561192.0,bitcoin
2023-05-20,26888.42,27164.5,26840.23,27118.54,199050865.32,bitcoin
2023-05-21,27118.54,27280.07,26691.06,26755.17,322799242.35,bitcoin
2023-05-22,26755.17,27084.08,26548.27,26855.4,474287648.56,bitcoin
2023-05-23,26855.4,27480.33,26808.03,27224.7,578611517.74,bitcoin
2023-05-24,27224.7,27225.89,26092.06,26326.17,843296169.29,bitcoin
2023-05-25,26326.17,26605.5,25882.27,26480.21,604389199.53,bitcoin
2023-05-26,26480.21,26940.67,26338.96,26719.7,542617989.88,bitcoin
2023-05-27,26719.7,26902.14,26585.34,26872.59,198605797.63,bitcoin
2023-05-28,26872.59,28249.51,26789.58,28077.57,543751511.42,bitcoin
2023-05-29,28077.57,28450.88,27546.65,27746.07,604161699.4,bitcoin
2023-05-30,27746.07,28052.68,27568.98,27703.56,656814149.04,bitcoin
2023-05-31,27703.56,27836.82,26853.57,27220.17,770131646.3,bitcoin
2023-06-01,27220.17,27347.94,26628.22,26825.73,645324727.67,bitcoin
2023-06-02,26825.73,27305.0,26519.23,27251.14,643162971.0,bitcoin
2023-06-03,27251.14,27330.86,26946.35,27078.3,219785033.16,bitcoin
2023-06-04,27078.3,27451.16,26964.17,27125.24,248793311.51,bitcoin
2023-06-05,27125.24,27135.1,25411.77,25740.46,973121005.98,bitcoin
2023-06-06,25740.46,27379.88,25380.61,27269.02,1007782393.96,bitcoin
2023-06-07,27269.02,27423.02,26132.38,26348.91,816508052.84,bitcoin
2023-06-08,26348.91,26816.33,26225.25,26509.09,401604313.0,bitcoin
2023-06-09,26509.09,26777.91,26290.32,26483.81,439912147.38,bitcoin
2023-06-10,26483.81,26533.58,25424.05,25856.18,809187356.13,bitcoin
2023-06-11,25856.18,26214.2,25655.94,25937.58,341057974.45,bitcoin
2023-06-12,25937.58,26099.5,25629.48,25905.64,441188405.58,bitcoin
2023-06-13,25905.64,26425.22,25717.6,25928.94,599487905.69,bitcoin
2023-06-14,25928.94,26074.14,24836.48,25125.73,684056303.1,bitcoin
2023-06-15,25125.73,25740.96,24765.75,25574.36,824201465.11,bitcoin
2023-06-16,25574.36,26479.27,25205.5,26330.59,715401866.52,bitcoin
2023-06-17,26330.59,26780.79,26170.91,26510.43,331591669.75,bitcoin
2023-06-18,26510.43,26686.77,26260.74,26338.0,248624880.04,bitcoin
2023-06-19,26338.0,27036.32,26265.34,26842.09,477713441.96,bitcoin
2023-06-20,26842.09,28407.13,26648.29,28319.35,1265530107.38,bitcoin
2023-06-21,28319.35,30780.84,28276.59,30000.55,1710075101.48,bitcoin
2023-06-22,30000.55,30499.85,29611.53,29892.81,1034077333.64,bitcoin
2023-06-23,29892.81,31416.26,29818.21,30705.39,1263857697.39,bitcoin
2023-06-24,30705.39,30811.37,30276.97,30548.2,399256498.04,bitcoin
2023-06-25,30548.2,31051.66,30297.61,30473.64,410384145.76,bitcoin
2023-06-26,30473.64,30658.58,29930.89,30271.91,656487409.95,bitcoin
2023-06-27,30271.91,31013.13,30232.66,30696.99,683163079.08,bitcoin
2023-06-28,30696.99,30714.46,29862.15,30078.9,577536151.3,bitcoin
2023-06-29,30078.9,30833.99,30043.07,30447.17,654120553.86,bitcoin
2023-06-30,30447.17,31272.25,29465.7,30471.06,1438707503.25,bitcoin
2023-07-01,30471.06,30653.27,30321.27,30590.76,221634243.18,bitcoin
2023-07-02,30590.76,30788.75,30181.34,30617.66,264438993.35,bitcoin
2023-07-03,30617.66,31388.17,30575.7,31160.24,606995802.76,bitcoin
2023-07-04,31160.24,31331.3,30638.68,30774.39,411450957.26,bitcoin
2023-07-05,30774.39,30877.17,30201.06,30503.07,484235780.2,bitcoin
2023-07-06,30503.07,31521.11,29869.18,29907.98,942103548.67,bitcoin
2023-07-07,29907.98,30450.48,29725.12,30349.69,584908167.72,bitcoin
2023-07-08,30349.69,30383.67,30056.18,30294.36,192238272.3,bitcoin
2023-07-09,30294.36,30441.0,30074.68,30171.49,216124236.01,bitcoin
2023-07-10,30171.49,31045.4,29964.03,30421.04,674592681.26,bitcoin
2023-07-11,30421.04,30805.91,30314.1,30626.62,539220942.45,bitcoin
2023-07-12,30626.62,30977.57,30214.19,30385.22,755704294.14,bitcoin
2023-07-13,30385.22,31844.94,30259.09,31475.78,1314075890.88,bitcoin
2023-07-14,31475.78,31636.78,29929.3,30331.09,1021600213.08,bitcoin
2023-07-15,30331.09,30403.12,30258.91,30298.45,149344124.18,bitcoin
2023-07-16,30298.45,30450.66,30083.92,30248.17,224532522.64,bitcoin
2023-07-17,30248.17,30340.04,29675.15,30147.68,558752237.54,bitcoin
2023-07-18,30147.68,30244.13,29538.16,29863.79,560798877.42,bitcoin
2023-07-19,29863.79,30193.82,29765.06,29918.6,446435257.92,bitcoin
2023-07-20,29918.6,30417.9,29577.88,29809.61,577250260.25,bitcoin
2023-07-21,29809.61,30060.04,29737.09,29911.46,395907301.04,bitcoin
2023-07-22,29911.46,30000.3,29635.44,29791.61,182484169.27,bitcoin
2023-07-23,29791.61,30345.9,29738.58,30085.68,244328645.64,bitcoin
2023-07-24,30085.68,30097.78,28860.94,29181.04,744538575.95,bitcoin
2023-07-25,29181.04,29367.59,29054.49,29226.63,354541899.17,bitcoin
2023-07-26,29226.63,29682.98,29098.81,29352.06,486510821.91,bitcoin
2023-07-27,29352.06,29566.99,29082.04,29217.05,373268935.18,bitcoin
2023-07-28,29217.05,29528.45,29121.24,29316.82,342975082.63,bitcoin
2023-07-29,29316.82,29406.57,29258.14,29358.76,146316009.97,bitcoin
2023-07-30,29358.76,29449.84,29043.43,29283.34,224246250.77,bitcoin
2023-07-31,29283.34,29524.99,29108.82,29231.47,426457343.16,bitcoin
2023-08-01,29231.47,29721.48,28564.09,29699.74,822433494.24,bitcoin
2023-08-02,29699.74,30029.06,28914.46,29163.69,838251477.68,bitcoin
2023-08-03,29163.69,29397.03,28945.61,29177.75,450334651.17,bitcoin
2023-08-04,29177.75,29308.95,28794.51,29078.51,375805085.38,bitcoin
2023-08-05,29078.51,29111.36,28953.98,29050.34,120051247.27,bitcoin
2023-08-06,29050.34,29164.68,28962.89,29046.16,126689336.09,bitcoin
2023-08-07,29046.16,29245.27,28672.37,29182.16,475156597.17,bitcoin
2023-08-08,29182.16,30210.36,29111.88,29770.51,786792606.34,bitcoin
2023-08-09,29770.51,30120.86,29356.43,29566.47,532770863.32,bitcoin
2023-08-10,29566.47,29707.55,29319.58,29428.1,375142806.93,bitcoin
2023-08-11,29428.1,29535.4,29219.56,29403.56,310027638.11,bitcoin
2023-08-12,29403.56,29471.12,29356.08,29417.08,102819295.5,bitcoin
2023-08-13,29417.08,29447.27,29257.12,29281.55,115373186.78,bitcoin
2023-08-14,29281.55,29664.61,29082.39,29409.22,362522208.47,bitcoin
2023-08-15,29409.22,29460.86,29056.77,29171.23,299026558.28,bitcoin
2023-08-16,29171.23,29228.22,28696.21,28702.8,479152538.98,bitcoin
2023-08-17,28702.8,28752.02,25328.06,26629.67,1394530695.43,bitcoin
2023-08-18,26629.67,26823.13,25629.62,26049.69,888090076.41,bitcoin
2023-08-19,26049.69,26266.25,25797.39,26095.8,265159375.46,bitcoin
2023-08-20,26095.8,26291.33,25983.85,26191.01,192271431.08,bitcoin
2023-08-21,26191.01,26248.2,25819.92,26126.18,430024076.12,bitcoin
2023-08-22,26126.18,26137.6,25369.8,26043.01,514473682.56,bitcoin
2023-08-23,26043.01,26807.82,25802.48,26429.4,672652092.31,bitcoin
2023-08-24,26429.4,26565.88,25859.32,26166.22,449180401.68,bitcoin
2023-08-25,26166.22,26291.13,25759.58,26051.29,489263026.85,bitcoin
2023-08-26,26051.29,26109.19,25979.58,26010.35,93024725.64,bitcoin
2023-08-27,26010.35,26168.79,25966.75,26091.32,107924452.3,bitcoin
2023-08-28,26091.32,26233.53,25861.84,26106.0,302943657.3,bitcoin
2023-08-29,26106.0,28154.08,25911.89,27724.41,1089036684.85,bitcoin
2023-08-30,27724.41,27766.41,27036.49,27305.41,520197058.0,bitcoin
2023-08-31,27305.41,27563.68,25683.18,25937.29,741278108.53,bitcoin
2023-09-01,25937.29,26137.14,25323.44,25798.79,639696809.37,bitcoin
2023-09-02,25798.79,25980.31,25729.66,25868.56,181289556.36,bitcoin
2023-09-03,25868.56,26115.72,25805.82,25971.37,160541183.85,bitcoin
2023-09-04,25971.37,26089.36,25636.28,25816.24,228454428.06,bitcoin
2023-09-05,25816.24,25878.61,25567.56,25785.01,280146729.52,bitcoin
2023-09-06,25785.01,26019.64,25379.85,25751.71,390027105.24,bitcoin
2023-09-07,25751.71,26426.41,25600.8,26264.75,491838528.79,bitcoin
2023-09-08,26264.75,26443.61,25650.9,25907.13,482397556.59,bitcoin
2023-09-09,25907.13,25936.62,25799.89,25898.41,105931726.4,bitcoin
2023-09-10,25898.41,26020.84,25589.02,25833.67,217583144.54,bitcoin
2023-09-11,25833.67,25889.38,24911.78,25157.07,619642052.88,bitcoin
2023-09-12,25157.07,26545.24,25128.37,25840.34,937711286.48,bitcoin
2023-09-13,25840.34,26432.59,25768.65,26227.49,495397769.94,bitcoin
2023-09-14,26227.49,26845.74,26136.39,26533.66,649517751.61,bitcoin
2023-09-15,26533.66,26879.57,26224.91,26605.49,459310066.65,bitcoin
2023-09-16,26605.49,26771.68,26459.99,26569.13,187703875.45,bitcoin
2023-09-17,26569.13,26621.93,26413.39,26533.12,151125765.17,bitcoin
2023-09-18,26533.12,27425.7,26394.81,26767.82,797114111.3,bitcoin
2023-09-19,26767.82,27493.85,26676.6,27219.02,670630172.73,bitcoin
2023-09-20,27219.02,27389.22,26814.07,27126.4,581302466.15,bitcoin
2023-09-21,27126.4,27162.0,26373.55,26567.47,559336631.68,bitcoin
2023-09-22,26567.47,26738.04,26478.87,26583.16,408613785.26,bitcoin
2023-09-23,26583.16,26640.84,26522.49,26585.41,139605320.21,bitcoin
2023-09-24,26585.41,26732.91,26146.79,26261.44,260953441.64,bitcoin
2023-09-25,26261.44,26439.02,25997.17,26297.93,518905094.49,bitcoin
2023-09-26,26297.93,26395.42,26090.75,26212.59,338286231.16,bitcoin
2023-09-27,26212.59,26828.5,26096.78,26360.2,638562791.04,bitcoin
2023-09-28,26360.2,27306.05,26328.53,27027.2,827813877.45,bitcoin
2023-09-29,27027.2,27233.94,26674.22,26909.4,585322764.87,bitcoin
2023-09-30,26909.4,27095.39,26887.09,26964.27,195916128.74,bitcoin
2023-10-01,26964.27,28060.49,26958.76,27994.51,464200302.08,bitcoin
2023-10-02,27994.51,28585.13,27312.81,27507.22,1198411956.48,bitcoin
2023-10-03,27507.22,27669.05,27170.07,27428.66,620603083.21,bitcoin
2023-10-04,27428.66,27836.54,27222.97,27789.8,497243557.18,bitcoin
2023-10-05,27789.8,28128.37,27363.01,27414.59,696054430.54,bitcoin
2023-10-06,27414.59,28280.04,27181.63,27946.61,701648471.47,bitcoin
2023-10-07,27946.61,28035.05,27864.11,27973.69,205394649.0,bitcoin
2023-10-08,27973.69,28105.36,27714.35,27933.57,238690010.87,bitcoin
2023-10-09,27933.57,27999.8,27282.89,27598.77,603964078.09,bitcoin
2023-10-10,27598.77,27735.72,27298.5,27395.4,511109469.33,bitcoin
2023-10-11,27395.4,27475.69,26531.55,26871.21,821395574.15,bitcoin
2023-10-12,26871.21,26937.98,26549.78,26756.23,438531983.5,bitcoin
2023-10-13,26756.23,27110.91,26674.97,26862.9,496779424.55,bitcoin
2023-10-14,26862.9,26982.78,26810.02,26854.52,157685357.78,bitcoin
2023-10-15,26854.52,27297.26,26813.06,27177.41,297110024.59,bitcoin
2023-10-16,27177.41,30009.15,27131.48,28518.37,1884462991.7,bitcoin
2023-10-17,28518.37,28628.83,28094.14,28409.46,739741149.31,bitcoin
2023-10-18,28409.46,28988.79,28156.7,28328.07,682875511.71,bitcoin
2023-10-19,28328.07,28927.17,28135.5,28733.78,730081363.3,bitcoin
2023-10-20,28733.78,30243.12,28596.96,29684.37,1241026952.55,bitcoin
2023-10-21,29684.37,30365.61,29480.22,29924.08,467626116.49,bitcoin
2023-10-22,29924.08,30232.64,29674.58,30001.44,414432274.92,bitcoin
2023-10-23,30001.44,34739.17,29898.26,33084.08,2308556876.22,bitcoin
2023-10-24,33084.08,35183.22,32857.8,33923.52,2559949343.79,bitcoin
2023-10-25,33923.52,35136.87,33698.9,34503.4,1481128342.82,bitcoin
2023-10-26,34503.4,34836.51,33746.16,34157.06,1248469956.72,bitcoin
2023-10-27,34157.06,34246.78,33406.13,33907.7,1044635721.14,bitcoin
2023-10-28,33907.7,34494.4,33876.07,34090.05,371696781.35,bitcoin
2023-10-29,34090.05,34761.09,33947.8,34535.38,469534963.71,bitcoin
2023-10-30,34535.38,34862.12,34090.22,34494.56,825552244.82,bitcoin
2023-10-31,34494.56,34726.05,34058.4,34657.73,756326173.72,bitcoin
2023-11-01,34657.73,35623.76,34096.9,35439.76,1190955576.06,bitcoin
2023-11-02,35439.76,35973.2,34323.19,34947.15,1097011932.14,bitcoin
2023-11-03,34947.15,34950.21,34118.29,34732.28,960199464.71,bitcoin
2023-11-04,34732.28,35278.07,34606.38,35086.09,377653497.47,bitcoin
2023-11-05,35086.09,35393.84,34489.02,35039.47,533016306.01,bitcoin
2023-11-06,35039.47,35288.36,34758.64,35054.59,613732584.95,bitcoin
2023-11-07,35054.59,35929.83,34537.87,35421.85,1012278827.62,bitcoin
2023-11-08,35421.85,36109.43,35120.46,35638.33,937630450.49,bitcoin
2023-11-09,35638.33,37990.51,35557.78,36704.14,2296501186.4,bitcoin
2023-11-10,36704.14,37536.44,36342.27,37321.51,1206040827.09,bitcoin
2023-11-11,37321.51,37417.29,36701.83,37142.22,553215494.09,bitcoin
2023-11-12,37142.22,37233.45,36747.05,37079.76,345567975.97,bitcoin
2023-11-13,37079.76,37429.52,36358.0,36482.51,897671274.64,bitcoin
2023-11-14,36482.51,36752.31,34788.17,35551.21,1219819360.84,bitcoin
2023-11-15,35551.21,37977.31,35374.22,37884.19,1436101057.95,bitcoin
2023-11-16,37884.19,37951.14,35512.38,36162.42,1428319260.74,bitcoin
2023-11-17,36162.42,36780.63,35873.7,36626.32,1027029255.11,bitcoin
2023-11-18,36626.32,36853.45,36212.85,36591.19,316037508.01,bitcoin
2023-11-19,36591.19,37529.1,36411.61,37388.64,430198062.65,bitcoin
2023-11-20,37388.64,37770.11,36767.05,37476.66,1162294169.25,bitcoin
2023-11-21,37476.66,37665.29,35753.93,35758.72,1579350547.76,bitcoin
2023-11-22,35758.72,37866.63,35656.41,37424.2,1335151412.8,bitcoin
2023-11-23,37424.2,37646.06,36892.34,37299.18,626668140.1,bitcoin
2023-11-24,37299.18,38432.07,37262.39,37737.05,1322597274.57,bitcoin
2023-11-25,37737.05,37907.84,37616.03,37801.92,312424824.64,bitcoin
2023-11-26,37801.92,37829.46,37159.52,37460.21,478214999.45,bitcoin
2023-11-27,37460.21,37568.17,36727.3,37246.29,914744666.52,bitcoin
2023-11-28,37246.29,38410.41,36879.99,37836.63,1265755538.49,bitcoin
2023-11-29,37836.63,38456.97,37589.12,37861.9,1041457987.13,bitcoin
2023-11-30,37861.9,38149.78,37505.7,37729.58,637264648.28,bitcoin
2023-12-01,37729.58,38982.35,37626.12,38699.84,1268612412.23,bitcoin
2023-12-02,38699.84,39712.52,38659.45,39469.35,677167721.21,bitcoin
2023-12-03,39469.35,40203.23,39288.91,39980.93,638707315.07,bitcoin
2023-12-04,39980.93,42399.42,39980.36,41984.41,2012390115.57,bitcoin
2023-12-05,41984.41,44639.18,41368.51,44089.06,2234743414.43,bitcoin
2023-12-06,44089.06,44286.67,43386.17,43771.01,1715623988.73,bitcoin
2023-12-07,43771.01,44050.53,42856.57,43285.02,1320509439.92,bitcoin
2023-12-08,43285.02,44735.52,43094.02,44186.18,1292562850.41,bitcoin
2023-12-09,44186.18,44373.02,43597.57,43723.0,662982186.27,bitcoin
2023-12-10,43723.0,44047.82,43584.51,43791.67,503801762.3,bitcoin
2023-12-11,43791.67,43808.9,40180.77,41235.58,2446801856.72,bitcoin
2023-12-12,41235.58,42080.61,40648.18,41472.94,1305859570.88,bitcoin
2023-12-13,41472.94,43461.75,40579.83,42887.55,1517574126.2,bitcoin
2023-12-14,42887.55,43416.91,41433.23,43030.6,1460749070.58,bitcoin
2023-12-15,43030.6,43091.28,41662.1,41939.16,1065004798.33,bitcoin
2023-12-16,41939.16,42678.86,41640.84,42243.26,570286280.98,bitcoin
2023-12-17,42243.26,42372.05,41228.17,41349.42,772939037.53,bitcoin
2023-12-18,41349.42,42744.41,40512.69,42650.27,1362661202.35,bitcoin
2023-12-19,42650.27,43454.44,41796.54,42268.08,1318306822.38,bitcoin
2023-12-20,42268.08,44303.12,42195.52,43669.91,1805958609.9,bitcoin
2023-12-21,43669.91,44245.16,43306.15,43875.01,1306652594.38,bitcoin
2023-12-22,43875.01,44417.78,43426.51,44008.04,1084076406.5,bitcoin
2023-12-23,44008.04,44024.62,43338.34,43732.75,479555333.8,bitcoin
2023-12-24,43732.75,43965.2,42635.13,43023.12,621424795.87,bitcoin
2023-12-25,43023.12,43808.21,42763.83,43593.79,639501515.36,bitcoin
2023-12-26,43593.79,43604.51,41616.59,42517.32,1297798884.96,bitcoin
2023-12-27,42517.32,43694.83,42121.77,43469.34,1178861473.09,bitcoin
2023-12-28,43469.34,43817.61,42283.91,42588.94,1249335317.05,bitcoin
2023-12-29,42588.94,43134.59,41296.86,42073.59,1450476730.93,bitcoin
2023-12-30,42073.59,42595.81,41529.95,42146.03,905852574.49,bitcoin
2023-12-31,42146.03,42863.11,41970.37,42280.14,912867128.16,bitcoin
2024-01-01,42280.14,44210.89,42187.32,44197.61,839894208.67,bitcoin
2024-01-02,44197.61,45918.98,44181.86,44970.34,2596745174.99,bitcoin
2024-01-03,44970.34,45513.73,40214.67,42854.08,3533041051.83,bitcoin
2024-01-04,42854.08,44797.03,42657.44,44194.38,2167748750.23,bitcoin
2024-01-05,44194.38,44377.15,42508.08,44178.89,2368276569.22,bitcoin
2024-01-06,44178.89,44248.4,43444.9,43988.33,717065469.35,bitcoin
2024-01-07,43988.33,44496.47,43639.57,43950.84,884154712.5,bitcoin
2024-01-08,43950.84,47295.94,43209.8,46988.14,3000303504.99,bitcoin
2024-01-09,46988.14,47923.17,44889.64,46123.0,3083632967.78,bitcoin
2024-01-10,46123.0,47705.84,44326.32,46667.48,3677964834.63,bitcoin
2024-01-11,46667.48,49054.05,45580.11,46353.15,3638877778.74,bitcoin
2024-01-12,46353.15,46512.17,41454.57,42776.42,3855256978.62,bitcoin
2024-01-13,42776.42,43243.47,42438.36,42839.19,986309535.03,bitcoin
2024-01-14,42839.19,43060.49,41702.53,41704.39,924871801.97,bitcoin
2024-01-15,41704.39,43325.88,41687.69,42491.26,1046074902.52,bitcoin
2024-01-16,42491.26,43562.19,42047.82,43130.88,1565259395.93,bitcoin
2024-01-17,43130.88,43183.19,42172.64,42739.27,1403011843.2,bitcoin
2024-01-18,42739.27,42876.35,40606.86,41286.68,1885882508.36,bitcoin
2024-01-19,41286.68,42151.57,40246.58,41625.47,1864062474.18,bitcoin
2024-01-20,41625.47,41846.45,41433.27,41677.08,544668570.57,bitcoin
2024-01-21,41677.08,41862.83,41493.59,41570.17,382561229.54,bitcoin
2024-01-22,41570.17,41669.9,39396.81,39523.63,2270442343.15,bitcoin
2024-01-23,39523.63,40136.09,38512.34,39876.44,1805745649.27,bitcoin
2024-01-24,39876.44,40526.25,39429.31,40078.62,1476062916.95,bitcoin
2024-01-25,40078.62,40280.91,39523.94,39941.74,1164224625.52,bitcoin
2024-01-26,39941.74,42227.71,39814.87,41816.55,1763833855.75,bitcoin
2024-01-27,41816.55,42191.83,41393.22,42124.02,444567824.09,bitcoin
2024-01-28,42124.02,42822.8,41632.18,42028.92,702267432.76,bitcoin
2024-01-29,42028.92,43308.42,41804.05,43302.28,1184671101.99,bitcoin
2024-01-30,43302.28,43855.77,42690.4,42943.64,1498626265.1,bitcoin
2024-01-31,42943.64,43734.38,42276.82,42555.08,1695950546.73,bitcoin
2024-02-01,42555.08,43267.39,41855.88,43073.2,1234469121.23,bitcoin
2024-02-02,43073.2,43452.76,42536.21,43181.71,1152442855.72,bitcoin
2024-02-03,43181.71,43355.76,42874.37,42999.52,325725942.96,bitcoin
2024-02-04,42999.52,43093.79,42232.02,42570.21,410404369.06,bitcoin
2024-02-05,42570.21,43518.7,41931.59,42664.56,1062866796.14,bitcoin
2024-02-06,42664.56,43360.05,42526.92,43091.51,966265875.57,bitcoin
2024-02-07,43091.51,44402.0,42766.8,44339.04,1319628672.43,bitcoin
2024-02-08,44339.04,45622.13,44333.87,45304.61,1785332802.43,bitcoin
2024-02-09,45304.61,48208.27,45257.22,47154.23,2379925849.32,bitcoin
2024-02-10,47154.23,48166.14,46894.61,47768.12,780554926.36,bitcoin
2024-02-11,47768.12,48597.46,47592.04,48311.16,956986637.1,bitcoin
2024-02-12,48311.16,50339.2,47718.59,49942.97,2319184140.26,bitcoin
2024-02-13,49942.97,50392.92,48336.83,49733.11,2075339722.8,bitcoin
2024-02-14,49733.11,52085.66,49272.58,51844.19,2252886326.88,bitcoin
2024-02-15,51844.19,52845.45,51357.81,51934.57,2239765884.49,bitcoin
2024-02-16,51934.57,52598.05,51604.88,52163.28,1680749372.19,bitcoin
2024-02-17,52163.28,52201.89,50647.34,51668.78,910308869.83,bitcoin
2024-02-18,51668.78,52393.59,51194.3,52139.33,762533081.81,bitcoin
2024-02-19,52139.33,52487.6,51691.25,51781.22,989270690.85,bitcoin
2024-02-20,51781.22,52985.95,50766.77,52269.59,2050493239.79,bitcoin
2024-02-21,52269.59,52375.42,50633.49,51854.36,1676374071.14,bitcoin
2024-02-22,51854.36,52056.01,50914.97,51263.67,1573393306.75,bitcoin
2024-02-23,51263.67,51509.58,50523.07,50744.07,1345274652.99,bitcoin
2024-02-24,50744.07,51687.88,50583.66,51574.61,548313000.54,bitcoin
2024-02-25,51574.61,51957.87,51288.57,51727.63,640224439.02,bitcoin
2024-02-26,51727.63,54939.87,50920.53,54518.58,2550669499.35,bitcoin
2024-02-27,54518.58,57612.94,54483.19,57071.6,3546751167.69,bitcoin
2024-02-28,57071.6,64086.08,56726.31,62507.1,6171823618.31,bitcoin
2024-02-29,62507.1,63652.76,60370.98,61179.58,5259277822.5,bitcoin
2024-03-01,61179.58,63226.77,60795.21,62431.25,3267402863.37,bitcoin
2024-03-02,62431.25,62479.07,61631.05,62038.39,1257238241.46,bitcoin
2024-03-03,62038.39,63254.84,61392.4,63149.43,1265273119.48,bitcoin
2024-03-04,63149.43,68562.03,62363.97,68338.64,5220774005.79,bitcoin
2024-03-05,68338.64,69244.55,59268.68,63804.11,8263897912.84,bitcoin
2024-03-06,63804.11,67645.97,62851.27,66115.57,4498440968.53,bitcoin
2024-03-07,66115.57,68065.89,65610.94,66928.15,2804368120.13,bitcoin
2024-03-08,66928.15,70151.23,66173.73,68269.39,4046244830.74,bitcoin
2024-03-09,68269.39,68663.92,68026.81,68446.32,1158711168.05,bitcoin
2024-03-10,68446.32,69976.84,68218.19,69023.53,1919585405.6,bitcoin
2024-03-11,69023.53,72872.77,67170.42,72095.86,4476609937.75,bitcoin
2024-03-12,72095.86,72996.99,68636.43,71449.5,4173072731.62,bitcoin
2024-03-13,71449.5,73672.14,71329.7,73118.09,3008299520.61,bitcoin
2024-03-14,73118.09,73802.64,68493.91,71366.96,4325873413.25,bitcoin
2024-03-15,71366.96,72394.97,65579.78,69497.39,5016358153.02,bitcoin
2024-03-16,69497.39,70043.23,64783.87,65260.55,2295869354.32,bitcoin
2024-03-17,65260.55,68873.88,64529.3,68364.45,1962751757.05,bitcoin
2024-03-18,68364.45,68925.18,66584.49,67609.44,2602930945.01,bitcoin
2024-03-19,67609.44,68116.53,61529.15,61924.02,4863914201.82,bitcoin
2024-03-20,61924.02,68139.33,60782.8,67857.3,4466872469.25,bitcoin
2024-03-21,67857.3,68229.38,64548.09,65493.22,2542747734.72,bitcoin
2024-03-22,65493.22,66643.64,62321.3,63816.99,2395884490.04,bitcoin
2024-03-23,63816.99,66005.71,63025.99,64004.42,1250716141.79,bitcoin
2024-03-24,64004.42,67623.78,63802.82,67208.33,1253420264.9,bitcoin
2024-03-25,67208.33,71202.65,66400.46,69892.26,3184570068.52,bitcoin
2024-03-26,69892.26,71558.85,69294.69,69990.22,2319265484.04,bitcoin
2024-03-27,69990.22,71762.06,68384.71,69434.46,2817965870.72,bitcoin
2024-03-28,69434.46,71593.93,68864.89,70789.57,2214217706.88,bitcoin
2024-03-29,70789.57,70925.04,69059.03,69903.72,1216001428.98,bitcoin
2024-03-30,69903.72,70356.07,69586.01,69629.99,515940317.66,bitcoin
2024-03-31,69629.99,71389.78,69601.39,71312.91,745658086.55,bitcoin
2024-04-01,71312.91,71325.61,68074.92,69686.37,2005923775.26,bitcoin
2024-04-02,69686.37,69703.1,64571.71,65466.81,3234216304.99,bitcoin
2024-04-03,65466.81,66925.93,64514.87,65986.11,1835055534.78,bitcoin
2024-04-04,65986.11,69343.32,65081.42,68523.79,2475521298.64,bitcoin
2024-04-05,68523.79,68772.34,65994.65,67860.53,2219856764.99,bitcoin
2024-04-06,67860.53,69672.09,67483.82,68913.79,772361130.33,bitcoin
2024-04-07,68913.79,70303.08,68877.35,69357.32,951477284.85,bitcoin
2024-04-08,69357.32,72750.51,69064.41,71629.36,2607488940.79,bitcoin
2024-04-09,71629.36,71748.92,68213.24,69129.48,2411758700.3,bitcoin
2024-04-10,69129.48,71150.5,67480.7,70628.54,2563902180.98,bitcoin
2024-04-11,70628.54,71297.81,69558.05,70026.43,1758820969.32,bitcoin
2024-04-12,70026.43,71246.69,65257.57,67158.3,3367653179.18,bitcoin
2024-04-13,67158.3,68422.6,61079.47,64021.36,3689543158.77,bitcoin
2024-04-14,64021.36,65874.88,62229.8,65765.64,2627998512.52,bitcoin
2024-04-15,65765.64,66902.94,62328.07,63447.27,2658417494.41,bitcoin
2024-04-16,63447.27,64385.46,61667.72,63824.7,2234500815.41,bitcoin
2024-04-17,63824.7,64503.77,59682.79,61283.74,2562816108.8,bitcoin
2024-04-18,61283.74,64181.25,60829.27,63511.2,1972785716.37,bitcoin
2024-04-19,63511.2,65491.94,59607.49,63848.26,2923364930.21,bitcoin
2024-04-20,63848.26,65453.07,63140.68,64979.21,866105478.99,bitcoin
2024-04-21,64979.21,65724.22,64271.77,64955.82,854324202.42,bitcoin
2024-04-22,64955.82,67257.68,64536.42,66854.24,1510230897.53,bitcoin
2024-04-23,66854.24,67211.15,65835.93,66415.06,1169300050.32,bitcoin
2024-04-24,66415.06,67067.52,63556.97,64263.95,1878460968.73,bitcoin
2024-04-25,64263.95,65279.7,62759.65,64488.49,1713069016.97,bitcoin
2024-04-26,64488.49,64795.15,63307.56,63750.63,1275865834.83,bitcoin
2024-04-27,63750.63,63904.85,62408.97,63434.44,799665556.56,bitcoin
2024-04-28,63434.44,64335.08,62769.01,63111.34,642628554.25,bitcoin
2024-04-29,63111.34,64192.54,61768.51,63847.54,1370557060.16,bitcoin
2024-04-30,63847.54,64721.13,59097.29,60633.97,2518380270.05,bitcoin
2024-05-01,60633.97,60788.52,56516.09,58277.44,3014503800.73,bitcoin
2024-05-02,58277.44,59628.08,56936.28,59083.85,1724718703.27,bitcoin
2024-05-03,59083.85,63355.83,58835.76,62917.45,2147038663.01,bitcoin
2024-05-04,62917.45,64539.14,62587.84,63904.51,1029192793.92,bitcoin
2024-05-05,63904.51,64634.43,62923.47,64037.5,803966989.59,bitcoin
2024-05-06,64037.5,65517.33,62715.9,63168.44,1537928462.74,bitcoin
2024-05-07,63168.44,64403.15,62274.09,62323.36,1326416673.48,bitcoin
2024-05-08,62323.36,63004.6,60867.52,61179.81,1155791451.43,bitcoin
2024-05-09,61179.81,63429.98,60623.94,63077.18,1140626858.17,bitcoin
2024-05-10,63077.18,63469.13,60181.24,60790.82,1565941805.66,bitcoin
2024-05-11,60790.82,61489.54,60474.73,60823.19,505608099.69,bitcoin
2024-05-12,60823.19,61838.51,60600.9,61459.22,502848342.69,bitcoin
2024-05-13,61459.22,63445.72,60758.38,62932.29,1327733464.12,bitcoin
2024-05-14,62932.29,63097.07,61094.77,61548.48,1636519845.72,bitcoin
2024-05-15,61548.48,66467.29,61325.48,66245.16,2625073579.59,bitcoin
2024-05-16,66245.16,66760.54,64600.05,65250.53,1596664354.59,bitcoin
2024-05-17,65250.53,67489.24,65120.39,67051.35,1552274385.82,bitcoin
2024-05-18,67051.35,67397.7,66633.01,66927.56,586174043.35,bitcoin
2024-05-19,66927.56,67696.21,65878.18,66268.25,650338446.5,bitcoin
2024-05-20,66268.25,71546.4,66071.74,71430.23,2624709812.32,bitcoin
2024-05-21,71430.23,71964.79,69158.99,70141.17,2169803609.99,bitcoin
2024-05-22,70141.17,70643.89,68952.24,69123.56,1603267534.2,bitcoin
2024-05-23,69123.56,70037.76,66370.0,67946.35,1922285401.83,bitcoin
2024-05-24,67946.35,69264.17,66613.35,68548.33,1242012319.42,bitcoin
2024-05-25,68548.33,69599.81,68498.87,69288.95,412212332.66,bitcoin
2024-05-26,69288.95,69511.53,68156.05,68488.29,379159635.92,bitcoin
2024-05-27,68488.29,70613.89,68227.32,69386.83,909946343.46,bitcoin
2024-05-28,69386.83,69533.54,67206.37,68330.84,1514489243.92,bitcoin
2024-05-29,68330.84,68858.38,67099.33,67576.81,1108570253.28,bitcoin
2024-05-30,67576.81,69520.94,67107.22,68346.19,1424914242.82,bitcoin
2024-05-31,68346.19,69012.82,66605.09,67482.25,1349659294.8,bitcoin
2024-06-01,67482.25,67831.31,67383.55,67721.6,297719480.73,bitcoin
2024-06-02,67721.6,68409.58,67279.96,67738.74,456585602.02,bitcoin
2024-06-03,67738.74,70283.97,67584.62,68799.6,1575608100.17,bitcoin
2024-06-04,68799.6,71090.99,68553.54,70548.51,2084571763.56,bitcoin
2024-06-05,70548.51,71782.2,70371.34,71117.68,1545204312.75,bitcoin
2024-06-06,71117.68,71642.27,70113.83,70772.35,1141567996.37,bitcoin
2024-06-07,70772.35,71943.4,68439.15,69330.51,1992355199.22,bitcoin
2024-06-08,69330.51,69547.91,69152.66,69303.58,399100009.36,bitcoin
2024-06-09,69303.58,69837.26,69131.01,69639.42,357128157.69,bitcoin
2024-06-10,69639.42,70172.0,69166.61,69505.57,843477987.58,bitcoin
2024-06-11,69505.57,69550.65,66054.78,67319.41,2141818771.53,bitcoin
2024-06-12,67319.41,70021.47,66896.79,68247.0,2139401386.85,bitcoin
2024-06-13,68247.0,68428.43,66224.61,66742.54,1550737143.4,bitcoin
2024-06-14,66742.54,67317.79,65026.62,66006.13,1633598669.38,bitcoin
2024-06-15,66006.13,66419.48,65832.26,66188.81,406250537.71,bitcoin
2024-06-16,66188.81,66916.83,66012.05,66631.59,433017008.55,bitcoin
2024-06-17,66631.59,67264.71,65062.53,66481.73,1917243316.16,bitcoin
2024-06-18,66481.73,66570.67,64033.69,65158.02,2293594296.72,bitcoin
2024-06-19,65158.02,65708.56,64656.84,64950.82,878187235.08,bitcoin
2024-06-20,64950.82,66462.52,64527.9,64847.89,1473091625.51,bitcoin
2024-06-21,64847.89,65018.39,63350.87,64119.34,1427909531.59,bitcoin
2024-06-22,64119.34,64500.0,63924.68,64250.18,358155105.44,bitcoin
2024-06-23,64250.18,64504.84,63154.88,63181.02,416250575.81,bitcoin
2024-06-24,63181.02,63335.53,58443.98,60270.95,2938115761.51,bitcoin
2024-06-25,60270.95,62385.37,60232.04,61796.56,1946492862.08,bitcoin
2024-06-26,61796.56,62471.55,60684.69,60824.43,1436803387.64,bitcoin
2024-06-27,60824.43,62341.3,60562.27,61630.1,1385461549.94,bitcoin
2024-06-28,61630.1,62168.03,59907.92,60324.3,1481619028.88,bitcoin
2024-06-29,60324.3,61129.31,60294.22,60905.3,560710968.57,bitcoin
2024-06-30,60905.3,62949.76,60637.5,62685.88,778765578.43,bitcoin
2024-07-01,62685.88,63800.98,62462.2,62841.27,1623104957.15,bitcoin
2024-07-02,62841.27,63219.74,61453.08,62044.48,1278702453.96,bitcoin
2024-07-03,62044.48,62198.73,59373.07,60157.2,1653064013.62,bitcoin
2024-07-04,60157.2,60428.43,56728.63,57041.11,2342236881.51,bitcoin
2024-07-05,57041.11,57494.97,53528.09,56646.24,3198812323.21,bitcoin
2024-07-06,56646.24,58495.08,56035.03,58255.65,1072779742.28,bitcoin
2024-07-07,58255.65,58452.39,55734.13,55866.6,1053256457.42,bitcoin
2024-07-08,55866.6,58166.93,54305.08,56709.76,2441024283.07,bitcoin
2024-07-09,56709.76,58289.53,56296.1,58047.2,1692558128.7,bitcoin
2024-07-10,58047.2,59463.57,57165.19,57725.78,1631984559.89,bitcoin
2024-07-11,57725.78,59494.11,57072.63,57348.75,1729366992.27,bitcoin
2024-07-12,57348.75,58543.78,56554.34,57913.68,1567843358.24,bitcoin
2024-07-13,57913.68,59866.89,57784.15,59231.06,819172857.7,bitcoin
2024-07-14,59231.06,61424.95,59222.6,60818.77,1207899406.9,bitcoin
2024-07-15,60818.77,64936.75,60688.12,64765.55,2752990856.54,bitcoin
2024-07-16,64765.55,65399.48,62434.72,65087.61,2492930912.34,bitcoin
2024-07-17,65087.61,66131.67,63872.53,64096.64,1830962929.69,bitcoin
2024-07-18,64096.64,65118.55,63235.08,63981.43,1405605268.54,bitcoin
2024-07-19,63981.43,67468.45,63305.25,66708.49,2214983951.52,bitcoin
2024-07-20,66708.49,67626.82,66291.51,67163.86,840850489.36,bitcoin
2024-07-21,67163.86,68370.58,65840.58,68176.98,1219084237.52,bitcoin
2024-07-22,68176.98,68490.59,66594.51,67567.71,1805561349.3,bitcoin
2024-07-23,67567.71,67774.86,65465.88,65939.83,1958486045.34,bitcoin
2024-07-24,65939.83,67120.99,65112.45,65375.53,1426727978.64,bitcoin
2024-07-25,65375.53,66154.31,63429.11,65794.0,1902596712.12,bitcoin
2024-07-26,65794.0,68219.43,65734.24,67925.17,1654021251.63,bitcoin
2024-07-27,67925.17,69416.52,66675.48,67904.55,1801405015.15,bitcoin
2024-07-28,67904.55,68306.74,67054.94,68252.75,812380984.29,bitcoin
2024-07-29,68252.75,70027.05,66436.99,66782.78,2292001706.95,bitcoin
2024-07-30,66782.78,66989.18,65293.95,66180.04,1614525200.12,bitcoin
2024-07-31,66180.04,66826.66,64508.96,64617.83,1601329476.94,bitcoin
2024-08-01,64617.83,65590.04,62238.44,65300.21,2364449721.14,bitcoin
2024-08-02,65300.21,65548.28,61165.12,61422.3,2601345982.92,bitcoin
2024-08-03,61422.3,62154.66,59838.49,60679.28,1596127875.28,bitcoin
2024-08-04,60679.28,61075.03,57174.97,58135.89,1665780997.48,bitcoin
2024-08-05,58135.89,58275.19,49202.81,54031.82,6220425122.88,bitcoin
2024-08-06,54031.82,57077.92,53987.77,56057.67,2473716223.17,bitcoin
2024-08-07,56057.67,57753.96,54580.16,55130.45,2232435439.52,bitcoin
2024-08-08,55130.45,62717.23,54751.57,61708.53,2834182014.44,bitcoin
2024-08-09,61708.53,61752.64,59573.13,60868.88,2000603963.46,bitcoin
2024-08-10,60868.88,61478.08,60270.33,60940.82,725371248.47,bitcoin
2024-08-11,60940.82,61842.63,58331.17,58725.0,1093722861.0,bitcoin
2024-08-12,58725.0,60708.39,57677.54,59360.89,1967504137.76,bitcoin
2024-08-13,59360.89,61603.92,58440.76,60609.73,1727785105.35,bitcoin
2024-08-14,60609.73,61788.76,58461.76,58698.05,1858459018.71,bitcoin
2024-08-15,58698.05,59869.57,56132.98,57552.92,2023439063.25,bitcoin
2024-08-16,57552.92,59851.62,57106.84,58893.67,1708248208.47,bitcoin
2024-08-17,58893.67,59708.69,58815.46,59497.94,574723583.6,bitcoin
2024-08-18,59497.94,60280.79,58433.69,58439.22,830090221.14,bitcoin
2024-08-19,58439.22,59632.55,57828.14,59464.41,1420739617.67,bitcoin
2024-08-20,59464.41,61442.89,58588.82,59027.55,1877438049.21,bitcoin
2024-08-21,59027.55,61851.26,58806.66,61170.8,2311932103.1,bitcoin
2024-08-22,61170.8,61426.96,59756.43,60387.29,1754742660.96,bitcoin
2024-08-23,60387.29,64982.66,60351.28,64087.8,2623908332.37,bitcoin
2024-08-24,64087.8,64523.11,63591.53,64180.77,979836005.58,bitcoin
2024-08-25,64180.77,65058.66,63828.67,64264.62,819671993.67,bitcoin
2024-08-26,64264.62,64504.12,62816.08,62850.27,1719932426.98,bitcoin
2024-08-27,62850.27,63220.85,58045.32,59441.73,2403744129.11,bitcoin
2024-08-28,59441.73,60232.58,57868.47,59043.5,2251640371.44,bitcoin
2024-08-29,59043.5,61191.57,58735.81,59369.85,2058113286.38,bitcoin
2024-08-30,59369.85,59926.33,57725.72,59129.05,2063630420.49,bitcoin
2024-08-31,59129.05,59456.66,58759.04,58989.17,474924657.65,bitcoin
2024-09-01,58989.17,59085.64,57217.94,57313.44,1298154355.3,bitcoin
2024-09-02,57313.44,59431.04,57135.27,59147.8,1383666270.94,bitcoin
2024-09-03,59147.8,59825.44,57411.84,57481.84,1548986994.4,bitcoin
2024-09-04,57481.84,58532.47,55625.58,57975.52,2458579314.87,bitcoin
2024-09-05,57975.52,58329.93,55651.61,56167.4,2198240196.62,bitcoin
2024-09-06,56167.4,57004.28,52552.05,53954.33,3807917186.59,bitcoin
2024-09-07,53954.33,54852.05,53742.58,54167.82,925092003.79,bitcoin
2024-09-08,54167.82,55321.44,53631.93,54879.33,1042880564.27,bitcoin
2024-09-09,54879.33,58005.33,54591.28,57056.31,2385673385.77,bitcoin
2024-09-10,57056.31,58050.66,56397.36,57642.43,1908344975.36,bitcoin
2024-09-11,57642.43,58002.86,55554.25,57354.27,3160608627.55,bitcoin
2024-09-12,57354.27,58573.29,57330.99,58140.61,2373500502.95,bitcoin
2024-09-13,58140.61,60666.01,57637.58,60548.12,2401277043.91,bitcoin
2024-09-14,60548.12,60653.12,59433.38,60013.26,903199598.39,bitcoin
2024-09-15,60013.26,60409.32,58697.69,59139.21,1146142289.52,bitcoin
2024-09-16,59139.21,59215.73,57486.82,58210.01,1927790314.93,bitcoin
2024-09-17,58210.01,61356.68,57624.63,60321.59,2440680770.1,bitcoin
2024-09-18,60321.59,61794.54,59185.2,61775.68,2902628124.61,bitcoin
2024-09-19,61775.68,63881.87,61582.28,62963.41,2939807292.07,bitcoin
2024-09-20,62963.41,64131.22,62345.57,63211.47,2188110863.96,bitcoin
2024-09-21,63211.47,63548.08,62767.25,63363.17,766364347.61,bitcoin
2024-09-22,63363.17,64015.58,62394.47,63587.45,1190921326.46,bitcoin
2024-09-23,63587.45,64749.32,62584.5,63341.97,1734107185.41,bitcoin
2024-09-24,63341.97,64698.02,62710.48,64276.65,2045185242.06,bitcoin
2024-09-25,64276.65,64823.35,62938.97,63144.83,1526541478.78,bitcoin
2024-09-26,63144.83,65861.15,62660.36,65183.68,2800234985.9,bitcoin
2024-09-27,65183.68,66547.69,64839.11,65790.28,2378877920.32,bitcoin
2024-09-28,65790.28,66267.41,65442.19,65868.67,682765288.62,bitcoin
2024-09-29,65868.67,66081.97,65440.3,65611.98,758322138.61,bitcoin
2024-09-30,65611.98,65627.43,62846.03,63314.81,2712227231.34,bitcoin
2024-10-01,63314.81,64112.99,60156.13,60790.06,4189744833.01,bitcoin
2024-10-02,60790.06,62383.28,59976.82,60641.8,3402156876.74,bitcoin
2024-10-03,60641.8,61478.71,59846.16,60746.35,3058499959.35,bitcoin
2024-10-04,60746.35,62480.52,60458.33,62094.06,2395319327.7,bitcoin
2024-10-05,62094.06,62377.77,61689.84,62059.19,625465514.89,bitcoin
2024-10-06,62059.19,62976.08,61815.61,62821.76,838451338.95,bitcoin
2024-10-07,62821.76,64458.38,62129.23,62209.84,2602786910.05,bitcoin
2024-10-08,62209.84,63185.68,61832.71,62129.17,2090901005.09,bitcoin
2024-10-09,62129.17,62513.84,60252.65,60585.22,2311387233.46,bitcoin
2024-10-10,60585.22,61251.26,58869.24,60280.38,2553922274.06,bitcoin
2024-10-11,60280.38,63418.56,60039.18,62517.42,2236421715.94,bitcoin
2024-10-12,62517.42,63469.71,62473.78,63197.03,987509499.19,bitcoin
2024-10-13,63197.03,63276.36,62036.49,62854.48,1051974824.5,bitcoin
2024-10-14,62854.48,66494.04,62438.82,66068.25,3279898050.67,bitcoin
2024-10-15,66068.25,67938.85,64791.36,67064.69,3442311150.59,bitcoin
2024-10-16,67064.69,68401.67,66752.45,67614.71,2841013476.69,bitcoin
2024-10-17,67614.71,67931.28,66643.91,67408.87,2154293295.5,bitcoin
2024-10-18,67408.87,69016.74,67167.07,68425.63,2516405877.34,bitcoin
2024-10-19,68425.63,68681.33,68009.42,68370.04,526753638.72,bitcoin
2024-10-20,68370.04,69385.31,68094.66,69020.94,824334290.12,bitcoin
2024-10-21,69020.94,69501.44,66811.42,67358.14,2480399716.7,bitcoin
2024-10-22,67358.14,67800.62,66540.7,67390.32,2184452853.61,bitcoin
2024-10-23,67390.32,67436.29,65171.54,66612.97,2154644447.87,bitcoin
2024-10-24,66612.97,68812.4,66456.7,68163.56,2144280257.66,bitcoin
2024-10-25,68163.56,68745.57,65510.53,66577.77,2952724943.71,bitcoin
2024-10-26,66577.77,67366.46,66343.25,67014.72,946447393.67,bitcoin
2024-10-27,67014.72,68254.55,66852.5,67945.14,818581011.16,bitcoin
2024-10-28,67945.14,70241.74,67541.0,69925.83,2902994091.1,bitcoin
2024-10-29,69925.83,73612.24,69725.05,72723.67,4194343293.57,bitcoin
2024-10-30,72723.67,72945.06,71408.4,72331.96,2769522546.26,bitcoin
2024-10-31,72331.96,72675.24,69585.02,70207.54,2794856636.84,bitcoin
2024-11-01,70207.54,71616.01,68755.75,69473.41,3429441961.46,bitcoin
2024-11-02,69473.41,69884.38,69006.88,69354.01,750733288.76,bitcoin
2024-11-03,69354.01,69364.8,67457.91,68747.04,2028670648.54,bitcoin
2024-11-04,68747.04,69453.56,66793.64,67811.95,2939056973.62,bitcoin
2024-11-05,67811.95,70540.03,67432.99,69378.09,3274519976.93,bitcoin
2024-11-06,69378.09,76482.2,69295.92,75643.57,8601347745.99,bitcoin
2024-11-07,75643.57,76963.92,74472.09,75922.41,4433063855.56,bitcoin
2024-11-08,75922.41,77289.29,75656.7,76562.31,3714364388.44,bitcoin
2024-11-09,76562.31,76949.29,75763.57,76716.41,1208160963.89,bitcoin
2024-11-10,76716.41,81520.53,76545.66,80429.43,4582398468.87,bitcoin
2024-11-11,80429.43,89644.7,80283.65,88758.31,8845679630.06,bitcoin
2024-11-12,88758.31,90006.57,85125.04,88040.54,10326697667.45,bitcoin
2024-11-13,88040.54,93479.86,86252.86,90498.51,11250681620.25,bitcoin
2024-11-14,90498.51,91817.29,86679.1,87334.19,7309565757.27,bitcoin
2024-11-15,87334.19,91897.76,87118.43,91058.92,6353615968.72,bitcoin
2024-11-16,91058.92,91810.87,90092.82,90630.94,2501576427.85,bitcoin
2024-11-17,90630.94,91436.45,88728.28,89877.16,2791320512.2,bitcoin
2024-11-18,89877.16,92649.98,87547.97,90514.83,6006522738.03,bitcoin
2024-11-19,90514.83,94056.9,90414.27,92418.48,5995386487.48,bitcoin
2024-11-20,92418.48,95056.1,91612.46,94379.92,6579886464.89,bitcoin
2024-11-21,94379.92,99056.4,94152.97,98436.25,8678686263.5,bitcoin
2024-11-22,98436.25,99772.99,97207.77,99010.89,7337283037.5,bitcoin
2024-11-23,99010.89,99023.88,97219.23,97765.04,2853544178.0,bitcoin
2024-11-24,97765.04,98670.34,95781.2,98018.2,2940396079.61,bitcoin
2024-11-25,98018.2,98974.51,92592.66,93019.38,6533804395.53,bitcoin
2024-11-26,93019.38,95007.52,90730.54,91903.89,7150066318.55,bitcoin
2024-11-27,91903.89,97373.56,91757.22,95957.51,4533983270.73,bitcoin
2024-11-28,95957.51,96672.28,94677.17,95670.41,2311939499.68,bitcoin
2024-11-29,95670.41,98735.69,95391.39,97510.92,3883366949.57,bitcoin
2024-11-30,97510.92,97514.26,96137.13,96473.51,1215861238.63,bitcoin
2024-12-01,96473.51,97896.77,95752.22,97276.47,1659820134.72,bitcoin
2024-12-02,97276.47,98219.29,94419.96,95859.75,5040855658.82,bitcoin
2024-12-03,95859.75,96304.02,93590.91,95928.37,5033493735.21,bitcoin
2024-12-04,95928.37,99226.36,94663.42,98751.87,5727735676.06,bitcoin
2024-12-05,98751.87,104028.51,91741.97,97053.82,12041439286.7,bitcoin
2024-12-06,97053.82,102088.57,96427.0,99897.97,5653979066.29,bitcoin
2024-12-07,99897.97,100578.8,99025.63,99926.38,1728102575.48,bitcoin
2024-12-08,99926.38,101430.6,98730.22,101189.81,1785051035.31,bitcoin
2024-12-09,101189.81,101290.02,94567.01,97338.34,6847958219.35,bitcoin
2024-12-10,97338.34,98316.66,94284.0,96657.88,6621616095.14,bitcoin
2024-12-11,96657.88,101979.09,95730.76,101203.07,5482015399.12,bitcoin
2024-12-12,101203.07,102598.04,99311.56,100041.98,4765401240.36,bitcoin
2024-12-13,100041.98,101947.1,99232.64,101429.78,3492131954.88,bitcoin
2024-12-14,101429.78,102653.76,100606.28,101402.95,1683710017.37,bitcoin
2024-12-15,101402.95,105140.47,101228.16,104424.54,2557994217.64,bitcoin
2024-12-16,104424.54,107829.08,103299.75,106089.2,6398449052.08,bitcoin
2024-12-17,106089.2,108369.13,105308.99,106140.14,4365460605.55,bitcoin
2024-12-18,106140.14,106502.15,99946.11,100147.26,7727995790.43,bitcoin
2024-12-19,100147.26,102767.84,95555.55,97381.1,8011759334.63,bitcoin
2024-12-20,97381.1,98131.87,92144.03,97769.49,8141536426.69,bitcoin
2024-12-21,97769.49,99529.45,96379.46,97223.39,2907358271.75,bitcoin
2024-12-22,97223.39,97387.01,94186.04,95098.66,2842280143.72,bitcoin
2024-12-23,95098.66,96428.13,92378.53,94771.64,5422281368.55,bitcoin
2024-12-24,94771.64,99439.54,93437.9,98606.93,3967574825.79,bitcoin
2024-12-25,98606.93,99484.75,97568.85,99356.06,2147049998.69,bitcoin
2024-12-26,99356.06,99888.75,95098.08,95680.19,3704007593.19,bitcoin
2024-12-27,95680.19,97351.17,93270.34,94170.09,4479654695.05,bitcoin
2024-12-28,94170.09,95542.25,94008.53,95140.15,1339743546.48,bitcoin
2024-12-29,95140.15,95175.67,92850.44,93564.85,1684134735.83,bitcoin
2024-12-30,93564.85,94910.24,91310.52,92646.21,5287498462.5,bitcoin
2024-12-31,92646.21,96139.7,91894.97,93391.98,3659994868.24,bitcoin
2025-01-01,93391.98,94953.5,92728.81,94392.51,1798161467.81,bitcoin
2025-01-02,94392.51,97766.59,94197.85,96900.96,3693985155.25,bitcoin
2025-01-03,96900.96,98963.23,96021.74,98135.8,2773288955.93,bitcoin
2025-01-04,98135.8,98757.16,97522.47,98213.69,972181437.3,bitcoin
2025-01-05,98213.69,98818.4,97248.4,98346.97,967941540.09,bitcoin
2025-01-06,98346.97,102530.34,97908.09,102282.2,4654078182.67,bitcoin
2025-01-07,102282.2,102747.54,96112.95,96942.47,5348079997.25,bitcoin
2025-01-08,96942.47,97251.53,92488.45,95051.06,5480363249.42,bitcoin
2025-01-09,95051.06,95345.44,91197.56,92548.12,4696698492.32,bitcoin
2025-01-10,92548.12,95845.36,92206.53,94710.29,5217667771.49,bitcoin
2025-01-11,94710.29,94985.54,93826.56,94569.95,905586720.06,bitcoin
2025-01-12,94569.95,95388.08,93675.7,94505.67,1027482279.92,bitcoin
2025-01-13,94505.67,95894.16,89153.4,94517.66,6274787648.38,bitcoin
2025-01-14,94517.66,97357.87,94324.09,96526.87,4263471095.02,bitcoin
2025-01-15,96526.87,100719.11,96466.75,100510.84,4261664752.23,bitcoin
2025-01-16,100510.84,100867.35,97275.38,99979.43,4314930790.39,bitcoin
2025-01-17,99979.43,105926.06,99941.15,104111.13,5613810480.0,bitcoin
2025-01-18,104111.13,104927.11,102234.37,104431.52,2633222970.99,bitcoin
2025-01-19,104431.52,106317.18,99537.53,101212.56,4325905602.1,bitcoin
2025-01-20,101212.56,109340.21,99449.75,102148.74,7208305685.37,bitcoin
2025-01-21,102148.74,107252.77,100069.04,106155.61,8798621119.3,bitcoin
2025-01-22,106155.61,106398.57,103321.48,103669.08,4603973397.2,bitcoin
2025-01-23,103669.08,106865.3,101221.0,103933.88,9801561614.73,bitcoin
2025-01-24,103933.88,107170.86,102751.09,104854.78,4233037157.97,bitcoin
2025-01-25,104854.78,105282.15,104107.08,104733.15,1239370331.55,bitcoin
2025-01-26,104733.15,105475.33,102487.8,102576.93,1469434497.98,bitcoin
2025-01-27,102576.93,103230.24,97712.77,102065.72,9486896779.23,bitcoin
2025-01-28,102065.72,103787.72,100221.08,101284.47,4510250877.49,bitcoin
2025-01-29,101284.47,104796.98,101279.83,103742.97,4842279589.43,bitcoin
2025-01-30,103742.97,106472.04,103297.81,104739.58,3857857706.34,bitcoin
2025-01-31,104739.58,106101.91,101514.21,102412.41,4378171064.39,bitcoin
2025-02-01,102412.41,102768.26,100270.22,100619.87,1595801666.26,bitcoin
2025-02-02,100619.87,101436.9,96158.45,97665.06,5562003741.78,bitcoin
2025-02-03,97665.06,102575.82,91142.87,101451.28,11504010038.06,bitcoin
2025-02-04,101451.28,101800.32,95090.81,97794.88,6271562966.61,bitcoin
2025-02-05,97794.88,99208.65,96175.47,96633.71,4171560523.14,bitcoin
2025-02-06,96633.71,99180.75,95691.57,96564.27,4349625340.99,bitcoin
2025-02-07,96564.27,100202.29,95630.04,96532.73,5075285222.44,bitcoin
2025-02-08,96532.73,96906.35,95685.31,96475.59,1207354073.88,bitcoin
2025-02-09,96475.59,97340.86,94752.27,96485.6,1791686347.07,bitcoin
2025-02-10,96485.6,98363.35,95276.7,97458.59,2731410651.57,bitcoin
2025-02-11,97458.59,98499.44,94852.37,95781.05,2800036234.45,bitcoin
2025-02-12,95781.05,98127.45,94087.33,97874.61,3853980407.7,bitcoin
2025-02-13,97874.61,98104.11,95225.08,96632.78,2236344585.75,bitcoin
2025-02-14,96632.78,98869.28,96282.72,97508.71,1966704817.61,bitcoin
2025-02-15,97508.71,97979.54,97245.24,97596.21,569120592.04,bitcoin
2025-02-16,97596.21,97728.27,96069.15,96132.69,643146269.46,bitcoin
2025-02-17,96132.69,97046.2,95226.61,95790.31,1398128550.67,bitcoin
2025-02-18,95790.31,96736.69,93361.47,95630.67,2502902525.93,bitcoin
2025-02-19,95630.67,96885.35,95032.61,96640.99,1637124692.48,bitcoin
2025-02-20,96640.99,98763.14,96430.11,98345.66,2057024374.7,bitcoin
2025-02-21,98345.66,99519.21,94775.25,96150.27,3928905117.72,bitcoin
2025-02-22,96150.27,96973.86,95771.79,96580.46,1126120706.18,bitcoin
2025-02-23,96580.46,96674.04,95255.75,96274.12,718043733.58,bitcoin
2025-02-24,96274.12,96514.26,91349.77,91536.97,2945422583.03,bitcoin
2025-02-25,91536.97,92540.35,85944.14,88609.26,6473414678.86,bitcoin
2025-02-26,88609.26,89320.19,82199.13,84128.38,5069737664.07,bitcoin
2025-02-27,84128.38,87008.08,82601.58,84657.34,3929681159.63,bitcoin
2025-02-28,84657.34,85114.25,78203.72,84322.57,6502539275.13,bitcoin
2025-03-01,84322.57,86537.62,83798.96,86050.58,1577375765.18,bitcoin
2025-03-02,86050.58,95106.04,85047.82,94275.76,4350642164.47,bitcoin
2025-03-03,94275.76,94415.65,85071.66,86158.95,5844734403.0,bitcoin
2025-03-04,86158.95,88941.97,81449.43,87255.42,5671376306.72,bitcoin
2025-03-05,87255.42,91001.98,86341.87,90610.8,3457722668.91,bitcoin
2025-03-06,90610.8,92808.83,87818.33,89931.91,3512025157.48,bitcoin
2025-03-07,89931.91,91275.25,84649.25,86766.61,6196139350.73,bitcoin
2025-03-08,86766.61,86860.89,85206.97,86225.0,910862167.44,bitcoin
2025-03-09,86225.0,86509.85,80006.76,80719.05,1952362587.51,bitcoin
2025-03-10,80719.05,84037.25,77420.92,78561.62,4414695361.63,bitcoin
2025-03-11,78561.62,83608.26,76581.52,82919.47,3744822903.84,bitcoin
2025-03-12,82919.47,84410.29,80596.11,83665.14,2750448405.11,bitcoin
2025-03-13,83665.14,84307.29,79915.4,81081.43,2112762232.49,bitcoin
2025-03-14,81081.43,85315.9,80787.81,83995.47,2317052000.16,bitcoin
2025-03-15,83995.47,84688.82,83628.73,84355.92,512466916.19,bitcoin
2025-03-16,84355.92,85083.1,81992.19,82572.37,1094031604.62,bitcoin
2025-03-17,82572.37,84760.98,82442.95,84025.12,1667911609.42,bitcoin
2025-03-18,84025.12,84039.3,81137.39,82716.74,1721702159.89,bitcoin
2025-03-19,82716.74,87036.45,82562.03,86878.5,2600942940.47,bitcoin
2025-03-20,86878.5,87483.4,83611.66,84178.31,2135028136.81,bitcoin
2025-03-21,84178.31,84798.7,83129.17,84060.48,1326866772.29,bitcoin
2025-03-22,84060.48,84503.68,83661.65,83837.39,402548876.3,bitcoin
2025-03-23,83837.39,86126.45,83807.2,86091.67,632787991.66,bitcoin
2025-03-24,86091.67,88782.52,85546.71,87520.48,2301262365.85,bitcoin
2025-03-25,87520.48,88575.0,86325.18,87439.7,2023574450.81,bitcoin
2025-03-26,87439.7,88297.12,85867.66,86923.95,1711822847.59,bitcoin
2025-03-27,86923.95,87779.02,85817.84,87218.89,1476492894.46,bitcoin
2025-03-28,87218.89,87492.39,83544.63,84387.01,2152567384.16,bitcoin
2025-03-29,84387.01,84583.02,81634.23,82625.65,938834818.34,bitcoin
2025-03-30,82625.65,83516.72,81563.47,82379.51,839590269.08,bitcoin
2025-03-31,82379.51,83917.4,81290.13,82539.52,1894666416.64,bitcoin
2025-04-01,82539.52,85554.98,82419.98,85174.96,1962356062.59,bitcoin
2025-04-02,85174.96,88505.24,82299.2,82490.58,3519914220.4,bitcoin
2025-04-03,82490.58,83928.41,81178.57,83158.8,2335462308.44,bitcoin
2025-04-04,83158.8,84716.02,81648.68,83860.21,3085885741.07,bitcoin
2025-04-05,83860.21,84230.44,82357.52,83503.37,622496989.4,bitcoin
2025-04-06,83503.37,83756.1,77079.93,78365.57,2374631982.2,bitcoin
2025-04-07,78365.57,81172.27,74426.93,79143.06,5546499783.12,bitcoin
2025-04-08,79143.06,80835.83,76181.24,76255.1,3084760820.88,bitcoin
2025-04-09,76255.1,83574.06,74569.86,82587.03,4963132858.37,bitcoin
2025-04-10,82587.03,82710.13,78405.82,79554.96,2526317821.03,bitcoin
2025-04-11,79554.96,84266.51,78924.27,83386.0,2412186958.4,bitcoin
2025-04-12,83386.0,85899.74,82766.93,85272.12,1196895442.75,bitcoin
2025-04-13,85272.12,86079.47,83019.76,83730.92,1375187409.37,bitcoin
2025-04-14,83730.92,85796.21,83667.03,84575.75,2042899221.49,bitcoin
2025-04-15,84575.75,86473.18,83596.04,83638.17,1548187876.56,bitcoin
2025-04-16,83638.17,85485.35,83094.96,84029.4,1871983984.29,bitcoin
2025-04-17,84029.4,85472.23,83725.98,84943.42,1288802970.79,bitcoin
2025-04-18,84943.42,85132.75,84287.73,84459.96,465771169.06,bitcoin
2025-04-19,84459.96,85614.27,84355.7,85061.54,454642234.58,bitcoin
2025-04-20,85061.54,85302.3,83954.54,85167.14,482671707.92,bitcoin
2025-04-21,85167.14,88526.3,85132.52,87515.57,2657452654.45,bitcoin
2025-04-22,87515.57,93937.07,87084.84,93483.3,3880446944.47,bitcoin
2025-04-23,93483.3,94656.65,91943.03,93729.23,3081124602.45,bitcoin
2025-04-24,93729.23,94047.54,91693.21,94022.48,2000861098.9,bitcoin
2025-04-25,94022.48,95924.19,92883.11,94711.24,3078073390.5,bitcoin
2025-04-26,94711.24,95258.03,93916.48,94663.66,698471645.53,bitcoin
2025-04-27,94663.66,95346.43,93671.22,93777.44,726739226.7,bitcoin
2025-04-28,93777.44,95636.66,92864.35,95035.06,1925071151.02,bitcoin
2025-04-29,95035.06,95487.2,93780.51,94274.16,1599631635.46,bitcoin
2025-04-30,94274.16,95250.77,92968.85,94186.14,2024539251.94,bitcoin
2025-05-01,94186.14,97505.38,94150.92,96519.31,2278228402.24,bitcoin
2025-05-02,96519.31,97939.99,96386.78,96925.07,1571644595.63,bitcoin
2025-05-03,96925.07,96963.89,95826.0,95903.14,682121711.48,bitcoin
2025-05-04,95903.14,96326.95,94313.27,94394.09,1046015845.6,bitcoin
2025-05-05,94394.09,95224.21,93694.42,94767.95,1661608010.46,bitcoin
2025-05-06,94767.95,96911.52,93382.91,96835.87,1735613081.89,bitcoin
2025-05-07,96835.87,97720.02,95816.56,97052.27,1936285634.4,bitcoin
2025-05-08,97052.27,104147.97,96905.18,103259.0,4054486165.35,bitcoin
2025-05-09,103259.0,104353.74,102332.43,102982.3,2345592246.87,bitcoin
2025-05-10,102982.3,104980.23,102830.2,104814.08,944047262.42,bitcoin
2025-05-11,104814.08,104958.29,103353.87,104124.02,1144137614.49,bitcoin
2025-05-12,104124.02,105783.35,100723.18,102802.44,2862364942.19,bitcoin
2025-05-13,102802.44,105015.14,101466.16,104136.59,2105889171.38,bitcoin
2025-05-14,104136.59,104357.47,102615.68,103543.76,1716689620.72,bitcoin
2025-05-15,103543.76,104197.65,101407.14,103787.64,1837798016.09,bitcoin
2025-05-16,103787.64,104594.19,103138.18,103499.6,1506289579.07,bitcoin
2025-05-17,103499.6,103729.29,102642.39,103159.32,601366594.09,bitcoin
2025-05-18,103159.32,106670.63,103144.58,106488.62,1361010736.04,bitcoin
2025-05-19,106488.62,107117.46,102104.37,105618.19,2480463388.93,bitcoin
2025-05-20,105618.19,107339.72,104220.59,106875.88,2062199314.32,bitcoin
2025-05-21,106875.88,110778.49,106133.62,109699.86,4104199576.95,bitcoin
2025-05-22,109699.86,111998.96,109250.4,111722.11,2820234493.39,bitcoin
2025-05-23,111722.11,111810.26,106807.62,107332.91,2775108378.21,bitcoin
2025-05-24,107332.91,109512.56,106896.28,107779.46,972112098.0,bitcoin
2025-05-25,107779.46,109349.07,106643.02,109041.44,1080850082.19,bitcoin
2025-05-26,109041.44,110459.23,108718.82,109461.24,1568531304.43,bitcoin
2025-05-27,109461.24,110802.2,107543.83,108975.95,2520257081.13,bitcoin
2025-05-28,108975.95,109328.61,106799.94,107821.11,2010518282.08,bitcoin
2025-05-29,107821.11,108929.95,105327.79,105586.78,2610280801.53,bitcoin
2025-05-30,105586.78,106348.19,103650.43,104039.27,2473658024.71,bitcoin
2025-05-31,104039.27,104959.61,103127.75,104654.65,890138427.14,bitcoin
2025-06-01,104654.65,105924.77,103823.88,105702.19,788781340.28,bitcoin
2025-06-02,105702.19,105988.22,103708.71,105908.79,1589665625.81,bitcoin
2025-06-03,105908.79,106888.12,104926.88,105447.66,1652394373.05,bitcoin
2025-06-04,105447.66,106044.55,104206.69,104746.0,1327155925.5,bitcoin
2025-06-05,104746.0,105975.11,100418.61,101580.61,2835254363.62,bitcoin
2025-06-06,101580.61,105426.24,101174.97,104392.54,2391698461.05,bitcoin
2025-06-07,104392.54,105974.42,103976.29,105625.23,903776492.08,bitcoin
2025-06-08,105625.23,106537.25,105042.03,105779.28,621667329.31,bitcoin
2025-06-09,105779.28,110543.89,105372.62,110302.12,1927020528.87,bitcoin
2025-06-10,110302.12,110403.6,108373.44,110296.2,1712252251.27,bitcoin
2025-06-11,110296.2,110425.64,108096.82,108676.78,1585492756.74,bitcoin
2025-06-12,108676.78,108843.81,105721.73,105726.04,1937273976.29,bitcoin
2025-06-13,105726.04,106224.76,102773.14,106121.08,2853509529.91,bitcoin
2025-06-14,106121.08,106260.08,104386.29,105481.13,792948934.46,bitcoin
2025-06-15,105481.13,106189.63,104546.11,105625.23,693686973.05,bitcoin
2025-06-16,105625.23,109014.33,105016.81,106855.39,1846109491.24,bitcoin
2025-06-17,106855.39,107795.31,103378.64,104598.68,2383744168.87,bitcoin
2025-06-18,104598.68,105579.84,103547.15,104927.87,1945024806.28,bitcoin
2025-06-19,104927.87,105264.38,103951.44,104699.72,1036540458.21,bitcoin
2025-06-20,104699.72,106559.45,102367.77,103313.31,1845670588.12,bitcoin
2025-06-21,103313.31,104021.01,100925.53,102165.68,1151399558.13,bitcoin
2025-06-22,102165.68,103430.09,98264.46,101015.42,3086806069.73,bitcoin
2025-06-23,101015.42,106134.09,99685.07,105423.73,3606601777.41,bitcoin
2025-06-24,105423.73,106358.78,104710.65,106133.25,2099787246.67,bitcoin
2025-06-25,106133.25,108196.78,105880.48,107399.88,2128340951.52,bitcoin
2025-06-26,107399.88,108330.6,106605.5,107012.17,1575810932.89,bitcoin
2025-06-27,107012.17,107793.99,106421.82,107105.16,1799885723.45,bitcoin
2025-06-28,107105.16,107591.48,106884.15,107346.44,372614444.73,bitcoin
2025-06-29,107346.44,108538.36,107233.58,108391.87,657403121.35,bitcoin
2025-06-30,108391.87,108815.66,106756.38,107169.82,1530756559.33,bitcoin
2025-07-01,107169.82,107574.08,105295.02,105724.18,1673173144.76,bitcoin
2025-07-02,105724.18,109818.47,105143.1,108886.62,2124516059.08,bitcoin
2025-07-03,108886.62,110584.4,108579.56,109638.97,1825182141.8,bitcoin
2025-07-04,109638.97,109810.02,107283.92,108027.71,1130647600.78,bitcoin
2025-07-05,108027.71,108444.73,107798.16,108244.51,374668091.72,bitcoin
2025-07-06,108244.51,109728.96,107846.02,109233.93,614763572.9,bitcoin
2025-07-07,109233.93,109737.83,107513.97,108277.16,1447160434.07,bitcoin
2025-07-08,108277.16,109248.31,107445.04,108955.05,1316408874.89,bitcoin
2025-07-09,108955.05,112077.21,108341.92,111291.7,2177951432.55,bitcoin
2025-07-10,111291.7,116848.31,110555.52,116023.34,3616719327.76,bitcoin
2025-07-11,116023.34,118890.32,115236.69,117573.92,3060911543.15,bitcoin
2025-07-12,117573.92,118239.99,116954.09,117468.16,869899617.34,bitcoin
2025-07-13,117468.16,119503.56,117264.6,119127.66,1133368267.75,bitcoin
2025-07-14,119127.66,123220.28,118951.55,119869.01,3784774921.45,bitcoin
2025-07-15,119869.01,119958.94,115709.64,117777.9,5881848280.87,bitcoin
2025-07-16,117777.9,120122.22,117043.92,118700.37,3310853209.79,bitcoin
2025-07-17,118700.37,121020.95,117485.98,119282.74,3000532789.4,bitcoin
2025-07-18,119282.74,120911.16,116902.92,118025.92,3096339405.33,bitcoin
2025-07-19,118025.92,118572.53,117339.41,117913.27,791893576.81,bitcoin
2025-07-20,117913.27,118903.91,116533.22,117328.61,1081488186.29,bitcoin
2025-07-21,117328.61,119712.2,116581.7,117441.75,2187836280.67,bitcoin
2025-07-22,117441.75,120298.65,116186.23,120023.5,2607540535.18,bitcoin
2025-07-23,120023.5,120167.5,117361.89,118808.78,2029832616.05,bitcoin
2025-07-24,118808.78,119555.88,117214.42,118397.33,2128340080.84,bitcoin
2025-07-25,118397.33,118523.27,114756.37,117644.11,5546818211.88,bitcoin
2025-07-26,117644.11,118355.11,117143.68,117971.27,1291296798.52,bitcoin
2025-07-27,117971.27,119808.28,117872.15,119468.71,1228024808.19,bitcoin
2025-07-28,119468.71,119835.44,117403.28,118059.92,2142740462.44,bitcoin
2025-07-29,118059.92,119285.96,116933.73,117942.11,2073820445.19,bitcoin
2025-07-30,117942.11,118800.1,115769.47,117853.3,2153325010.48,bitcoin
2025-07-31,117853.3,118927.15,115493.77,115765.36,1991848800.07,bitcoin
2025-08-01,115765.36,116060.68,112682.82,113263.48,3851719228.71,bitcoin
2025-08-02,113263.48,114033.98,112006.36,112546.32,1407609649.0,bitcoin
2025-08-03,112546.32,114803.51,111925.95,114238.83,947196437.08,bitcoin
2025-08-04,114238.83,115744.56,114140.41,115065.9,1662390456.96,bitcoin
2025-08-05,115065.9,115111.39,112629.49,114127.63,1925704360.18,bitcoin
2025-08-06,114127.63,115748.22,113364.73,115038.45,1659630182.7,bitcoin
2025-08-07,115038.45,117690.87,114288.63,117522.28,1904030478.64,bitcoin
2025-08-08,117522.28,117698.38,115895.35,116692.86,1702088353.29,bitcoin
2025-08-09,116692.86,117940.29,116360.05,116501.28,926558904.04,bitcoin
2025-08-10,116501.28,119320.76,116496.35,119311.7,1248946431.14,bitcoin
2025-08-11,119311.7,122309.71,118106.91,118714.58,3086540255.03,bitcoin
2025-08-12,118714.58,120325.99,118214.28,120128.24,2172908089.75,bitcoin
2025-08-13,120128.24,123735.38,118948.18,123374.56,3321096939.91,bitcoin
2025-08-14,123374.56,124532.7,117241.12,118391.59,4249355541.57,bitcoin
2025-08-15,118391.59,119335.93,116865.92,117440.09,2327158152.31,bitcoin
2025-08-16,117440.09,118000.57,117242.73,117469.52,753827490.14,bitcoin
2025-08-17,117469.52,118639.81,117268.69,117488.0,791200441.51,bitcoin
2025-08-18,117488.0,117627.66,114716.49,116292.15,2634618667.75,bitcoin
2025-08-19,116292.15,116789.95,112738.04,112870.67,3006851749.91,bitcoin
2025-08-20,112870.67,114642.26,112387.14,114291.37,2610717313.9,bitcoin
2025-08-21,114291.37,114816.84,111993.84,112491.84,2256735254.8,bitcoin
2025-08-22,112491.84,117428.1,111675.14,116909.79,3261042644.22,bitcoin
2025-08-23,116909.79,117003.31,114533.54,115391.76,955311763.7,bitcoin
2025-08-24,115391.76,115626.28,110860.71,113486.67,1932434686.25,bitcoin
2025-08-25,113486.67,113648.57,109292.22,110150.15,3708998747.39,bitcoin
2025-08-26,110150.15,112407.53,108701.29,111805.93,2999152225.36,bitcoin
2025-08-27,111805.93,112669.11,110381.63,111276.98,2440706983.66,bitcoin
2025-08-28,111276.98,113487.65,110887.39,112582.21,1898278605.83,bitcoin
2025-08-29,112582.21,112646.73,107512.41,108393.15,3185827654.7,bitcoin
2025-08-30,108393.15,108937.23,107381.29,108833.53,1049906247.96,bitcoin
2025-08-31,108833.53,109510.25,108095.95,108273.72,990157824.59,bitcoin
2025-09-01,108273.72,109913.29,107271.39,109256.28,2365084072.12,bitcoin
2025-09-02,109256.28,111796.23,108420.77,111245.94,2993969175.78,bitcoin
2025-09-03,111245.94,112601.73,110556.54,111751.51,2132239039.57,bitcoin
2025-09-04,111751.51,112225.93,109345.22,110732.33,2162838407.83,bitcoin
2025-09-05,110732.33,113400.39,110217.27,110676.99,3163045481.16,bitcoin
2025-09-06,110676.99,111320.3,110019.89,110230.16,734143439.06,bitcoin
2025-09-07,110230.16,111607.85,110215.7,111143.24,720954382.33,bitcoin
2025-09-08,111143.24,112937.76,110628.16,112089.06,1829788896.49,bitcoin
2025-09-09,112089.06,113293.12,110777.59,111549.14,2108163610.41,bitcoin
2025-09-10,111549.14,114341.92,110940.58,113988.2,2661952161.9,bitcoin
2025-09-11,113988.2,115543.74,113457.52,115537.84,2096575532.81,bitcoin
2025-09-12,115537.84,116816.49,114785.3,116116.26,2412089976.27,bitcoin
2025-09-13,116116.26,116361.05,115207.42,115971.92,820638135.29,bitcoin
2025-09-14,115971.92,116227.37,115203.8,115351.87,843593558.49,bitcoin
2025-09-15,115351.87,116808.07,114427.7,115401.06,2137738674.14,bitcoin
2025-09-16,115401.06,117006.56,114765.74,116838.31,1890323067.86,bitcoin
2025-09-17,116838.31,117331.11,114742.84,116488.17,2750924037.55,bitcoin
2025-09-18,116488.17,117981.11,116134.78,117126.46,2253362090.44,bitcoin
2025-09-19,117126.46,117510.96,115150.85,115701.97,1947524484.47,bitcoin
2025-09-20,115701.97,116202.27,115488.37,115756.07,694697640.09,bitcoin
2025-09-21,115756.07,115900.98,115262.9,115299.83,626782372.11,bitcoin
2025-09-22,115299.83,115439.04,112027.44,112747.85,3197786129.9,bitcoin
2025-09-23,112747.85,113372.59,111518.32,112043.66,2080069063.95,bitcoin
2025-09-24,112043.66,114013.4,111118.7,113360.69,1988342351.86,bitcoin
2025-09-25,113360.69,113559.7,108664.26,109061.11,3874673081.63,bitcoin
2025-09-26,109061.11,110387.27,108695.14,109723.94,3057709370.2,bitcoin
2025-09-27,109723.94,109822.37,109156.33,109727.42,778286679.14,bitcoin
2025-09-28,109727.42,112406.99,109280.14,112226.65,1316899924.45,bitcoin
2025-09-29,112226.65,114496.59,111625.37,114407.08,2209223703.69,bitcoin
2025-09-30,114407.08,114866.53,112727.79,114078.18,2612642606.56,bitcoin
2025-10-01,114078.18,118722.74,114004.91,118666.73,3288729604.9,bitcoin
2025-10-02,118666.73,121107.24,118356.65,120630.71,3348607182.92,bitcoin
2025-10-03,120630.71,123996.37,119348.63,122318.86,4338240508.78,bitcoin
2025-10-04,122318.86,122898.15,121598.23,122455.39,1218962839.87,bitcoin
2025-10-05,122455.39,125748.81,122213.36,123535.21,2703677561.24,bitcoin
2025-10-06,123535.21,126287.29,123143.47,124723.0,3478551798.53,bitcoin
2025-10-07,124723.0,125225.23,120661.76,121414.53,3568433457.82,bitcoin
2025-10-08,121414.53,124254.95,121116.33,123358.65,3098621661.77,bitcoin
2025-10-09,123358.65,123818.95,119741.93,121713.94,3266509707.34,bitcoin
2025-10-10,121713.94,122586.57,105833.75,112998.91,7411664103.33,bitcoin
2025-10-11,112998.91,113462.03,109711.01,110779.65,4260858251.85,bitcoin
2025-10-12,110779.65,115849.48,109708.26,115084.73,4154852090.6,bitcoin
2025-10-13,115084.73,116064.34,113754.71,115279.04,3475980079.05,bitcoin
2025-10-14,115279.04,115514.54,109983.29,113097.76,4415300609.88,bitcoin
2025-10-15,113097.76,113679.91,110229.66,110819.47,3370232022.3,bitcoin
2025-10-16,110819.47,112027.41,107501.51,108212.4,4931780713.35,bitcoin
2025-10-17,108212.4,109278.91,103552.05,106485.41,5124514044.62,bitcoin
2025-10-18,106485.41,107544.75,106382.73,107228.76,1263875181.71,bitcoin
2025-10-19,107228.76,109508.08,106146.21,108701.79,1956837354.37,bitcoin
2025-10-20,108701.79,111743.25,107486.38,110583.29,3024980668.92,bitcoin
2025-10-21,110583.29,114069.11,107500.34,108387.11,4507488183.36,bitcoin
2025-10-22,108387.11,109181.59,106750.91,107604.16,3715585780.1,bitcoin
2025-10-23,107604.16,111341.37,107527.17,110114.95,2450418378.51,bitcoin
2025-10-24,110114.95,111967.35,109742.29,111046.29,2193655220.33,bitcoin
2025-10-25,111046.29,111071.01,110749.49,110845.11,23357605.49,bitcoin
2020-05-04,210.12,210.32,202.24,206.76,318236765.14,ethereum
2020-05-05,206.76,211.66,205.34,205.43,201692537.2,ethereum
2020-05-06,205.43,211.16,198.81,199.08,341816428.45,ethereum
2020-05-07,199.08,222.3,210.7,212.3,588968967.49,ethereum
2020-05-08,212.3,212.45,207.84,211.46,404185499.74,ethereum
2020-05-09,211.46,210.29,205.13,210.19,380138715.1,ethereum
2020-05-10,210.19,199.16,186.84,187.72,499697462.27,ethereum
2020-05-11,187.72,186.46,179.86,185.77,409270199.69,ethereum
2020-05-12,185.77,192.39,188.33,190.1,253560918.33,ethereum
2020-05-13,190.1,202.28,196.78,199.86,248583222.72,ethereum
2020-05-14,199.86,210.06,200.66,203.31,397775930.68,ethereum
2020-05-15,203.31,197.59,192.57,194.71,303712134.51,ethereum
2020-05-16,194.71,201.92,195.91,200.6,245295750.07,ethereum
2020-05-17,200.6,208.01,202.69,206.76,214183380.54,ethereum
2020-05-18,206.76,216.43,207.29,214.68,303053831.14,ethereum
2020-05-19,214.68,216.63,213.31,214.68,214104443.63,ethereum
2020-05-20,214.68,210.54,206.83,209.87,187926919.47,ethereum
2020-05-21,209.85,211.42,191.63,198.56,115900478.36,ethereum
2020-05-22,198.58,208.27,200.2,207.35,203883969.7,ethereum
2020-05-23,207.35,209.35,206.32,206.78,158295000.8,ethereum
2020-05-24,206.78,201.75,196.17,199.91,193178180.87,ethereum
2020-05-25,199.91,206.78,203.67,204.2,201016206.46,ethereum
2020-05-26,204.2,203.69,199.97,201.04,187471648.97,ethereum
2020-05-27,201.04,211.98,206.46,208.3,166790102.34,ethereum
2020-05-28,208.3,220.33,212.09,220.33,221217298.51,ethereum
2020-05-29,220.33,221.95,216.77,220.63,229023699.89,ethereum
2020-05-30,220.63,248.02,226.3,243.66,401336258.16,ethereum
2020-05-31,243.66,239.95,231.16,231.54,281521659.77,ethereum
2020-06-01,231.54,257.73,247.01,248.44,366906124.23,ethereum
2020-06-02,248.44,238.67,230.19,237.81,360122023.75,ethereum
2020-06-03,237.81,245.13,239.52,244.65,157079114.17,ethereum
2020-06-04,244.56,246.39,236.28,243.35,90413005.89,ethereum
2020-06-05,243.35,247.73,239.25,240.08,74553973.27,ethereum
2020-06-06,240.08,244.48,238.02,242.08,46231144.22,ethereum
2020-06-07,242.08,245.34,234.97,244.75,84241162.44,ethereum
2020-06-08,244.75,247.67,241.15,246.47,65548033.56,ethereum
2020-06-09,246.47,249.85,235.78,244.0,75833901.79,ethereum
2020-06-10,244.0,250.3,242.38,248.01,86962964.42,ethereum
2020-06-11,248.01,250.31,225.86,230.21,163068331.34,ethereum
2020-06-12,230.21,239.28,228.19,237.54,89734985.04,ethereum
2020-06-13,237.54,238.71,234.61,238.21,37591086.28,ethereum
2020-06-14,238.21,238.57,229.98,231.61,70815323.17,ethereum
2020-06-15,231.61,233.75,218.29,230.98,153345723.13,ethereum
2020-06-16,230.98,236.0,228.88,235.35,68381514.54,ethereum
2020-06-17,235.31,234.96,232.6,233.74,173917879.04,ethereum
2020-06-18,233.74,232.92,229.45,231.14,273554189.76,ethereum
2020-06-19,231.14,229.94,227.06,228.83,126984439.23,ethereum
2020-06-20,228.83,231.36,228.36,228.93,101863954.88,ethereum
2020-06-21,228.93,229.07,227.02,227.95,90728932.75,ethereum
2020-06-22,227.83,246.8,227.39,243.3,129354691.96,ethereum
2020-06-23,243.26,243.78,240.9,243.11,154096213.24,ethereum
2020-06-24,243.16,249.14,230.99,234.56,126699284.93,ethereum
2020-06-25,234.56,235.12,227.36,232.35,84427974.15,ethereum
2020-06-26,232.33,230.87,229.23,229.5,175646529.66,ethereum
2020-06-27,229.5,226.62,218.42,220.77,192053080.2,ethereum
2020-06-28,220.77,226.37,222.36,224.82,160427791.91,ethereum
2020-06-29,224.82,228.76,224.35,227.84,224693888.65,ethereum
2020-06-30,227.84,227.32,224.21,225.49,171575809.95,ethereum
2020-07-01,225.49,231.62,227.28,231.06,190036327.93,ethereum
2020-07-02,231.06,227.96,224.96,226.59,330209737.79,ethereum
2020-07-03,226.59,226.66,224.76,225.12,261884352.33,ethereum
2020-07-04,225.12,229.56,226.73,229.19,255496390.55,ethereum
2020-07-05,229.19,228.4,225.58,228.03,232611581.25,ethereum
2020-07-06,228.03,241.9,233.86,241.81,511159054.2,ethereum
2020-07-07,241.81,240.69,233.56,239.39,325137300.06,ethereum
2020-07-08,239.39,248.82,241.45,247.02,446444658.34,ethereum
2020-07-09,247.02,242.98,238.64,242.15,202935600.75,ethereum
2020-07-10,242.15,243.55,238.81,241.22,128868072.5,ethereum
2020-07-11,241.22,240.35,237.49,239.24,104005761.96,ethereum
2020-07-12,239.24,242.94,238.85,242.66,136986885.16,ethereum
2020-07-13,242.66,242.96,237.14,239.54,167491682.32,ethereum
2020-07-14,239.54,241.77,239.08,240.47,133683082.42,ethereum
2020-07-15,240.47,239.3,236.08,238.47,121931757.09,ethereum
2020-07-16,238.42,239.17,230.11,233.61,82733057.02,ethereum
2020-07-17,233.54,234.87,231.67,232.77,119410906.81,ethereum
2020-07-18,232.77,237.87,233.1,235.85,105902192.47,ethereum
2020-07-19,235.85,239.52,235.28,239.16,118084690.77,ethereum
2020-07-20,239.16,239.1,234.61,236.17,144874959.58,ethereum
2020-07-21,236.16,247.0,235.78,245.87,95966343.65,ethereum
2020-07-22,245.62,267.71,247.97,264.18,237610574.74,ethereum
2020-07-23,264.32,280.97,260.56,275.65,227497042.4,ethereum
2020-07-24,275.65,287.68,268.61,279.6,170698826.04,ethereum
2020-07-25,279.6,309.39,279.6,305.67,218403404.71,ethereum
2020-07-26,305.67,319.07,300.43,311.47,226259900.31,ethereum
2020-07-27,311.28,359.78,316.6,322.23,743147491.93,ethereum
2020-07-28,322.23,320.45,311.49,317.5,532201296.09,ethereum
2020-07-29,317.5,326.47,317.03,318.14,341878677.37,ethereum
2020-07-30,318.14,339.86,318.07,335.3,402895123.47,ethereum
2020-07-31,335.3,351.71,340.13,346.94,468835268.22,ethereum
2020-08-01,346.94,391.23,358.51,387.45,722568267.48,ethereum
2020-08-02,387.41,414.95,344.45,371.93,483607413.35,ethereum
2020-08-03,371.95,394.79,376.48,386.25,603703192.02,ethereum
2020-08-04,386.1,402.84,381.18,389.79,263396168.06,ethereum
2020-08-05,389.67,410.38,397.57,400.98,464468861.15,ethereum
2020-08-06,400.98,403.28,392.92,395.04,365262534.14,ethereum
2020-08-07,395.07,398.38,365.09,379.57,238575183.71,ethereum
2020-08-08,379.57,397.58,376.32,397.56,116573197.91,ethereum
2020-08-09,397.56,400.32,384.27,390.28,130828493.0,ethereum
2020-08-10,390.32,399.28,390.95,395.71,378431781.83,ethereum
2020-08-11,395.84,398.33,366.89,378.94,211575268.55,ethereum
2020-08-12,378.94,389.5,366.09,387.19,165583849.9,ethereum
2020-08-13,387.19,431.71,377.01,424.97,326856513.91,ethereum
2020-08-14,424.97,444.64,418.03,438.51,310718163.89,ethereum
2020-08-15,438.48,442.89,424.74,432.57,414440093.31,ethereum
2020-08-16,432.63,436.95,412.94,433.85,183747481.55,ethereum
2020-08-17,433.85,447.0,420.72,431.26,220294114.98,ethereum
2020-08-18,431.28,426.14,415.73,422.19,322064343.35,ethereum
2020-08-19,422.38,426.84,394.63,407.85,242013764.61,ethereum
2020-08-20,407.85,419.09,402.63,416.04,245429680.33,ethereum
2020-08-21,416.04,418.78,385.2,387.98,335992540.64,ethereum
2020-08-22,387.98,397.18,379.8,395.46,274291152.47,ethereum
2020-08-23,395.46,397.58,383.56,390.72,156583241.04,ethereum
2020-08-24,390.72,410.39,387.72,408.03,269045578.82,ethereum
2020-08-25,408.03,409.1,370.38,383.34,256111120.78,ethereum
2020-08-26,383.34,393.33,377.76,386.02,130709996.59,ethereum
2020-08-27,385.98,387.86,377.32,382.99,322334008.91,ethereum
2020-08-28,382.99,398.08,388.28,395.54,282317937.64,ethereum
2020-08-29,395.54,404.11,392.52,398.95,248727540.47,ethereum
2020-08-30,398.95,430.11,407.15,429.18,425180515.49,ethereum
2020-08-31,429.18,436.58,420.61,434.14,506717370.21,ethereum
2020-09-01,434.14,483.63,442.6,475.99,839941536.91,ethereum
2020-09-02,475.81,481.22,421.58,439.83,399846874.92,ethereum
2020-09-03,439.83,450.71,374.19,382.46,473102908.76,ethereum
2020-09-04,382.46,400.18,364.11,385.91,239570368.52,ethereum
2020-09-05,385.91,394.66,310.93,335.24,522017043.23,ethereum
2020-09-06,335.24,360.31,316.82,352.69,327280613.14,ethereum
2020-09-07,352.69,358.54,323.67,353.7,238264362.56,ethereum
2020-09-08,353.7,356.57,325.75,337.45,222558039.13,ethereum
2020-09-09,337.45,359.2,331.01,351.15,190044274.6,ethereum
2020-09-10,351.15,377.54,350.44,368.09,248139178.76,ethereum
2020-09-11,368.09,375.31,356.15,373.99,161816528.74,ethereum
2020-09-12,374.03,388.14,369.96,388.04,270883063.04,ethereum
2020-09-13,388.04,383.85,357.71,366.28,378959151.0,ethereum
2020-09-14,366.28,382.82,370.75,377.26,419514214.33,ethereum
2020-09-15,377.26,382.28,362.54,364.16,317572911.45,ethereum
2020-09-16,364.16,370.9,363.23,365.09,284764527.24,ethereum
2020-09-17,365.09,394.57,364.04,389.54,548924125.68,ethereum
2020-09-18,389.54,391.69,379.76,384.47,391327582.63,ethereum
2020-09-19,384.47,389.7,382.61,385.27,248935189.81,ethereum
2020-09-20,385.27,380.84,369.05,371.02,266122857.13,ethereum
2020-09-21,371.06,376.42,332.74,340.19,235743740.73,ethereum
2020-09-22,340.19,346.8,335.89,344.25,132686320.89,ethereum
2020-09-23,344.25,344.61,314.7,320.19,163392957.36,ethereum
2020-09-24,320.19,352.84,317.14,349.18,178780604.82,ethereum
2020-09-25,349.18,358.04,338.01,352.02,158007481.04,ethereum
2020-09-26,352.05,355.52,348.76,354.23,183296884.19,ethereum
2020-09-27,354.23,361.72,353.42,357.73,196081931.5,ethereum
2020-09-28,357.67,368.15,352.09,354.01,122046214.19,ethereum
2020-09-29,354.01,360.59,350.49,359.92,107212650.86,ethereum
2020-09-30,359.82,361.43,355.4,359.82,187102579.35,ethereum
2020-10-01,359.82,359.37,350.66,353.21,239865351.68,ethereum
2020-10-02,353.09,354.28,334.71,345.83,138979278.48,ethereum
2020-10-03,345.96,349.91,344.31,346.32,139693448.38,ethereum
2020-10-04,346.32,353.57,348.34,352.61,118652727.18,ethereum
2020-10-05,352.61,357.64,353.32,353.76,138916761.21,ethereum
2020-10-06,353.84,355.32,336.93,340.85,112291749.41,ethereum
2020-10-07,340.85,342.87,333.27,341.91,115694720.97,ethereum
2020-10-08,341.91,353.4,334.35,351.2,102219748.95,ethereum
2020-10-09,351.2,368.51,347.19,365.41,120746450.13,ethereum
2020-10-10,365.41,378.52,365.2,370.88,94915521.94,ethereum
2020-10-11,370.8,376.42,371.75,374.37,151826472.42,ethereum
2020-10-12,374.4,395.22,365.82,386.91,140830030.43,ethereum
2020-10-13,386.91,387.82,374.78,381.41,97704716.98,ethereum
2020-10-14,381.21,384.25,377.28,379.11,181262215.14,ethereum
2020-10-15,379.11,383.69,377.36,377.7,223497544.12,ethereum
2020-10-16,377.82,379.9,361.57,365.58,117467322.34,ethereum
2020-10-17,365.72,369.11,366.27,368.65,119010667.66,ethereum
2020-10-18,368.65,379.59,372.8,378.44,136049864.63,ethereum
2020-10-19,378.44,384.42,373.04,379.41,97474550.54,ethereum
2020-10-20,379.39,386.03,367.91,368.74,316902577.83,ethereum
2020-10-21,368.83,401.78,368.19,391.46,283451951.4,ethereum
2020-10-22,391.46,421.25,391.34,414.5,232628091.79,ethereum
2020-10-23,414.5,419.47,401.93,409.57,136314943.28,ethereum
2020-10-24,409.59,418.85,410.45,412.55,188086893.4,ethereum
2020-10-25,412.55,411.97,406.1,406.36,168766807.67,ethereum
2020-10-26,406.3,411.39,382.64,393.11,160975600.73,ethereum
2020-10-27,393.11,410.25,390.4,403.74,105902450.86,ethereum
2020-10-28,403.74,409.35,381.06,388.77,75394842.45,ethereum
2020-10-29,388.77,393.98,380.87,387.54,97143305.34,ethereum
2020-10-30,387.54,392.05,374.08,382.76,144640027.44,ethereum
2020-10-31,382.83,392.57,385.67,386.77,211918605.81,ethereum
2020-11-01,386.77,397.71,385.6,396.75,337253108.32,ethereum
2020-11-02,396.49,404.39,378.67,383.61,135741837.5,ethereum
2020-11-03,383.66,398.14,388.18,388.18,132583691.44,ethereum
2020-11-04,388.17,408.58,377.14,402.66,100082927.23,ethereum
2020-11-05,402.66,420.74,397.1,416.89,105310367.9,ethereum
2020-11-06,416.89,458.22,415.41,456.32,164108426.67,ethereum
2020-11-07,456.32,468.04,426.27,435.82,158253714.77,ethereum
2020-11-08,435.82,460.03,432.87,454.74,75984233.86,ethereum
2020-11-09,454.74,458.75,434.54,444.45,103452706.39,ethereum
2020-11-10,444.45,455.07,439.44,450.86,92709328.95,ethereum
2020-11-11,450.86,476.65,449.95,463.91,236182074.76,ethereum
2020-11-12,463.91,470.4,452.69,462.78,193184163.08,ethereum
2020-11-13,462.78,477.97,458.1,476.87,191393679.41,ethereum
2020-11-14,476.87,477.76,452.26,461.03,140465129.76,ethereum
2020-11-15,461.03,463.02,440.46,448.51,115840989.63,ethereum
2020-11-16,448.45,471.55,458.84,461.01,305327654.61,ethereum
2020-11-17,461.01,495.61,475.46,482.71,496984004.02,ethereum
2020-11-18,482.73,495.03,458.58,478.76,334999694.91,ethereum
2020-11-19,478.81,482.16,468.97,471.82,418935834.36,ethereum
2020-11-20,471.89,514.38,471.19,510.43,379278054.3,ethereum
2020-11-21,510.43,553.11,503.09,552.26,392076756.29,ethereum
2020-11-22,552.26,581.05,513.33,560.01,530834818.6,ethereum
2020-11-23,560.01,610.75,550.31,609.13,628512665.29,ethereum
2020-11-24,609.12,645.6,590.23,604.98,1211148193.21,ethereum
2020-11-25,605.05,606.1,554.92,569.4,404296921.42,ethereum
2020-11-26,569.4,576.94,482.39,520.22,810828523.33,ethereum
2020-11-27,520.22,531.01,494.78,518.83,332244579.12,ethereum
2020-11-28,518.83,548.25,507.33,537.99,248369034.48,ethereum
2020-11-29,537.99,576.77,531.08,576.0,231983170.72,ethereum
2020-11-30,576.0,616.29,571.15,616.14,535467109.2,ethereum
2020-12-01,616.14,636.06,566.47,586.23,762366851.43,ethereum
2020-12-02,586.23,604.64,576.61,598.26,314984220.64,ethereum
2020-12-03,598.26,623.7,586.55,616.55,316868104.63,ethereum
2020-12-04,616.55,620.5,566.14,567.67,369234314.74,ethereum
2020-12-05,567.79,599.99,580.64,596.93,447845298.9,ethereum
2020-12-06,596.93,610.44,599.0,602.3,397514748.44,ethereum
2020-12-07,602.3,602.49,587.53,591.36,381946393.32,ethereum
2020-12-08,591.53,595.17,549.12,554.82,307106189.41,ethereum
2020-12-09,554.82,577.8,530.82,573.44,418399444.97,ethereum
2020-12-10,573.44,575.27,548.52,558.36,198710326.68,ethereum
2020-12-11,558.36,560.35,535.92,544.14,310867291.92,ethereum
2020-12-12,544.14,574.11,543.48,568.26,166540219.65,ethereum
2020-12-13,568.26,595.05,563.87,590.72,201829035.68,ethereum
2020-12-14,590.72,591.45,575.93,586.35,162125862.95,ethereum
2020-12-15,586.35,596.93,579.25,589.17,172371762.61,ethereum
2020-12-16,589.17,638.73,581.3,637.74,497086861.72,ethereum
2020-12-17,637.74,675.88,627.08,643.16,878651645.58,ethereum
2020-12-18,643.16,664.2,629.63,654.55,341755740.38,ethereum
2020-12-19,654.55,669.79,646.4,658.7,338530489.08,ethereum
2020-12-20,658.7,661.05,621.84,638.17,308930175.05,ethereum
2020-12-21,638.17,647.83,596.6,607.9,486584732.86,ethereum
2020-12-22,607.9,637.85,587.94,637.23,347239331.3,ethereum
2020-12-23,637.23,638.29,552.44,585.25,506935177.53,ethereum
2020-12-24,585.25,614.84,565.82,612.32,295864857.77,ethereum
2020-12-25,612.32,633.8,604.38,626.83,292795859.77,ethereum
2020-12-26,626.83,651.93,615.66,636.07,350294888.79,ethereum
2020-12-27,636.07,714.04,625.57,683.98,842878848.15,ethereum
2020-12-28,683.98,746.88,681.29,729.59,781168475.41,ethereum
2020-12-29,729.59,739.39,688.87,731.55,507583628.28,ethereum
2020-12-30,731.55,758.27,717.54,752.53,495447971.32,ethereum
2020-12-31,752.53,755.68,722.92,737.15,405487796.36,ethereum
2021-01-01,737.15,749.71,717.14,730.6,320856381.75,ethereum
2021-01-02,730.6,788.27,716.71,774.9,688632713.33,ethereum
2021-01-03,774.9,1011.81,770.07,978.69,1987810339.53,ethereum
2021-01-04,978.69,1163.36,889.78,1043.16,2941908637.58,ethereum
2021-01-05,1043.16,1133.9,975.69,1103.19,2209100382.41,ethereum
2021-01-06,1103.19,1214.12,1059.19,1210.59,2817165249.56,ethereum
2021-01-07,1210.59,1290.46,1151.6,1225.5,1957429185.72,ethereum
2021-01-08,1225.5,1273.69,1067.33,1216.98,2103290577.04,ethereum
2021-01-09,1216.98,1307.77,1173.77,1279.96,1234090079.14,ethereum
2021-01-10,1279.96,1350.09,1163.66,1255.72,1931453689.24,ethereum
2021-01-11,1255.72,1259.54,912.42,1088.37,3831991768.04,ethereum
2021-01-12,1088.37,1149.87,1007.68,1050.04,1647583878.23,ethereum
2021-01-13,1050.04,1136.66,985.32,1129.84,1262994625.32,ethereum
2021-01-14,1129.84,1246.36,1087.39,1232.11,1349158455.8,ethereum
2021-01-15,1232.11,1255.19,1069.37,1169.06,1643038085.27,ethereum
2021-01-16,1169.06,1293.2,1152.92,1228.52,1250938805.76,ethereum
2021-01-17,1228.52,1269.49,1166.6,1233.73,957632921.26,ethereum
2021-01-18,1233.73,1260.68,1183.78,1258.31,813409622.3,ethereum
2021-01-19,1258.31,1439.37,1252.78,1367.65,2197247666.73,ethereum
2021-01-20,1367.65,1408.06,1234.88,1377.75,1802865032.38,ethereum
2021-01-21,1377.75,1389.04,1086.55,1111.49,2374156404.45,ethereum
2021-01-22,1111.49,1275.45,1044.92,1234.56,2068128154.63,ethereum
2021-01-23,1234.56,1272.57,1197.55,1234.1,766118780.58,ethereum
2021-01-24,1234.1,1400.2,1221.78,1392.45,1540273353.15,ethereum
2021-01-25,1392.45,1475.49,1296.02,1318.47,2072432387.85,ethereum
2021-01-26,1318.47,1378.06,1246.49,1368.22,1749379399.61,ethereum
2021-01-27,1368.22,1374.39,1207.77,1241.51,1798477778.92,ethereum
2021-01-28,1241.51,1361.36,1220.48,1330.78,1368788914.36,ethereum
2021-01-29,1330.78,1442.14,1287.5,1379.13,2215293756.32,ethereum
2021-01-30,1379.13,1406.51,1326.9,1379.35,798440634.01,ethereum
2021-01-31,1379.35,1381.53,1283.77,1314.18,653725686.92,ethereum
2021-02-01,1314.18,1377.77,1271.68,1374.57,774664819.38,ethereum
2021-02-02,1374.57,1549.2,1361.84,1513.9,1932069095.73,ethereum
2021-02-03,1513.9,1670.87,1510.16,1667.22,1832159523.59,ethereum
2021-02-04,1667.22,1697.97,1558.06,1597.44,1921213581.05,ethereum
2021-02-05,1597.44,1762.23,1592.92,1721.48,1626954142.52,ethereum
2021-02-06,1721.48,1744.33,1648.46,1679.14,1293997066.53,ethereum
2021-02-07,1679.14,1694.5,1494.84,1614.64,1480130359.34,ethereum
2021-02-08,1614.64,1779.25,1565.98,1752.87,1975321767.53,ethereum
2021-02-09,1752.87,1824.66,1710.46,1772.05,1573102089.36,ethereum
2021-02-10,1772.05,1838.93,1680.58,1743.0,1691442085.33,ethereum
2021-02-11,1743.0,1818.43,1705.77,1787.69,1043919213.74,ethereum
2021-02-12,1787.69,1867.1,1741.17,1844.84,1354431182.3,ethereum
2021-02-13,1844.84,1875.55,1765.87,1817.48,950428277.14,ethereum
2021-02-14,1817.48,1852.06,1786.75,1802.96,772757223.36,ethereum
2021-02-15,1802.96,1836.25,1661.33,1779.4,1616101004.74,ethereum
2021-02-16,1779.4,1825.9,1726.66,1782.83,1081268304.83,ethereum
2021-02-17,1782.83,1856.88,1734.79,1851.14,1021991301.71,ethereum
2021-02-18,1851.14,1950.03,1850.93,1939.61,1193546506.61,ethereum
2021-02-19,1939.61,1973.92,1891.32,1957.47,1170439220.78,ethereum
2021-02-20,1957.47,2038.52,1819.36,1915.12,1903964736.95,ethereum
2021-02-21,1915.12,1975.88,1885.62,1935.14,802733653.42,ethereum
2021-02-22,1935.14,1937.57,1446.99,1778.07,2656835977.99,ethereum
2021-02-23,1778.07,1781.51,1360.96,1578.19,3829356462.28,ethereum
2021-02-24,1578.19,1713.25,1500.94,1625.17,1769603424.19,ethereum
2021-02-25,1625.17,1672.23,1459.54,1481.88,1278762281.98,ethereum
2021-02-26,1481.88,1563.11,1400.53,1446.1,1529005290.71,ethereum
2021-02-27,1446.1,1526.93,1426.45,1460.23,867562033.49,ethereum
2021-02-28,1460.23,1469.7,1294.05,1422.58,1583883301.69,ethereum
2021-03-01,1422.58,1572.92,1413.28,1571.49,1205752163.07,ethereum
2021-03-02,1571.49,1604.11,1456.73,1488.67,906296855.1,ethereum
2021-03-03,1488.67,1657.11,1477.82,1568.65,917252731.88,ethereum
2021-03-04,1568.65,1625.02,1505.61,1538.37,1023294046.59,ethereum
2021-03-05,1538.37,1549.35,1443.48,1529.75,1053353462.19,ethereum
2021-03-06,1529.75,1670.56,1514.5,1651.48,1162129783.44,ethereum
2021-03-07,1651.48,1734.52,1631.59,1726.33,750450852.99,ethereum
2021-03-08,1726.33,1842.9,1666.76,1834.48,1199163171.81,ethereum
2021-03-09,1834.48,1872.1,1799.85,1872.1,939208423.11,ethereum
2021-03-10,1872.1,1878.68,1758.02,1795.63,1320531852.38,ethereum
2021-03-11,1795.63,1846.24,1726.09,1827.06,964788578.61,ethereum
2021-03-12,1827.06,1842.03,1722.01,1767.77,972065732.17,ethereum
2021-03-13,1767.77,1943.37,1728.87,1921.18,1104075445.89,ethereum
2021-03-14,1921.18,1931.77,1837.82,1848.69,690832715.33,ethereum
2021-03-15,1848.69,1891.24,1735.53,1794.83,1403489044.83,ethereum
2021-03-16,1794.83,1819.57,1716.2,1805.64,1108536467.78,ethereum
2021-03-17,1805.64,1838.35,1742.81,1823.03,1129204045.53,ethereum
2021-03-18,1823.03,1849.5,1759.7,1776.16,735764945.49,ethereum
2021-03-19,1776.16,1840.66,1734.36,1809.76,584649417.76,ethereum
2021-03-20,1809.76,1868.98,1800.95,1805.49,500262459.33,ethereum
2021-03-21,1805.49,1817.33,1747.94,1783.94,612374090.22,ethereum
2021-03-22,1783.94,1807.19,1657.58,1682.05,861293326.85,ethereum
2021-03-23,1682.05,1721.69,1652.19,1668.69,664606148.51,ethereum
2021-03-24,1668.69,1740.3,1546.93,1583.24,1282635340.24,ethereum
2021-03-25,1583.24,1621.59,1549.08,1586.98,845403275.47,ethereum
2021-03-26,1586.98,1700.19,1586.8,1699.89,653006855.68,ethereum
2021-03-27,1699.89,1732.36,1667.18,1713.94,409407275.39,ethereum
2021-03-28,1713.94,1725.59,1662.16,1686.74,345610376.43,ethereum
2021-03-29,1686.74,1840.88,1676.68,1816.48,861718830.25,ethereum
2021-03-30,1816.48,1859.58,1786.81,1841.4,588402836.48,ethereum
2021-03-31,1841.4,1947.27,1772.26,1919.08,1070069136.01,ethereum
2021-04-01,1919.08,1982.01,1888.82,1967.67,878675921.08,ethereum
2021-04-02,1967.67,2144.04,1949.57,2134.46,1171559202.46,ethereum
2021-04-03,2134.46,2138.57,2002.95,2009.19,966547451.67,ethereum
2021-04-04,2009.19,2092.26,1981.36,2076.62,549224714.37,ethereum
2021-04-05,2076.62,2130.42,2003.31,2107.73,729654195.02,ethereum
2021-04-06,2107.73,2150.74,2045.94,2112.29,990663666.13,ethereum
2021-04-07,2112.29,2128.54,1931.07,1964.18,1252547038.35,ethereum
2021-04-08,1964.18,2084.31,1950.13,2081.11,619720134.67,ethereum
2021-04-09,2081.11,2100.0,2049.84,2066.55,624512595.28,ethereum
2021-04-10,2066.55,2195.55,2057.75,2133.82,889892660.09,ethereum
2021-04-11,2133.82,2163.6,2113.71,2150.54,445144430.2,ethereum
2021-04-12,2150.54,2200.09,2102.81,2137.79,690437458.28,ethereum
2021-04-13,2137.79,2314.02,2136.24,2298.66,1214602558.5,ethereum
2021-04-14,2298.66,2446.07,2282.77,2431.86,1631081340.89,ethereum
2021-04-15,2431.86,2545.89,2401.07,2517.08,1311251415.24,ethereum
2021-04-16,2517.08,2547.4,2306.2,2425.96,1677614061.1,ethereum
2021-04-17,2425.96,2496.71,2315.76,2318.01,1057642278.34,ethereum
2021-04-18,2318.01,2339.37,1976.71,2240.96,2686887831.66,ethereum
2021-04-19,2240.96,2281.08,2071.54,2163.36,1554224533.41,ethereum
2021-04-20,2163.36,2348.17,2055.51,2332.45,1886717479.23,ethereum
2021-04-21,2332.45,2469.05,2238.47,2357.59,1971928079.96,ethereum
2021-04-22,2357.59,2644.5,2310.62,2401.35,3319342457.7,ethereum
2021-04-23,2401.35,2441.96,2096.0,2369.67,3462302445.7,ethereum
2021-04-24,2369.67,2370.67,2159.64,2216.56,1232014469.73,ethereum
2021-04-25,2216.56,2357.02,2166.7,2322.14,1563493601.18,ethereum
2021-04-26,2322.14,2542.23,2306.94,2534.9,1831381585.37,ethereum
2021-04-27,2534.9,2681.47,2485.34,2667.93,1576533318.02,ethereum
2021-04-28,2667.93,2761.78,2560.07,2750.91,2211100347.39,ethereum
2021-04-29,2750.91,2799.55,2672.02,2758.46,1693692607.67,ethereum
2021-04-30,2758.46,2799.6,2727.7,2775.96,1166672092.0,ethereum
2021-05-01,2775.96,2954.54,2757.04,2947.8,1319269388.69,ethereum
2021-05-02,2947.8,2985.05,2856.3,2951.98,1007547549.64,ethereum
2021-05-03,2951.98,3455.66,2951.85,3431.41,3650014191.34,ethereum
2021-05-04,3431.41,3531.04,3185.01,3241.09,4856094057.96,ethereum
2021-05-05,3241.09,3549.08,3208.25,3528.86,2987271855.25,ethereum
2021-05-06,3528.86,3607.98,3381.46,3491.74,2723700342.59,ethereum
2021-05-07,3491.74,3592.46,3360.6,3483.96,2017976762.42,ethereum
2021-05-08,3483.96,3959.92,3454.89,3916.25,2489085350.71,ethereum
2021-05-09,3916.25,3982.33,3730.53,3927.06,2421772525.96,ethereum
2021-05-10,3927.06,4210.05,3712.47,3949.77,4805160991.1,ethereum
2021-05-11,3949.77,4182.26,3770.53,4178.02,3146654572.85,ethereum
2021-05-12,4178.02,4379.79,3777.24,3811.29,5489764411.82,ethereum
2021-05-13,3811.29,4045.28,3546.6,3718.99,6173576604.52,ethereum
2021-05-14,3718.99,4176.42,3696.24,4080.13,2713948078.85,ethereum
2021-05-15,4080.13,4133.56,3634.39,3644.04,2665190551.47,ethereum
2021-05-16,3644.04,3879.08,3350.54,3586.18,3696212448.72,ethereum
2021-05-17,3586.18,3590.01,3117.41,3280.73,4924404061.32,ethereum
2021-05-18,3280.73,3564.97,3242.5,3377.65,3346074529.75,ethereum
2021-05-19,3377.65,3441.2,1947.97,2442.89,9657968555.96,ethereum
2021-05-20,2442.89,2996.39,2162.9,2772.84,5492948402.81,ethereum
2021-05-21,2772.84,2939.92,2107.47,2435.86,4714736714.8,ethereum
2021-05-22,2435.86,2486.25,2158.17,2297.03,3320459994.89,ethereum
2021-05-23,2297.03,2382.3,1736.21,2098.57,4985757879.79,ethereum
2021-05-24,2098.57,2675.29,2081.99,2648.77,4567480766.29,ethereum
2021-05-25,2648.77,2755.91,2387.23,2707.49,3915916814.09,ethereum
2021-05-26,2707.49,2912.07,2648.47,2888.94,3067471922.96,ethereum
2021-05-27,2888.94,2891.49,2641.48,2742.48,2281995472.98,ethereum
2021-05-28,2742.48,2761.88,2334.05,2412.36,3418586712.49,ethereum
2021-05-29,2412.36,2573.27,2208.58,2278.58,2557596064.82,ethereum
2021-05-30,2278.58,2475.92,2182.6,2386.91,2311564285.7,ethereum
2021-05-31,2386.91,2718.67,2274.99,2707.38,2183404966.43,ethereum
2021-06-01,2707.38,2742.61,2529.17,2634.23,1882287507.52,ethereum
2021-06-02,2634.23,2801.72,2553.06,2706.52,1593115620.38,ethereum
2021-06-03,2706.52,2889.66,2663.83,2856.01,1767131489.54,ethereum
2021-06-04,2856.01,2859.2,2554.63,2691.17,1870054033.42,ethereum
2021-06-05,2691.17,2816.78,2553.73,2629.76,1523173179.92,ethereum
2021-06-06,2629.76,2745.12,2615.9,2710.99,930314354.19,ethereum
2021-06-07,2710.99,2847.92,2574.68,2593.12,1734370558.93,ethereum
2021-06-08,2593.12,2621.22,2310.58,2509.23,2594319741.23,ethereum
2021-06-09,2509.23,2626.22,2407.88,2610.64,1819177646.94,ethereum
2021-06-10,2610.64,2624.05,2428.83,2471.56,1018177774.01,ethereum
2021-06-11,2471.56,2497.64,2322.3,2355.09,988630797.95,ethereum
2021-06-12,2355.09,2452.14,2259.36,2369.62,891766601.89,ethereum
2021-06-13,2369.62,2549.74,2310.29,2509.7,882400625.24,ethereum
2021-06-14,2509.7,2608.81,2462.27,2582.12,985454994.26,ethereum
2021-06-15,2582.12,2639.89,2507.88,2543.6,884043051.65,ethereum
2021-06-16,2543.6,2554.51,2351.52,2367.7,986488084.54,ethereum
2021-06-17,2367.7,2458.97,2306.4,2372.31,866421709.08,ethereum
2021-06-18,2372.31,2377.33,2135.22,2233.57,1193362399.58,ethereum
2021-06-19,2233.57,2278.35,2164.05,2166.61,715881808.7,ethereum
2021-06-20,2166.61,2276.61,2043.74,2243.6,1057105893.49,ethereum
2021-06-21,2243.6,2259.39,1870.01,1887.89,2759117557.28,ethereum
2021-06-22,1887.89,1998.75,1705.78,1880.83,3161540297.98,ethereum
2021-06-23,1880.83,2044.91,1827.2,1968.56,1416402416.38,ethereum
2021-06-24,1968.56,2034.57,1886.17,1989.01,882504031.49,ethereum
2021-06-25,1989.01,2019.45,1791.99,1810.27,1653237866.52,ethereum
2021-06-26,1810.27,1851.36,1717.91,1830.94,1021387751.81,ethereum
2021-06-27,1830.94,1984.58,1808.2,1983.33,1092710033.78,ethereum
2021-06-28,1983.33,2143.6,1961.83,2083.8,1308344183.96,ethereum
2021-06-29,2083.8,2245.38,2075.64,2165.61,990499298.9,ethereum
2021-06-30,2165.61,2287.05,2089.55,2276.14,1128164730.61,ethereum
2021-07-01,2276.14,2277.05,2074.67,2109.29,1069055464.26,ethereum
2021-07-02,2109.29,2159.25,2018.32,2155.65,855546242.98,ethereum
2021-07-03,2155.65,2238.77,2113.24,2227.18,511756918.09,ethereum
2021-07-04,2227.18,2387.73,2190.78,2323.27,690333030.43,ethereum
2021-07-05,2323.27,2323.53,2159.57,2196.71,817032182.71,ethereum
2021-07-06,2196.71,2349.66,2194.97,2322.63,852673341.75,ethereum
2021-07-07,2322.63,2408.53,2294.71,2317.12,771174149.51,ethereum
2021-07-08,2317.12,2324.72,2084.63,2114.51,1669543858.83,ethereum
2021-07-09,2114.51,2186.26,2048.12,2145.67,1261710486.51,ethereum
2021-07-10,2145.67,2190.77,2075.55,2110.47,539204127.95,ethereum
2021-07-11,2110.47,2173.19,2081.93,2140.45,337296664.18,ethereum
2021-07-12,2140.45,2168.12,2007.79,2032.88,713106274.89,ethereum
2021-07-13,2032.88,2046.08,1917.9,1940.61,808408679.47,ethereum
2021-07-14,1940.61,2019.42,1866.25,1994.22,758228459.63,ethereum
2021-07-15,1994.22,2039.24,1881.4,1918.17,858515598.28,ethereum
2021-07-16,1918.17,1964.79,1850.35,1877.05,682133152.13,ethereum
2021-07-17,1877.05,1918.93,1849.84,1899.96,526262391.22,ethereum
2021-07-18,1899.96,1993.26,1881.84,1891.96,563444548.7,ethereum
2021-07-19,1891.96,1918.43,1806.49,1818.6,755083019.62,ethereum
2021-07-20,1818.6,1840.59,1720.11,1786.52,1129313606.55,ethereum
2021-07-21,1786.52,2030.25,1755.61,1994.98,1115295604.75,ethereum
2021-07-22,1994.98,2046.29,1949.15,2024.74,764626427.4,ethereum
2021-07-23,2024.74,2131.09,1997.36,2125.57,724351214.33,ethereum
2021-07-24,2125.57,2199.99,2107.47,2185.98,800523696.67,ethereum
2021-07-25,2185.98,2197.07,2109.21,2194.34,486982701.92,ethereum
2021-07-26,2194.34,2430.27,2175.42,2228.67,1749133447.44,ethereum
2021-07-27,2228.67,2319.63,2152.97,2301.98,1127164753.79,ethereum
2021-07-28,2301.98,2346.53,2245.77,2301.12,883372200.32,ethereum
2021-07-29,2301.12,2398.97,2268.67,2383.24,669545747.5,ethereum
2021-07-30,2383.24,2471.75,2318.5,2463.61,998308862.77,ethereum
2021-07-31,2463.61,2553.71,2422.41,2531.75,638035305.39,ethereum
2021-08-01,2531.75,2698.09,2513.63,2556.41,1405547764.41,ethereum
2021-08-02,2556.41,2666.13,2507.76,2608.44,1270507490.79,ethereum
2021-08-03,2608.44,2632.24,2447.32,2508.21,1201033361.49,ethereum
2021-08-04,2508.21,2770.24,2458.12,2725.72,1182974472.34,ethereum
2021-08-05,2725.72,2844.03,2536.51,2829.23,1840893881.29,ethereum
2021-08-06,2829.23,2949.04,2722.76,2892.36,1602017697.15,ethereum
2021-08-07,2892.36,3172.52,2866.96,3162.43,1916399198.61,ethereum
2021-08-08,3162.43,3190.38,2949.65,3013.75,1246845074.97,ethereum
2021-08-09,3013.75,3187.64,2895.74,3164.94,1814885554.8,ethereum
2021-08-10,3164.94,3233.77,3053.01,3141.67,1628100044.55,ethereum
2021-08-11,3141.67,3274.22,3123.08,3163.42,1379418397.59,ethereum
2021-08-12,3163.42,3239.16,2981.32,3047.29,1580516998.17,ethereum
2021-08-13,3047.29,3328.83,3035.99,3324.26,1440675493.43,ethereum
2021-08-14,3324.26,3332.19,3208.8,3266.71,761182928.57,ethereum
2021-08-15,3266.71,3323.3,3115.33,3311.12,999629719.78,ethereum
2021-08-16,3311.12,3337.45,3137.59,3147.63,1207480563.4,ethereum
2021-08-17,3147.63,3292.09,2994.41,3011.96,1624081267.21,ethereum
2021-08-18,3011.96,3125.9,2952.86,3013.52,1162842776.74,ethereum
2021-08-19,3013.52,3187.36,2963.91,3184.74,1067409385.98,ethereum
2021-08-20,3184.74,3301.32,3179.27,3286.5,1211687408.42,ethereum
2021-08-21,3286.5,3310.73,3208.73,3226.59,697445564.75,ethereum
2021-08-22,3226.59,3274.41,3130.12,3241.65,653906471.77,ethereum
2021-08-23,3241.65,3378.69,3234.59,3322.71,1251116527.27,ethereum
2021-08-24,3322.71,3359.79,3150.96,3172.57,1008586226.64,ethereum
2021-08-25,3172.57,3248.84,3080.23,3228.86,982903687.8,ethereum
2021-08-26,3228.86,3251.2,3059.7,3093.62,917871423.67,ethereum
2021-08-27,3093.62,3282.69,3057.59,3275.87,1066589734.58,ethereum
2021-08-28,3275.87,3287.97,3212.9,3246.78,440641512.36,ethereum
2021-08-29,3246.78,3287.2,3154.86,3225.3,598363684.17,ethereum
2021-08-30,3225.3,3348.62,3146.73,3228.46,1341591930.15,ethereum
2021-08-31,3228.46,3480.11,3190.71,3435.17,1922788188.74,ethereum
2021-09-01,3435.17,3841.79,3385.05,3829.18,2152466889.63,ethereum
2021-09-02,3829.18,3837.51,3724.1,3787.7,1360330757.88,ethereum
2021-09-03,3787.7,4026.86,3712.13,3939.79,2016700978.59,ethereum
2021-09-04,3939.79,3969.89,3835.04,3887.01,898914227.68,ethereum
2021-09-05,3887.01,3982.63,3835.93,3952.33,832602701.76,ethereum
2021-09-06,3952.33,3971.74,3872.94,3928.4,971327540.19,ethereum
2021-09-07,3928.4,3947.45,3170.57,3433.48,3755934253.91,ethereum
2021-09-08,3433.48,3560.94,3217.86,3499.69,2254428180.74,ethereum
2021-09-09,3499.69,3567.91,3395.5,3424.24,1646622795.7,ethereum
2021-09-10,3424.24,3513.41,3149.58,3209.41,1736829807.16,ethereum
2021-09-11,3209.41,3347.75,3201.4,3266.43,931672905.38,ethereum
2021-09-12,3266.43,3471.17,3232.65,3405.32,936318554.79,ethereum
2021-09-13,3405.32,3429.17,3121.17,3285.4,1700713421.4,ethereum
2021-09-14,3285.4,3437.3,3272.39,3436.05,1035256383.1,ethereum
2021-09-15,3436.05,3617.68,3361.88,3615.22,1104834751.1,ethereum
2021-09-16,3615.22,3673.8,3484.59,3569.26,1522954456.45,ethereum
2021-09-17,3569.26,3593.71,3354.35,3398.82,1269889232.32,ethereum
2021-09-18,3398.82,3541.73,3370.5,3435.76,968755868.2,ethereum
2021-09-19,3435.76,3456.34,3282.08,3328.85,749411817.66,ethereum
2021-09-20,3328.85,3344.34,2926.56,2966.51,2854105768.19,ethereum
2021-09-21,2966.51,3103.63,2677.64,2760.2,2632590191.67,ethereum
2021-09-22,2760.2,3090.16,2738.86,3078.88,1546061749.14,ethereum
2021-09-23,3078.88,3177.43,3037.12,3154.62,1048023991.37,ethereum
2021-09-24,3154.62,3160.27,2745.73,2930.86,2116848129.48,ethereum
2021-09-25,2930.86,2968.99,2805.35,2925.34,992935823.56,ethereum
2021-09-26,2925.34,3116.4,2742.73,3064.21,1144546427.35,ethereum
2021-09-27,3064.21,3166.17,2925.7,2927.73,1109513874.46,ethereum
2021-09-28,2927.73,2970.52,2791.15,2807.44,1193298638.31,ethereum
2021-09-29,2807.44,2949.74,2784.02,2850.87,1015388802.44,ethereum
2021-09-30,2850.87,3048.78,2838.28,3000.83,1074045517.68,ethereum
2021-10-01,3000.83,3334.03,2969.29,3310.63,1480674960.09,ethereum
2021-10-02,3310.63,3469.12,3260.49,3389.48,869122812.18,ethereum
2021-10-03,3389.48,3488.52,3344.87,3420.14,748590158.94,ethereum
2021-10-04,3420.14,3437.69,3281.47,3384.5,1029946380.56,ethereum
2021-10-05,3384.5,3546.36,3366.32,3516.09,1026457702.21,ethereum
2021-10-06,3516.09,3626.63,3345.21,3576.08,1577043616.23,ethereum
2021-10-07,3576.19,3655.04,3471.22,3588.12,1115192656.55,ethereum
2021-10-08,3588.2,3669.37,3536.08,3562.84,944018845.76,ethereum
2021-10-09,3562.84,3633.84,3539.3,3576.4,486436966.61,ethereum
2021-10-10,3576.4,3604.88,3409.77,3416.49,685931826.8,ethereum
2021-10-11,3416.49,3622.59,3374.5,3544.14,924487424.69,ethereum
2021-10-12,3544.14,3548.55,3404.55,3490.61,1052426344.65,ethereum
2021-10-13,3490.61,3613.53,3413.15,3607.55,983041094.72,ethereum
2021-10-14,3607.55,3826.21,3589.52,3791.23,1472924368.3,ethereum
2021-10-15,3791.23,3902.04,3735.27,3868.16,1458863383.96,ethereum
2021-10-16,3868.16,3968.29,3804.18,3829.61,995972602.42,ethereum
2021-10-17,3829.61,3918.06,3651.37,3846.66,1045896725.37,ethereum
2021-10-18,3846.66,3894.27,3677.52,3746.14,1365253107.8,ethereum
2021-10-19,3746.14,3888.54,3733.6,3877.45,1110236475.25,ethereum
2021-10-20,3877.45,4168.74,3829.95,4162.49,1719887383.03,ethereum
2021-10-21,4162.49,4373.21,4015.24,4062.76,2439959842.9,ethereum
2021-10-22,4062.76,4168.19,3892.38,3971.95,1474774578.95,ethereum
2021-10-23,3971.95,4171.67,3937.93,4168.96,839766245.34,ethereum
2021-10-24,4168.96,4185.96,3963.11,4082.08,904114100.2,ethereum
2021-10-25,4082.08,4235.57,4069.68,4220.26,1140017638.98,ethereum
2021-10-26,4220.26,4295.04,4094.55,4129.95,1291728236.29,ethereum
2021-10-27,4129.95,4308.89,3921.73,3924.31,2371617544.49,ethereum
2021-10-28,3924.31,4294.39,3897.1,4288.22,2020610386.22,ethereum
2021-10-29,4288.22,4459.9,4268.45,4417.4,2095769732.29,ethereum
2021-10-30,4417.4,4433.67,4241.44,4323.94,948358418.96,ethereum
2021-10-31,4323.94,4395.57,4170.69,4290.1,1135939130.48,ethereum
2021-11-01,4290.1,4383.1,4153.91,4322.79,1425220983.08,ethereum
2021-11-02,4322.79,4603.64,4287.58,4593.15,1870280986.16,ethereum
2021-11-03,4593.15,4669.63,4457.12,4604.4,1842855559.04,ethereum
2021-11-04,4604.4,4608.55,4423.44,4536.99,1369081687.71,ethereum
2021-11-05,4536.99,4573.58,4446.48,4480.09,1023750022.65,ethereum
2021-11-06,4480.09,4532.21,4330.7,4521.41,889268557.48,ethereum
2021-11-07,4521.41,4638.45,4507.27,4617.13,745891590.35,ethereum
2021-11-08,4617.13,4823.95,4616.63,4810.97,1401093512.37,ethereum
2021-11-09,4810.97,4841.12,4710.0,4732.07,1331650830.12,ethereum
2021-11-10,4732.07,4865.94,4488.21,4632.98,2133668813.42,ethereum
2021-11-11,4632.98,4781.36,4579.28,4722.68,1045035758.02,ethereum
2021-11-12,4722.68,4807.7,4510.48,4668.7,1521700733.37,ethereum
2021-11-13,4668.7,4705.5,4587.56,4645.64,619103766.42,ethereum
2021-11-14,4645.64,4694.35,4517.53,4627.5,793795679.01,ethereum
2021-11-15,4627.5,4769.78,4542.39,4561.38,1163390034.39,ethereum
2021-11-16,4561.38,4564.74,4119.14,4210.14,2736848801.78,ethereum
2021-11-17,4210.14,4299.27,4072.31,4289.75,1453634025.34,ethereum
2021-11-18,4289.75,4345.89,3960.96,3998.17,2191561063.22,ethereum
2021-11-19,3998.17,4312.99,3976.76,4299.27,1570958313.67,ethereum
2021-11-20,4299.27,4438.77,4207.89,4415.72,793329749.88,ethereum
2021-11-21,4415.72,4427.16,4249.1,4264.61,677869864.33,ethereum
2021-11-22,4264.61,4316.81,4026.8,4090.46,1505604412.03,ethereum
2021-11-23,4090.46,4388.46,4064.13,4341.17,1418992817.98,ethereum
2021-11-24,4341.17,4372.59,4170.12,4271.96,1031134404.33,ethereum
2021-11-25,4271.96,4553.76,4250.21,4523.8,1026529358.49,ethereum
2021-11-26,4523.8,4553.39,3924.75,4042.55,2436905151.43,ethereum
2021-11-27,4042.55,4186.32,4032.49,4100.3,705324182.49,ethereum
2021-11-28,4100.3,4301.69,3966.8,4297.92,1016069613.05,ethereum
2021-11-29,4297.92,4461.9,4283.21,4448.49,1267610516.1,ethereum
2021-11-30,4448.49,4757.28,4351.26,4631.1,2807573673.7,ethereum
2021-12-01,4631.1,4781.93,4527.67,4587.74,2040601934.49,ethereum
2021-12-02,4587.74,4635.8,4436.52,4514.8,1418366718.66,ethereum
2021-12-03,4514.8,4659.62,4088.98,4219.32,2259654209.54,ethereum
2021-12-04,4219.32,4238.26,3692.26,4124.26,3148499591.46,ethereum
2021-12-05,4124.26,4255.77,4039.23,4201.09,1701512079.93,ethereum
2021-12-06,4201.09,4378.45,3921.25,4357.17,2557612886.32,ethereum
2021-12-07,4357.17,4431.06,4261.1,4309.7,1397029329.38,ethereum
2021-12-08,4309.7,4455.48,4229.69,4439.98,1271231903.62,ethereum
2021-12-09,4439.98,4489.81,4077.39,4111.92,1647959364.78,ethereum
2021-12-10,4111.92,4229.29,3890.33,3902.49,1887677550.92,ethereum
2021-12-11,3902.49,4099.04,3835.8,4088.68,1229885614.78,ethereum
2021-12-12,4088.68,4179.55,3990.11,4135.31,822451692.61,ethereum
2021-12-13,4135.31,4144.68,3672.91,3785.08,2479495385.68,ethereum
2021-12-14,3785.08,3882.64,3687.79,3862.18,1331915229.79,ethereum
2021-12-15,3862.18,4095.28,3651.32,4020.19,2261433715.25,ethereum
2021-12-16,4020.19,4113.2,3953.97,3957.03,1214057116.12,ethereum
2021-12-17,3957.03,3994.8,3701.56,3876.37,1510947390.05,ethereum
2021-12-18,3876.37,3998.59,3769.26,3961.96,905001419.39,ethereum
2021-12-19,3961.96,4032.94,3887.35,3924.55,714693305.99,ethereum
2021-12-20,3924.55,3982.81,3755.88,3945.57,1148343070.42,ethereum
2021-12-21,3945.57,4063.67,3911.66,4017.7,1100583287.23,ethereum
2021-12-22,4017.7,4075.0,3940.86,3981.26,769184671.11,ethereum
2021-12-23,3981.26,4155.17,3896.44,4112.35,1268269549.32,ethereum
2021-12-24,4112.35,4137.22,4014.98,4047.87,733002231.89,ethereum
2021-12-25,4047.87,4141.62,4023.5,4097.06,443317505.87,ethereum
2021-12-26,4097.06,4106.52,4008.08,4063.44,456822577.62,ethereum
2021-12-27,4063.44,4128.11,4030.81,4037.87,672618458.2,ethereum
2021-12-28,4037.87,4038.31,3761.18,3793.54,1320165386.47,ethereum
2021-12-29,3793.54,3827.6,3604.6,3629.31,1086528328.73,ethereum
2021-12-30,3629.31,3769.38,3588.54,3710.08,978675377.84,ethereum
2021-12-31,3710.08,3814.37,3621.79,3675.79,1110593109.24,ethereum
2022-01-01,3675.79,3777.06,3675.15,3766.74,552908047.08,ethereum
2022-01-02,3766.74,3854.47,3718.46,3830.92,532912408.05,ethereum
2022-01-03,3830.92,3850.72,3682.61,3765.16,733848876.26,ethereum
2022-01-04,3765.16,3891.61,3714.62,3785.67,938866049.19,ethereum
2022-01-05,3785.67,3847.65,3424.77,3536.77,1497204817.27,ethereum
2022-01-06,3536.77,3549.26,3300.16,3406.48,1549952613.52,ethereum
2022-01-07,3406.48,3415.21,3081.33,3196.47,2113480068.24,ethereum
2022-01-08,3196.47,3247.14,3000.44,3080.81,1176273571.17,ethereum
2022-01-09,3080.81,3211.44,3058.72,3150.83,744089597.15,ethereum
2022-01-10,3150.83,3180.23,2929.63,3083.68,1414704260.19,ethereum
2022-01-11,3083.68,3265.05,3053.43,3240.32,909974304.07,ethereum
2022-01-12,3240.32,3415.58,3207.8,3373.03,976636720.28,ethereum
2022-01-13,3373.03,3412.61,3234.68,3242.26,842177824.2,ethereum
2022-01-14,3242.26,3344.43,3190.86,3309.66,757380057.76,ethereum
2022-01-15,3309.66,3372.84,3262.31,3328.63,419775516.58,ethereum
2022-01-16,3328.63,3393.05,3275.11,3349.61,408917682.57,ethereum
2022-01-17,3349.61,3358.54,3143.23,3210.9,821946264.75,ethereum
2022-01-18,3210.9,3244.64,3085.01,3161.5,886615823.7,ethereum
2022-01-19,3161.5,3174.98,3048.26,3084.78,904276109.96,ethereum
2022-01-20,3084.78,3272.69,2987.33,3002.43,1059563581.09,ethereum
2022-01-21,3002.43,3033.86,2473.06,2569.59,2739752122.2,ethereum
2022-01-22,2569.59,2626.26,2306.11,2412.23,2161344450.57,ethereum
2022-01-23,2412.23,2549.64,2372.63,2541.6,1097388289.15,ethereum
2022-01-24,2541.6,2541.78,2160.66,2442.27,2488339892.27,ethereum
2022-01-25,2442.27,2508.14,2351.86,2459.65,1178707258.61,ethereum
2022-01-26,2459.65,2723.15,2402.99,2464.13,1884456587.88,ethereum
2022-01-27,2464.13,2521.07,2316.47,2425.83,1232688510.11,ethereum
2022-01-28,2425.83,2558.86,2359.78,2547.03,1045738950.11,ethereum
2022-01-29,2547.03,2637.58,2522.26,2603.1,648693006.43,ethereum
2022-01-30,2603.1,2639.97,2544.43,2603.24,496079257.79,ethereum
2022-01-31,2603.24,2707.52,2479.42,2689.14,923473240.93,ethereum
2022-02-01,2689.14,2814.09,2676.94,2790.15,1017221692.9,ethereum
2022-02-02,2790.15,2812.72,2613.75,2681.11,1117424351.2,ethereum
2022-02-03,2681.11,2727.32,2575.55,2697.18,883999086.79,ethereum
2022-02-04,2697.18,2998.46,2673.44,2997.18,1401499392.17,ethereum
2022-02-05,2997.18,3062.95,2962.22,3015.26,769211760.94,ethereum
2022-02-06,3015.26,3075.45,2952.8,3057.68,402035046.33,ethereum
2022-02-07,3057.68,3192.5,2996.04,3141.38,1158530947.35,ethereum
2022-02-08,3141.38,3233.58,3028.6,3118.76,1122580120.4,ethereum
2022-02-09,3118.76,3273.04,3057.51,3246.72,924663930.55,ethereum
2022-02-10,3246.72,3283.28,3059.58,3074.84,1273705251.69,ethereum
2022-02-11,3074.84,3139.99,2880.24,2928.93,1349461675.11,ethereum
2022-02-12,2928.93,2986.55,2859.52,2918.34,636492567.43,ethereum
2022-02-13,2918.34,2954.6,2839.03,2872.44,471244695.51,ethereum
2022-02-14,2872.44,2965.85,2832.37,2931.12,900749488.39,ethereum
2022-02-15,2931.12,3197.58,2913.29,3185.81,1002040864.64,ethereum
2022-02-16,3185.81,3189.15,3045.67,3124.33,803304744.19,ethereum
2022-02-17,3124.33,3161.66,2854.87,2894.42,1278963366.95,ethereum
2022-02-18,2894.42,2945.24,2753.63,2780.72,1096377704.49,ethereum
2022-02-19,2780.72,2831.75,2699.43,2764.5,563929415.84,ethereum
2022-02-20,2764.5,2765.19,2576.75,2622.7,788545229.88,ethereum
2022-02-21,2622.7,2759.38,2561.64,2570.15,1280527155.22,ethereum
2022-02-22,2570.15,2666.02,2502.79,2638.81,1088026319.81,ethereum
2022-02-23,2638.81,2755.04,2578.18,2580.97,937541603.27,ethereum
2022-02-24,2580.97,2708.0,2302.3,2597.94,2394587900.96,ethereum
2022-02-25,2597.94,2836.6,2573.59,2769.0,1068346401.49,ethereum
2022-02-26,2769.0,2872.94,2730.21,2780.32,637768288.08,ethereum
2022-02-27,2780.32,2835.86,2560.39,2617.32,1085892930.75,ethereum
2022-02-28,2617.32,2945.2,2571.64,2919.85,1390670729.71,ethereum
2022-03-01,2919.85,3035.04,2861.91,2976.59,1275345152.75,ethereum
2022-03-02,2976.59,3035.58,2916.52,2949.03,1110866879.98,ethereum
2022-03-03,2949.03,2971.29,2790.6,2833.71,888491373.47,ethereum
2022-03-04,2833.71,2834.95,2577.66,2622.51,1114507567.57,ethereum
2022-03-05,2622.51,2682.35,2591.96,2666.18,312186085.03,ethereum
2022-03-06,2666.18,2675.13,2550.56,2552.58,343584082.5,ethereum
2022-03-07,2552.58,2646.36,2450.51,2496.67,926973297.81,ethereum
2022-03-08,2496.67,2623.67,2486.41,2579.18,773261628.78,ethereum
2022-03-09,2579.18,2767.0,2572.58,2733.05,845338807.07,ethereum
2022-03-10,2733.05,2733.49,2565.89,2608.64,903490445.4,ethereum
2022-03-11,2608.64,2667.32,2528.3,2557.57,705087040.47,ethereum
2022-03-12,2557.57,2613.21,2555.12,2569.87,242567780.48,ethereum
2022-03-13,2569.87,2601.69,2498.79,2516.83,330151197.72,ethereum
2022-03-14,2516.83,2608.14,2503.88,2591.45,570156967.79,ethereum
2022-03-15,2591.45,2668.8,2512.0,2619.61,729493276.15,ethereum
2022-03-16,2619.61,2787.84,2607.23,2775.15,1032083525.66,ethereum
2022-03-17,2775.15,2835.17,2750.42,2814.64,802482340.33,ethereum
2022-03-18,2814.64,2978.26,2771.37,2941.32,1268306240.7,ethereum
2022-03-19,2941.32,2983.2,2907.12,2952.64,538679042.44,ethereum
2022-03-20,2952.64,2963.95,2820.11,2861.26,470175915.87,ethereum
2022-03-21,2861.26,2960.6,2834.51,2895.01,754395426.87,ethereum
2022-03-22,2895.01,3049.24,2888.86,2970.47,1105346813.25,ethereum
2022-03-23,2970.47,3038.65,2926.7,3037.3,891655004.6,ethereum
2022-03-24,3037.3,3129.44,3004.26,3112.85,1204417827.74,ethereum
2022-03-25,3112.85,3193.97,3080.87,3104.04,1043393468.05,ethereum
2022-03-26,3104.04,3153.55,3086.7,3146.36,308097209.43,ethereum
2022-03-27,3146.36,3299.22,3128.13,3296.46,599229501.54,ethereum
2022-03-28,3296.46,3433.9,3276.53,3334.29,1240484725.34,ethereum
2022-03-29,3334.29,3481.81,3331.97,3402.62,1057698452.9,ethereum
2022-03-30,3402.62,3443.99,3340.85,3385.11,730754932.49,ethereum
2022-03-31,3385.11,3445.59,3261.99,3282.78,892918044.54,ethereum
2022-04-01,3282.78,3481.39,3214.41,3455.72,1146333667.69,ethereum
2022-04-02,3455.72,3531.17,3435.63,3444.68,777202927.2,ethereum
2022-04-03,3444.68,3580.76,3414.24,3522.49,605819080.56,ethereum
2022-04-04,3522.49,3546.88,3408.47,3520.15,896630079.47,ethereum
2022-04-05,3520.15,3553.56,3397.01,3406.48,972367292.53,ethereum
2022-04-06,3406.48,3407.48,3162.57,3168.91,1587365720.77,ethereum
2022-04-07,3168.91,3269.19,3143.89,3229.28,836302734.24,ethereum
2022-04-08,3229.28,3313.28,3174.37,3192.92,738712527.46,ethereum
2022-04-09,3192.92,3268.83,3183.1,3259.62,295003082.23,ethereum
2022-04-10,3259.62,3308.86,3191.99,3202.89,391825529.05,ethereum
2022-04-11,3202.89,3214.49,2950.95,2979.52,1233562295.37,ethereum
2022-04-12,2979.52,3086.55,2951.54,3028.77,950255189.07,ethereum
2022-04-13,3028.77,3129.24,2997.92,3118.5,701662998.64,ethereum
2022-04-14,3118.5,3144.41,2976.71,3021.76,640639970.5,ethereum
2022-04-15,3021.76,3058.39,2994.32,3041.21,340633128.58,ethereum
2022-04-16,3041.21,3086.29,3011.45,3060.28,217214977.29,ethereum
2022-04-17,3060.28,3082.05,2982.78,2988.4,327041532.39,ethereum
2022-04-18,2988.4,3070.29,2883.58,3056.2,827696634.5,ethereum
2022-04-19,3056.2,3131.65,3030.72,3102.52,590853605.85,ethereum
2022-04-20,3102.52,3167.34,3036.35,3077.74,686897462.05,ethereum
2022-04-21,3077.74,3179.21,2943.42,2984.24,833558465.56,ethereum
2022-04-22,2984.24,3033.2,2933.76,2963.17,652250110.96,ethereum
2022-04-23,2963.17,2979.17,2917.56,2933.65,256592711.6,ethereum
2022-04-24,2933.65,2967.57,2912.94,2922.37,248805776.03,ethereum
2022-04-25,2922.37,3026.15,2798.58,3006.45,1088856116.93,ethereum
2022-04-26,3006.45,3037.19,2768.64,2809.6,927820742.34,ethereum
2022-04-27,2809.6,2919.74,2795.23,2889.72,787100076.86,ethereum
2022-04-28,2889.72,2979.81,2855.11,2936.49,778080070.18,ethereum
2022-04-29,2936.49,2945.97,2776.18,2817.23,844702667.04,ethereum
2022-04-30,2817.23,2841.57,2717.75,2726.98,399317728.28,ethereum
2022-05-01,2726.98,2848.48,2717.45,2826.04,411197825.48,ethereum
2022-05-02,2826.04,2882.32,2777.75,2856.12,866626990.45,ethereum
2022-05-03,2856.12,2861.43,2754.39,2780.63,643426033.63,ethereum
2022-05-04,2780.63,2967.75,2770.84,2940.31,830683889.51,ethereum
2022-05-05,2940.31,2953.25,2691.89,2747.28,905660794.97,ethereum
2022-05-06,2747.28,2757.11,2633.94,2692.08,867130443.62,ethereum
2022-05-07,2692.08,2703.39,2589.82,2635.19,359893218.95,ethereum
2022-05-08,2635.19,2641.2,2486.56,2519.08,692511713.12,ethereum
2022-05-09,2519.08,2529.04,2224.84,2230.95,1914870712.98,ethereum
2022-05-10,2230.95,2457.17,2200.52,2341.58,1850298109.21,ethereum
2022-05-11,2341.58,2450.75,2003.31,2077.83,2717512970.57,ethereum
2022-05-12,2077.83,2180.84,1713.99,1952.81,2753038207.64,ethereum
2022-05-13,1952.81,2143.61,1936.1,2006.51,1245554884.57,ethereum
2022-05-14,2006.51,2066.02,1947.83,2054.03,423017629.17,ethereum
2022-05-15,2054.03,2160.61,1998.56,2143.12,376701151.43,ethereum
2022-05-16,2143.12,2143.2,1977.84,2020.12,690038743.39,ethereum
2022-05-17,2020.12,2119.84,2006.05,2089.29,598230196.42,ethereum
2022-05-18,2089.29,2108.35,1906.04,1911.68,643148242.33,ethereum
2022-05-19,1911.68,2038.92,1900.91,2017.78,721565109.35,ethereum
2022-05-20,2017.78,2061.81,1920.61,1956.88,676297509.57,ethereum
2022-05-21,1956.88,1987.79,1935.87,1972.87,201843693.55,ethereum
2022-05-22,1972.87,2053.49,1963.85,2041.08,288595387.01,ethereum
2022-05-23,2041.08,2086.6,1955.11,1970.7,626635609.39,ethereum
2022-05-24,1970.7,1991.09,1910.52,1977.85,509629757.6,ethereum
2022-05-25,1977.85,2019.8,1933.25,1941.04,507595031.4,ethereum
2022-05-26,1941.04,1963.52,1741.21,1791.0,1030348371.06,ethereum
2022-05-27,1791.0,1820.36,1706.95,1724.73,1091437639.61,ethereum
2022-05-28,1724.73,1807.77,1720.57,1790.79,400672092.43,ethereum
2022-05-29,1790.79,1824.64,1763.04,1811.69,362774322.58,ethereum
2022-05-30,1811.69,2011.23,1802.61,1997.64,828850274.82,ethereum
2022-05-31,1997.64,2015.05,1925.15,1940.59,802528394.95,ethereum
2022-06-01,1940.59,1971.79,1764.1,1817.42,1020482594.24,ethereum
2022-06-02,1817.42,1851.73,1782.17,1833.26,622173440.24,ethereum
2022-06-03,1833.26,1842.2,1737.3,1773.59,569666491.39,ethereum
2022-06-04,1773.59,1814.31,1747.45,1803.65,225646408.54,ethereum
2022-06-05,1803.65,1828.49,1771.7,1804.7,208010346.16,ethereum
2022-06-06,1804.7,1918.1,1803.59,1858.56,600246125.39,ethereum
2022-06-07,1858.56,1872.07,1725.54,1812.7,705364504.92,ethereum
2022-06-08,1812.7,1836.67,1765.24,1791.03,508526918.8,ethereum
2022-06-09,1791.03,1831.74,1776.37,1787.71,357443811.84,ethereum
2022-06-10,1787.71,1802.8,1654.64,1661.1,687937104.94,ethereum
2022-06-11,1661.1,1680.39,1500.36,1530.28,854773704.94,ethereum
2022-06-12,1530.28,1544.55,1426.49,1434.02,825779676.24,ethereum
2022-06-13,1434.02,1452.8,1165.61,1209.12,2275582645.63,ethereum
2022-06-14,1209.12,1264.08,1075.44,1206.94,1519007309.93,ethereum
2022-06-15,1206.94,1244.06,1014.07,1236.89,1698606699.32,ethereum
2022-06-16,1236.89,1255.9,1050.94,1067.1,807377734.26,ethereum
2022-06-17,1067.1,1116.32,1050.3,1085.21,585011689.72,ethereum
2022-06-18,1085.21,1096.22,883.48,994.41,1080808875.04,ethereum
2022-06-19,994.41,1155.62,934.96,1127.03,776365310.03,ethereum
2022-06-20,1127.03,1166.85,1051.76,1126.99,617555699.32,ethereum
2022-06-21,1126.99,1191.51,1108.44,1124.71,619164299.73,ethereum
2022-06-22,1124.71,1125.84,1043.02,1048.3,517637610.39,ethereum
2022-06-23,1048.3,1152.53,1044.07,1143.46,500226767.62,ethereum
2022-06-24,1143.46,1244.33,1131.25,1224.12,622847139.93,ethereum
2022-06-25,1224.12,1254.84,1179.17,1241.0,348238056.74,ethereum
2022-06-26,1241.0,1279.04,1194.9,1198.25,459617043.48,ethereum
2022-06-27,1198.25,1237.14,1174.01,1190.73,409609422.41,ethereum
2022-06-28,1190.73,1235.14,1135.32,1142.41,516154549.5,ethereum
2022-06-29,1142.41,1154.69,1086.31,1098.71,547508525.24,ethereum
2022-06-30,1098.71,1105.36,999.01,1069.53,661034598.9,ethereum
2022-07-01,1069.53,1108.86,1032.22,1058.01,616888042.78,ethereum
2022-07-02,1058.01,1077.18,1027.1,1065.69,246197859.38,ethereum
2022-07-03,1065.69,1085.63,1040.16,1072.95,219767134.55,ethereum
2022-07-04,1072.95,1159.39,1043.99,1149.81,411008690.04,ethereum
2022-07-05,1149.81,1170.54,1076.57,1131.96,550223702.36,ethereum
2022-07-06,1131.96,1202.1,1110.65,1185.41,541697031.18,ethereum
2022-07-07,1185.41,1253.43,1162.49,1236.64,632226158.71,ethereum
2022-07-08,1236.64,1274.65,1192.55,1214.0,685525454.8,ethereum
2022-07-09,1214.0,1232.47,1204.27,1216.53,179916720.56,ethereum
2022-07-10,1216.53,1219.06,1153.51,1167.31,228056926.22,ethereum
2022-07-11,1167.31,1170.23,1085.3,1095.67,422804562.19,ethereum
2022-07-12,1095.67,1097.18,1032.47,1037.37,548112670.68,ethereum
2022-07-13,1037.37,1117.22,1009.82,1114.57,813163899.62,ethereum
2022-07-14,1114.57,1211.87,1072.08,1192.56,635957495.14,ethereum
2022-07-15,1192.56,1286.06,1180.38,1231.23,864043258.51,ethereum
2022-07-16,1231.23,1400.05,1191.62,1356.31,673738020.94,ethereum
2022-07-17,1356.31,1385.31,1320.65,1337.97,613273362.46,ethereum
2022-07-18,1337.97,1593.79,1335.77,1583.55,1515087201.75,ethereum
2022-07-19,1583.55,1625.03,1493.29,1543.12,1354213074.71,ethereum
2022-07-20,1543.12,1620.73,1487.09,1521.72,1024542971.16,ethereum
2022-07-21,1521.72,1605.45,1465.28,1575.68,847550503.86,ethereum
2022-07-22,1575.68,1645.63,1517.35,1535.71,840140414.82,ethereum
2022-07-23,1535.71,1596.62,1489.25,1549.19,446044212.66,ethereum
2022-07-24,1549.19,1663.54,1547.28,1597.72,520874215.21,ethereum
2022-07-25,1597.72,1609.22,1436.41,1438.01,825050213.7,ethereum
2022-07-26,1438.01,1454.25,1357.04,1449.61,672687209.31,ethereum
2022-07-27,1449.61,1644.64,1421.1,1636.88,1027698858.37,ethereum
2022-07-28,1636.88,1787.55,1594.83,1725.82,1357299240.21,ethereum
2022-07-29,1725.82,1765.97,1657.01,1722.28,957967061.54,ethereum
2022-07-30,1722.28,1744.59,1674.67,1697.52,567955261.28,ethereum
2022-07-31,1697.52,1751.92,1668.02,1679.55,424322605.22,ethereum
2022-08-01,1679.55,1704.81,1607.21,1630.62,627822477.99,ethereum
2022-08-02,1630.62,1677.78,1561.58,1631.11,720425386.6,ethereum
2022-08-03,1631.11,1683.19,1590.67,1618.68,761209687.44,ethereum
2022-08-04,1618.68,1663.09,1580.86,1607.96,741257669.99,ethereum
2022-08-05,1607.96,1740.57,1605.96,1736.78,1128383162.41,ethereum
2022-08-06,1736.78,1749.5,1687.21,1690.67,660571163.49,ethereum
2022-08-07,1690.67,1729.12,1669.23,1700.54,447819960.84,ethereum
2022-08-08,1700.54,1816.57,1693.75,1777.99,981265580.22,ethereum
2022-08-09,1777.99,1790.92,1669.6,1703.41,898080190.62,ethereum
2022-08-10,1703.41,1885.46,1657.4,1854.05,1352776291.18,ethereum
2022-08-11,1854.05,1941.32,1851.21,1881.06,1341570228.57,ethereum
2022-08-12,1881.06,1966.09,1854.29,1959.26,824715568.77,ethereum
2022-08-13,1959.26,2020.32,1947.46,1984.29,800730150.33,ethereum
2022-08-14,1984.29,2030.19,1907.04,1936.02,734838036.93,ethereum
2022-08-15,1936.02,2012.94,1869.02,1899.64,1291080609.46,ethereum
2022-08-16,1899.64,1915.11,1853.68,1877.16,938206003.68,ethereum
2022-08-17,1877.16,1957.07,1817.73,1834.04,1267374734.89,ethereum
2022-08-18,1834.04,1882.41,1821.45,1846.36,742010328.68,ethereum
2022-08-19,1846.36,1847.92,1603.31,1609.05,1847934898.07,ethereum
2022-08-20,1609.05,1656.86,1524.51,1575.73,1089158535.71,ethereum
2022-08-21,1575.73,1645.6,1562.97,1617.86,910431597.18,ethereum
2022-08-22,1617.86,1628.88,1529.73,1624.65,1182900442.15,ethereum
2022-08-23,1624.65,1672.46,1563.84,1664.76,1062895745.35,ethereum
2022-08-24,1664.76,1694.44,1605.04,1656.52,1100702910.25,ethereum
2022-08-25,1656.52,1722.01,1653.92,1695.85,765141174.18,ethereum
2022-08-26,1695.85,1704.96,1487.79,1508.09,1511768507.05,ethereum
2022-08-27,1508.09,1518.79,1448.62,1491.26,828407067.63,ethereum
2022-08-28,1491.26,1510.14,1424.21,1426.4,630935011.23,ethereum
2022-08-29,1426.4,1560.09,1422.09,1552.4,1049519720.22,ethereum
2022-08-30,1552.4,1605.77,1474.69,1524.62,1220810502.07,ethereum
2022-08-31,1524.62,1619.18,1524.26,1554.16,1107751190.46,ethereum
2022-09-01,1554.16,1598.99,1513.23,1585.98,752412872.72,ethereum
2022-09-02,1585.98,1649.27,1546.9,1575.91,822062063.91,ethereum
2022-09-03,1575.91,1582.39,1534.93,1557.54,318389181.65,ethereum
2022-09-04,1557.54,1582.8,1540.9,1579.06,251366855.06,ethereum
2022-09-05,1579.06,1629.13,1557.45,1617.5,481845237.91,ethereum
2022-09-06,1617.5,1686.59,1555.91,1558.9,1178593645.43,ethereum
2022-09-07,1558.9,1656.66,1490.73,1630.0,890171683.95,ethereum
2022-09-08,1630.0,1662.69,1596.45,1635.6,917720046.07,ethereum
2022-09-09,1635.6,1744.19,1631.06,1719.35,1004002586.51,ethereum
2022-09-10,1719.35,1789.58,1707.49,1774.69,442617943.59,ethereum
2022-09-11,1774.69,1789.21,1722.54,1767.02,424086159.35,ethereum
2022-09-12,1767.02,1783.07,1693.36,1716.53,688261837.42,ethereum
2022-09-13,1716.53,1755.79,1561.88,1574.56,1186666903.31,ethereum
2022-09-14,1574.56,1648.36,1555.15,1639.6,759203960.6,ethereum
2022-09-15,1639.6,1654.2,1459.21,1472.51,1283200244.31,ethereum
2022-09-16,1472.51,1483.2,1408.46,1433.97,881484582.21,ethereum
2022-09-17,1433.97,1476.0,1409.4,1469.05,427781777.37,ethereum
2022-09-18,1469.05,1470.03,1326.3,1334.3,664603372.25,ethereum
2022-09-19,1334.3,1392.37,1281.71,1376.21,820923081.03,ethereum
2022-09-20,1376.21,1384.51,1313.06,1323.07,1134751018.14,ethereum
2022-09-21,1323.07,1399.59,1220.78,1246.29,2158795290.82,ethereum
2022-09-22,1246.29,1342.74,1237.45,1326.15,1764192693.49,ethereum
2022-09-23,1326.15,1358.83,1262.97,1326.95,1770416488.71,ethereum
2022-09-24,1326.95,1349.09,1306.83,1317.11,688754375.79,ethereum
2022-09-25,1317.11,1336.88,1270.94,1294.72,741280751.13,ethereum
2022-09-26,1294.72,1340.64,1279.55,1336.65,1719754734.68,ethereum
2022-09-27,1336.65,1400.42,1304.41,1328.11,1537712811.95,ethereum
2022-09-28,1328.11,1354.97,1258.23,1337.15,1843309322.44,ethereum
2022-09-29,1337.15,1351.6,1288.59,1335.9,1346135197.35,ethereum
2022-09-30,1335.9,1372.44,1316.72,1328.7,1559138076.19,ethereum
2022-10-01,1328.7,1333.85,1303.19,1311.8,361595127.37,ethereum
2022-10-02,1311.8,1317.65,1272.05,1276.69,533576502.55,ethereum
2022-10-03,1276.69,1329.8,1265.42,1323.32,1066475762.56,ethereum
2022-10-04,1323.32,1370.09,1319.02,1361.9,962114984.8,ethereum
2022-10-05,1361.9,1364.69,1316.75,1352.44,897717802.0,ethereum
2022-10-06,1352.44,1384.03,1346.79,1352.4,1337183654.48,ethereum
2022-10-07,1352.4,1361.52,1317.95,1331.14,847055907.94,ethereum
2022-10-08,1331.14,1337.38,1303.92,1315.47,256701832.62,ethereum
2022-10-09,1315.47,1328.86,1307.58,1323.41,270217040.65,ethereum
2022-10-10,1323.41,1338.13,1289.77,1290.04,706276755.9,ethereum
2022-10-11,1290.04,1297.84,1268.05,1279.79,895785523.92,ethereum
2022-10-12,1279.79,1306.21,1275.03,1294.29,659072834.99,ethereum
2022-10-13,1294.29,1300.93,1199.77,1287.51,1553294534.83,ethereum
2022-10-14,1287.51,1343.39,1283.82,1296.63,1300245316.03,ethereum
2022-10-15,1296.63,1301.81,1264.0,1274.91,383099353.48,ethereum
2022-10-16,1274.91,1315.33,1274.68,1305.87,433760169.98,ethereum
2022-10-17,1305.87,1338.64,1295.86,1331.52,748550276.7,ethereum
2022-10-18,1331.52,1341.38,1287.13,1310.78,936900282.81,ethereum
2022-10-19,1310.78,1313.67,1280.17,1284.85,706514928.62,ethereum
2022-10-20,1284.85,1310.72,1271.7,1282.68,805186791.44,ethereum
2022-10-21,1282.68,1307.1,1254.6,1299.88,817282417.74,ethereum
2022-10-22,1299.88,1319.61,1294.4,1313.91,272863413.86,ethereum
2022-10-23,1313.91,1370.8,1300.09,1364.2,561742750.96,ethereum
2022-10-24,1364.2,1370.45,1324.47,1343.83,969857919.89,ethereum
2022-10-25,1343.83,1524.13,1335.31,1460.37,2350835728.61,ethereum
2022-10-26,1460.37,1595.06,1457.91,1566.85,2821129189.15,ethereum
2022-10-27,1566.85,1578.12,1505.22,1514.35,2182940242.05,ethereum
2022-10-28,1514.35,1574.67,1484.12,1555.12,1703276756.19,ethereum
2022-10-29,1555.12,1663.64,1548.24,1620.42,1488331267.57,ethereum
2022-10-30,1620.42,1640.31,1577.18,1590.93,891449874.51,ethereum
2022-10-31,1590.93,1635.53,1547.97,1572.88,1615108402.06,ethereum
2022-11-01,1572.88,1611.88,1563.39,1578.51,1109585843.08,ethereum
2022-11-02,1578.51,1620.26,1502.4,1518.33,2037801666.52,ethereum
2022-11-03,1518.33,1558.59,1515.32,1530.87,1152727124.17,ethereum
2022-11-04,1530.87,1671.48,1528.31,1645.06,1925861769.02,ethereum
2022-11-05,1645.06,1665.9,1621.64,1627.42,611265136.47,ethereum
2022-11-06,1627.42,1638.76,1565.49,1568.75,735107790.65,ethereum
2022-11-07,1568.75,1608.74,1546.59,1568.45,1378127340.69,ethereum
2022-11-08,1568.45,1579.41,1250.63,1334.22,4107836408.23,ethereum
2022-11-09,1334.22,1337.05,1081.28,1104.17,3360130314.53,ethereum
2022-11-10,1104.17,1347.76,1090.05,1296.01,1773564733.66,ethereum
2022-11-11,1296.01,1306.47,1200.46,1285.23,1409146347.24,ethereum
2022-11-12,1285.23,1289.04,1236.27,1254.95,427130657.25,ethereum
2022-11-13,1254.95,1272.09,1200.31,1219.85,429569400.6,ethereum
2022-11-14,1219.85,1288.74,1170.9,1241.39,855858844.55,ethereum
2022-11-15,1241.39,1288.55,1232.81,1252.0,723628030.12,ethereum
2022-11-16,1252.0,1266.73,1185.82,1215.24,742289325.22,ethereum
2022-11-17,1215.24,1227.03,1181.92,1199.45,568626212.85,ethereum
2022-11-18,1199.45,1231.6,1198.2,1210.98,441193528.12,ethereum
2022-11-19,1210.98,1231.29,1196.77,1216.52,230572688.07,ethereum
2022-11-20,1216.52,1225.0,1130.87,1140.47,491708817.05,ethereum
2022-11-21,1140.47,1144.37,1079.94,1105.99,990700383.48,ethereum
2022-11-22,1105.99,1140.64,1074.4,1137.75,824490701.43,ethereum
2022-11-23,1137.75,1189.1,1126.34,1183.69,750643596.67,ethereum
2022-11-24,1183.69,1215.66,1179.27,1202.96,547060532.6,ethereum
2022-11-25,1202.96,1205.7,1170.43,1198.4,396616881.99,ethereum
2022-11-26,1198.4,1233.38,1196.04,1204.94,329190686.13,ethereum
2022-11-27,1204.94,1222.51,1188.99,1193.2,267300240.57,ethereum
2022-11-28,1193.2,1198.53,1150.42,1167.3,526904922.21,ethereum
2022-11-29,1167.3,1225.87,1157.85,1215.7,573752908.47,ethereum
2022-11-30,1215.7,1309.06,1212.49,1294.92,893091016.94,ethereum
2022-12-01,1294.92,1299.63,1263.39,1276.36,556451968.76,ethereum
2022-12-02,1276.36,1297.11,1265.67,1295.61,536043267.27,ethereum
2022-12-03,1295.61,1307.27,1236.97,1241.13,397801316.77,ethereum
2022-12-04,1241.13,1286.38,1240.5,1279.89,312004682.21,ethereum
2022-12-05,1279.89,1305.5,1247.32,1259.37,588911337.44,ethereum
2022-12-06,1259.37,1274.29,1242.46,1271.38,495067956.08,ethereum
2022-12-07,1271.38,1276.71,1217.1,1231.35,500133032.01,ethereum
2022-12-08,1231.35,1291.22,1222.42,1280.28,596851329.1,ethereum
2022-12-09,1280.28,1295.62,1256.15,1262.95,525600440.57,ethereum
2022-12-10,1262.95,1282.69,1260.13,1266.34,258333254.5,ethereum
2022-12-11,1266.34,1283.59,1257.77,1263.27,288391972.72,ethereum
2022-12-12,1263.27,1278.74,1240.78,1275.37,534501434.1,ethereum
2022-12-13,1275.37,1346.51,1256.36,1320.43,786269925.3,ethereum
2022-12-14,1320.43,1350.33,1302.52,1307.5,926900276.47,ethereum
2022-12-15,1307.5,1311.34,1260.13,1266.59,768136956.69,ethereum
2022-12-16,1266.59,1279.37,1158.18,1167.85,1065048194.1,ethereum
2022-12-17,1167.85,1189.53,1162.32,1187.11,451167227.98,ethereum
2022-12-18,1187.11,1196.43,1172.99,1183.19,321056937.95,ethereum
2022-12-19,1183.19,1194.49,1152.43,1167.68,585378897.99,ethereum
2022-12-20,1167.68,1228.37,1163.29,1216.96,735691592.34,ethereum
2022-12-21,1216.96,1220.46,1204.4,1213.84,518496302.18,ethereum
2022-12-22,1213.84,1230.41,1183.8,1217.51,637447979.92,ethereum
2022-12-23,1217.51,1228.48,1213.65,1219.97,573753835.68,ethereum
2022-12-24,1219.97,1226.23,1214.24,1220.49,252819741.33,ethereum
2022-12-25,1220.49,1223.72,1199.6,1218.3,397681859.87,ethereum
2022-12-26,1218.3,1229.65,1212.89,1227.3,301306741.79,ethereum
2022-12-27,1227.3,1232.63,1202.88,1211.07,474996198.27,ethereum
2022-12-28,1211.07,1214.55,1182.48,1189.27,596230640.27,ethereum
2022-12-29,1189.27,1205.31,1186.42,1200.06,438196328.2,ethereum
2022-12-30,1200.06,1201.51,1182.25,1199.12,413969580.77,ethereum
2022-12-31,1199.12,1207.02,1191.63,1195.0,266114942.31,ethereum
2023-01-01,1195.0,1204.09,1190.52,1200.1,212091101.2,ethereum
2023-01-02,1200.1,1222.25,1192.5,1213.98,396971135.51,ethereum
2023-01-03,1213.98,1219.35,1205.08,1214.11,392700511.47,ethereum
2023-01-04,1214.11,1267.02,1212.42,1256.42,825157843.82,ethereum
2023-01-05,1256.42,1259.03,1242.51,1250.73,494598797.89,ethereum
2023-01-06,1250.73,1275.0,1236.5,1268.71,667398617.34,ethereum
2023-01-07,1268.71,1270.34,1261.21,1263.86,231711574.14,ethereum
2023-01-08,1263.86,1292.01,1258.59,1288.62,392241837.02,ethereum
2023-01-09,1288.62,1344.17,1285.01,1320.11,1022290294.83,ethereum
2023-01-10,1320.11,1346.45,1316.81,1335.42,682508755.42,ethereum
2023-01-11,1335.42,1393.42,1320.84,1388.95,750208058.14,ethereum
2023-01-12,1388.95,1436.9,1367.5,1416.05,1173416087.03,ethereum
2023-01-13,1416.05,1464.27,1401.0,1451.18,827418332.41,ethereum
2023-01-14,1451.18,1600.82,1449.52,1550.07,1000747558.84,ethereum
2023-01-15,1550.07,1566.18,1516.95,1552.71,605354595.73,ethereum
2023-01-16,1552.71,1601.54,1522.89,1577.02,854808666.21,ethereum
2023-01-17,1577.02,1606.64,1542.73,1565.15,701015677.04,ethereum
2023-01-18,1565.15,1610.01,1502.35,1512.28,1186461141.36,ethereum
2023-01-19,1512.28,1562.61,1509.86,1551.2,750596721.84,ethereum
2023-01-20,1551.2,1662.05,1542.76,1659.02,1052523938.77,ethereum
2023-01-21,1659.02,1678.11,1622.68,1626.68,911165415.27,ethereum
2023-01-22,1626.68,1661.85,1608.38,1627.79,787251000.78,ethereum
2023-01-23,1627.79,1646.52,1592.78,1626.47,872732022.61,ethereum
2023-01-24,1626.47,1641.25,1537.38,1556.12,911498894.01,ethereum
2023-01-25,1556.12,1638.48,1519.26,1610.94,1132268819.24,ethereum
2023-01-26,1610.94,1632.15,1579.46,1601.35,789028231.13,ethereum
2023-01-27,1601.35,1621.71,1553.36,1597.86,781935987.02,ethereum
2023-01-28,1597.86,1606.66,1558.63,1572.46,436021436.43,ethereum
2023-01-29,1572.46,1658.36,1566.99,1645.46,812096302.45,ethereum
2023-01-30,1645.46,1647.19,1539.51,1566.49,917935732.64,ethereum
2023-01-31,1566.49,1603.98,1561.82,1585.47,690489010.7,ethereum
2023-02-01,1585.47,1647.46,1558.29,1641.61,797147606.94,ethereum
2023-02-02,1641.61,1711.99,1630.57,1642.74,980080354.31,ethereum
2023-02-03,1642.74,1675.35,1628.58,1663.97,704445423.97,ethereum
2023-02-04,1663.97,1694.8,1646.23,1666.89,412803098.7,ethereum
2023-02-05,1666.89,1673.2,1611.8,1629.8,456219066.62,ethereum
2023-02-06,1629.8,1657.56,1607.64,1614.31,495673231.02,ethereum
2023-02-07,1614.31,1677.31,1613.44,1671.61,637931660.04,ethereum
2023-02-08,1671.61,1697.58,1631.15,1650.95,646763538.23,ethereum
2023-02-09,1650.95,1655.68,1527.63,1545.78,867896690.84,ethereum
2023-02-10,1545.78,1554.37,1496.52,1513.79,756041189.81,ethereum
2023-02-11,1513.79,1542.93,1508.54,1538.79,260403379.72,ethereum
2023-02-12,1538.79,1547.62,1495.57,1515.42,349138047.41,ethereum
2023-02-13,1515.42,1525.82,1464.59,1506.37,800954432.79,ethereum
2023-02-14,1506.37,1567.02,1494.06,1556.14,687412621.55,ethereum
2023-02-15,1556.14,1678.37,1543.35,1675.34,772032249.88,ethereum
2023-02-16,1675.34,1741.06,1634.58,1638.41,1030465375.37,ethereum
2023-02-17,1638.41,1721.57,1632.29,1694.3,754132750.16,ethereum
2023-02-18,1694.3,1710.86,1681.41,1691.98,307506654.43,ethereum
2023-02-19,1691.98,1725.04,1668.29,1681.25,507142415.32,ethereum
2023-02-20,1681.25,1719.4,1652.65,1703.53,508356423.43,ethereum
2023-02-21,1703.53,1716.4,1637.57,1659.64,659946431.8,ethereum
2023-02-22,1659.64,1665.93,1598.66,1643.28,846194678.13,ethereum
2023-02-23,1643.28,1678.49,1630.04,1650.59,699286522.36,ethereum
2023-02-24,1650.59,1664.27,1577.26,1607.86,799273822.59,ethereum
2023-02-25,1608.09,1609.27,1560.74,1594.89,351919078.03,ethereum
2023-02-26,1594.89,1649.95,1589.21,1641.93,368915540.44,ethereum
2023-02-27,1641.93,1665.57,1609.81,1633.97,598217352.12,ethereum
2023-02-28,1633.97,1647.17,1598.53,1605.0,456947652.79,ethereum
2023-03-01,1605.0,1669.19,1597.38,1665.45,576615214.76,ethereum
2023-03-02,1665.45,1677.33,1620.13,1647.79,551440002.57,ethereum
2023-03-03,1647.79,1649.2,1548.32,1569.58,739448646.09,ethereum
2023-03-04,1569.58,1577.04,1550.25,1566.93,176234475.2,ethereum
2023-03-05,1566.93,1587.47,1555.29,1564.76,277592151.28,ethereum
2023-03-06,1564.76,1581.84,1555.59,1565.91,384556985.72,ethereum
2023-03-07,1565.91,1581.82,1536.95,1561.65,539524295.29,ethereum
2023-03-08,1561.65,1570.28,1526.74,1532.44,533070618.78,ethereum
2023-03-09,1532.44,1545.42,1410.99,1437.54,859197707.07,ethereum
2023-03-10,1437.54,1438.29,1372.27,1431.4,1175848727.85,ethereum
2023-03-11,1431.4,1491.59,1417.03,1483.2,805115649.23,ethereum
2023-03-12,1483.2,1606.85,1461.17,1591.86,628102927.38,ethereum
2023-03-13,1591.86,1701.17,1570.93,1680.71,1009058317.0,ethereum
2023-03-14,1680.71,1783.47,1665.23,1705.06,1225543590.64,ethereum
2023-03-15,1705.06,1721.97,1615.32,1652.94,948181307.92,ethereum
2023-03-16,1652.94,1694.64,1636.09,1676.86,563676442.36,ethereum
2023-03-17,1676.86,1802.78,1666.43,1793.04,962507961.8,ethereum
2023-03-18,1793.04,1843.54,1752.76,1763.35,798340920.36,ethereum
2023-03-19,1763.35,1845.39,1762.75,1785.66,607696097.2,ethereum
2023-03-20,1785.66,1808.06,1729.6,1738.39,799956695.25,ethereum
2023-03-21,1738.39,1839.07,1724.94,1806.98,712333244.98,ethereum
2023-03-22,1806.98,1822.98,1716.26,1738.78,764719792.48,ethereum
2023-03-23,1738.78,1859.48,1733.81,1817.43,686206044.67,ethereum
2023-03-24,1817.43,1821.83,1729.2,1751.94,630907409.49,ethereum
2023-03-25,1751.94,1763.98,1715.91,1743.78,297620002.87,ethereum
2023-03-26,1743.78,1799.07,1741.42,1775.76,352102221.17,ethereum
2023-03-27,1775.76,1781.73,1689.98,1716.29,495106395.7,ethereum
2023-03-28,1716.29,1794.81,1703.04,1773.6,500712364.6,ethereum
2023-03-29,1773.6,1825.56,1773.37,1793.38,556581897.53,ethereum
2023-03-30,1793.38,1828.37,1764.92,1793.89,585790681.35,ethereum
2023-03-31,1793.89,1845.88,1781.06,1822.07,547831728.98,ethereum
2023-04-01,1822.07,1841.93,1812.0,1821.79,247088424.15,ethereum
2023-04-02,1821.79,1825.84,1774.64,1795.71,212602211.37,ethereum
2023-04-03,1795.71,1839.66,1764.32,1810.94,594690795.24,ethereum
2023-04-04,1810.94,1888.06,1803.22,1871.46,670176881.19,ethereum
2023-04-05,1871.46,1939.99,1865.31,1909.28,664954864.65,ethereum
2023-04-06,1909.28,1910.51,1856.41,1872.91,440377262.88,ethereum
2023-04-07,1872.91,1883.02,1844.5,1864.89,264266851.34,ethereum
2023-04-08,1864.89,1880.16,1848.48,1849.91,171404063.71,ethereum
2023-04-09,1849.91,1874.21,1827.69,1859.73,278524755.74,ethereum
2023-04-10,1859.73,1918.88,1848.26,1911.14,446407551.48,ethereum
2023-04-11,1911.14,1937.09,1884.47,1891.5,504305398.27,ethereum
2023-04-12,1891.5,1933.6,1857.04,1918.62,653001508.03,ethereum
2023-04-13,1918.62,2023.26,1901.56,2013.97,900794714.15,ethereum
2023-04-14,2013.97,2130.29,2011.32,2101.73,1193601441.09,ethereum
2023-04-15,2101.73,2111.97,2075.03,2092.41,396180074.82,ethereum
2023-04-16,2092.41,2141.06,2075.09,2120.17,439801683.04,ethereum
2023-04-17,2120.17,2121.95,2058.85,2075.88,554772213.93,ethereum
2023-04-18,2075.88,2123.91,2056.08,2104.71,509113199.16,ethereum
2023-04-19,2104.71,2105.44,1924.98,1935.92,911422903.55,ethereum
2023-04-20,1935.92,1981.29,1916.74,1943.43,657577879.08,ethereum
2023-04-21,1943.43,1956.31,1826.58,1849.09,767020777.78,ethereum
2023-04-22,1849.09,1888.37,1843.85,1874.58,243379837.02,ethereum
2023-04-23,1874.58,1882.06,1839.06,1862.38,300444587.03,ethereum
2023-04-24,1862.38,1889.42,1807.89,1842.55,570636520.13,ethereum
2023-04-25,1842.55,1877.88,1804.47,1866.52,494254797.08,ethereum
2023-04-26,1866.52,1964.15,1787.84,1866.8,930750404.58,ethereum
2023-04-27,1866.8,1938.4,1862.3,1909.45,785126171.38,ethereum
2023-04-28,1909.45,1926.97,1879.39,1896.05,425868672.46,ethereum
2023-04-29,1896.05,1920.53,1889.17,1911.23,169819033.56,ethereum
2023-04-30,1911.23,1939.2,1869.96,1872.4,316695826.29,ethereum
2023-05-01,1872.4,1887.47,1807.93,1832.65,501499426.35,ethereum
2023-05-02,1832.65,1881.71,1824.97,1871.76,368465427.45,ethereum
2023-05-03,1871.76,1916.17,1844.78,1906.04,438240180.13,ethereum
2023-05-04,1906.04,1917.18,1868.88,1878.59,314539294.6,ethereum
2023-05-05,1878.59,2000.29,1877.51,1996.13,680967049.89,ethereum
2023-05-06,1996.13,2018.09,1866.45,1901.94,501429621.42,ethereum
2023-05-07,1901.94,1938.6,1877.94,1879.47,313882607.91,ethereum
2023-05-08,1879.47,1893.06,1815.78,1853.94,664714401.47,ethereum
2023-05-09,1853.94,1863.13,1838.55,1848.91,338236687.64,ethereum
2023-05-10,1848.91,1888.41,1792.58,1842.62,615019660.03,ethereum
2023-05-11,1842.62,1843.1,1773.59,1795.51,435960460.99,ethereum
2023-05-12,1795.51,1816.48,1740.86,1808.28,467334013.56,ethereum
2023-05-13,1808.28,1816.94,1787.56,1796.08,173889132.85,ethereum
2023-05-14,1796.08,1824.28,1792.12,1800.16,169553393.6,ethereum
2023-05-15,1800.16,1846.84,1786.44,1817.04,379365245.9,ethereum
2023-05-16,1817.04,1832.36,1797.37,1824.54,286581998.35,ethereum
2023-05-17,1824.54,1836.15,1784.88,1822.22,295642800.65,ethereum
2023-05-18,1822.22,1831.69,1772.4,1800.84,261830100.8,ethereum
2023-05-19,1800.84,1829.37,1797.55,1812.74,199390959.13,ethereum
2023-05-20,1812.74,1829.55,1807.6,1820.0,117125781.65,ethereum
2023-05-21,1820.0,1829.11,1799.27,1805.38,110171780.38,ethereum
2023-05-22,1805.38,1828.61,1792.65,1817.83,199800403.15,ethereum
2023-05-23,1817.83,1871.1,1815.76,1854.48,290332107.99,ethereum
2023-05-24,1854.48,1854.71,1778.69,1799.99,311671841.31,ethereum
2023-05-25,1799.99,1818.3,1762.69,1806.04,275579486.08,ethereum
2023-05-26,1806.04,1838.57,1797.48,1828.68,218981012.22,ethereum
2023-05-27,1828.68,1836.85,1815.82,1830.98,90250026.95,ethereum
2023-05-28,1830.98,1916.88,1824.86,1909.28,260979861.41,ethereum
2023-05-29,1909.28,1927.41,1875.5,1893.17,283875868.0,ethereum
2023-05-30,1893.17,1917.42,1882.96,1901.19,302468580.12,ethereum
2023-05-31,1901.19,1907.76,1848.86,1874.03,320126617.18,ethereum
2023-06-01,1874.03,1888.53,1841.67,1862.24,311566762.29,ethereum
2023-06-02,1862.24,1910.56,1848.47,1907.36,324600206.34,ethereum
2023-06-03,1907.36,1909.45,1883.38,1892.63,132138660.62,ethereum
2023-06-04,1892.63,1913.76,1885.28,1890.37,139808423.0,ethereum
2023-06-05,1890.37,1891.16,1779.9,1811.47,475161890.31,ethereum
2023-06-06,1811.47,1897.07,1798.32,1886.35,399470424.17,ethereum
2023-06-07,1886.35,1899.05,1821.13,1832.56,376467803.89,ethereum
2023-06-08,1832.56,1861.23,1829.28,1846.12,177740176.57,ethereum
2023-06-09,1846.12,1855.2,1827.89,1840.51,193799820.21,ethereum
2023-06-10,1840.51,1845.05,1718.43,1752.49,512816424.25,ethereum
2023-06-11,1752.49,1777.75,1739.68,1753.15,171893158.83,ethereum
2023-06-12,1753.15,1758.52,1720.3,1742.66,273713982.1,ethereum
2023-06-13,1742.66,1765.63,1724.83,1739.4,287829194.43,ethereum
2023-06-14,1739.4,1749.8,1631.71,1650.8,365982713.53,ethereum
2023-06-15,1650.8,1677.32,1622.51,1665.43,371752813.77,ethereum
2023-06-16,1665.43,1727.38,1650.36,1716.87,248248593.82,ethereum
2023-06-17,1716.87,1764.23,1713.46,1727.25,135246610.67,ethereum
2023-06-18,1727.25,1747.15,1714.24,1720.51,105602986.61,ethereum
2023-06-19,1720.51,1750.51,1702.53,1736.79,189833856.65,ethereum
2023-06-20,1736.79,1796.2,1714.37,1792.7,360202462.41,ethereum
2023-06-21,1792.7,1901.09,1787.65,1889.61,608041064.43,ethereum
2023-06-22,1889.61,1932.43,1867.05,1872.42,430137565.01,ethereum
2023-06-23,1872.42,1935.61,1862.87,1893.52,364062998.23,ethereum
2023-06-24,1893.52,1906.41,1865.87,1875.91,161217137.17,ethereum
2023-06-25,1875.91,1930.13,1870.0,1899.41,243821770.45,ethereum
2023-06-26,1899.41,1908.51,1837.8,1859.19,287969485.35,ethereum
2023-06-27,1859.19,1912.27,1855.91,1889.8,286149889.21,ethereum
2023-06-28,1889.8,1890.36,1816.8,1827.54,298601057.72,ethereum
2023-06-29,1827.54,1879.3,1826.86,1852.08,211210015.81,ethereum
2023-06-30,1852.08,1946.35,1824.32,1933.62,626117328.74,ethereum
2023-07-01,1933.62,1943.98,1909.02,1924.32,170397820.6,ethereum
2023-07-02,1924.32,1959.65,1886.23,1937.46,259524177.47,ethereum
2023-07-03,1937.46,1976.4,1933.97,1955.81,333458002.68,ethereum
2023-07-04,1955.81,1966.58,1931.77,1936.37,182921227.93,ethereum
2023-07-05,1936.37,1942.52,1894.61,1910.36,225539498.22,ethereum
2023-07-06,1910.36,1957.31,1846.2,1846.23,373111691.55,ethereum
2023-07-07,1846.23,1877.83,1826.76,1870.78,236998422.03,ethereum
2023-07-08,1870.78,1872.81,1842.91,1865.62,124473027.23,ethereum
2023-07-09,1865.62,1878.95,1857.05,1863.09,104769250.13,ethereum
2023-07-10,1863.09,1905.56,1847.56,1880.69,248076590.36,ethereum
2023-07-11,1880.69,1890.88,1862.62,1878.62,174708055.4,ethereum
2023-07-12,1878.62,1902.85,1864.64,1871.83,270619306.85,ethereum
2023-07-13,1871.83,2013.71,1863.04,2005.75,656466648.57,ethereum
2023-07-14,2005.75,2028.23,1899.87,1939.13,527215689.43,ethereum
2023-07-15,1939.13,1947.02,1927.45,1931.84,123753926.65,ethereum
2023-07-16,1931.84,1943.9,1915.46,1923.31,116791257.98,ethereum
2023-07-17,1923.31,1936.44,1873.95,1911.56,342329027.22,ethereum
2023-07-18,1911.56,1917.42,1876.56,1897.76,322922232.52,ethereum
2023-07-19,1897.76,1921.35,1882.24,1888.8,279760726.89,ethereum
2023-07-20,1888.8,1928.8,1878.34,1891.77,287230417.85,ethereum
2023-07-21,1891.77,1905.23,1884.8,1891.92,156384021.65,ethereum
2023-07-22,1891.92,1897.37,1853.5,1866.58,117565051.78,ethereum
2023-07-23,1866.58,1905.05,1858.59,1888.72,165984164.63,ethereum
2023-07-24,1888.72,1890.69,1833.52,1849.87,347928550.49,ethereum
2023-07-25,1849.87,1867.76,1845.54,1857.51,163792722.05,ethereum
2023-07-26,1857.51,1887.19,1848.5,1871.94,217544577.61,ethereum
2023-07-27,1871.94,1885.88,1854.75,1860.95,172986040.03,ethereum
2023-07-28,1860.95,1882.21,1856.42,1874.32,157806868.85,ethereum
2023-07-29,1874.32,1886.25,1869.84,1880.9,67420133.0,ethereum
2023-07-30,1880.9,1885.32,1849.68,1861.71,132571482.86,ethereum
2023-07-31,1861.71,1876.63,1850.86,1856.01,201325420.68,ethereum
2023-08-01,1856.01,1874.67,1812.77,1872.96,404099981.78,ethereum
2023-08-02,1872.96,1878.64,1820.43,1839.07,281934846.64,ethereum
2023-08-03,1839.07,1857.31,1824.39,1834.44,208780805.48,ethereum
2023-08-04,1834.44,1849.34,1815.23,1827.52,217682208.64,ethereum
2023-08-05,1827.52,1837.2,1824.73,1834.9,73250862.43,ethereum
2023-08-06,1834.9,1836.84,1824.48,1827.81,76980593.22,ethereum
2023-08-07,1827.81,1844.14,1800.61,1827.07,252903494.71,ethereum
2023-08-08,1827.07,1875.47,1824.41,1855.78,284363251.37,ethereum
2023-08-09,1855.78,1870.77,1844.53,1854.14,201917130.17,ethereum
2023-08-10,1854.14,1864.25,1844.49,1850.51,134629659.34,ethereum
2023-08-11,1850.51,1855.2,1837.1,1847.01,137388777.18,ethereum
2023-08-12,1847.01,1852.66,1845.37,1849.08,64959465.73,ethereum
2023-08-13,1849.08,1860.01,1833.39,1839.07,81329475.04,ethereum
2023-08-14,1839.07,1854.17,1833.55,1844.02,148596306.79,ethereum
2023-08-15,1844.02,1845.58,1811.79,1827.21,138258892.85,ethereum
2023-08-16,1827.21,1829.42,1796.32,1805.68,211465905.78,ethereum
2023-08-17,1805.68,1808.11,1538.26,1681.74,586328524.5,ethereum
2023-08-18,1681.74,1699.0,1641.05,1661.34,408868800.0,ethereum
2023-08-19,1661.34,1695.56,1653.99,1669.67,142631159.81,ethereum
2023-08-20,1669.67,1694.11,1662.16,1685.38,129059232.43,ethereum
2023-08-21,1685.38,1687.62,1649.81,1667.37,222346407.69,ethereum
2023-08-22,1667.37,1669.14,1582.66,1634.23,306952239.8,ethereum
2023-08-23,1634.23,1700.22,1629.05,1679.23,328759845.74,ethereum
2023-08-24,1679.23,1682.97,1635.8,1660.46,226405478.01,ethereum
2023-08-25,1660.46,1675.75,1634.84,1652.94,252242786.57,ethereum
2023-08-26,1652.94,1654.84,1643.21,1646.3,55624499.94,ethereum
2023-08-27,1646.3,1659.41,1645.5,1657.6,68111939.3,ethereum
2023-08-28,1657.6,1662.45,1622.25,1652.22,175729854.06,ethereum
2023-08-29,1652.22,1745.27,1639.27,1729.38,368669910.11,ethereum
2023-08-30,1729.38,1730.8,1696.18,1705.51,193154994.53,ethereum
2023-08-31,1705.51,1725.0,1630.36,1645.67,302646661.02,ethereum
2023-09-01,1645.67,1654.21,1602.15,1628.51,229505773.05,ethereum
2023-09-02,1628.51,1644.58,1627.58,1636.88,72557044.83,ethereum
2023-09-03,1636.88,1646.49,1625.26,1635.72,83967516.22,ethereum
2023-09-04,1635.72,1644.24,1616.39,1629.77,106014643.86,ethereum
2023-09-05,1629.77,1646.6,1609.17,1633.83,155443741.05,ethereum
2023-09-06,1633.83,1667.18,1609.76,1632.35,188596252.64,ethereum
2023-09-07,1632.35,1658.54,1622.78,1647.63,178418926.08,ethereum
2023-09-08,1647.63,1658.02,1616.13,1636.13,185655920.66,ethereum
2023-09-09,1636.13,1637.06,1629.53,1635.27,48715977.58,ethereum
2023-09-10,1635.27,1635.6,1598.26,1616.78,141811583.08,ethereum
2023-09-11,1616.78,1618.59,1531.41,1551.53,350478203.43,ethereum
2023-09-12,1551.53,1624.44,1549.46,1593.09,290923261.09,ethereum
2023-09-13,1593.09,1618.1,1581.83,1607.97,234456204.57,ethereum
2023-09-14,1607.97,1643.67,1607.51,1627.01,286524359.38,ethereum
2023-09-15,1627.01,1653.05,1611.89,1641.48,174858821.85,ethereum
2023-09-16,1641.48,1652.0,1631.94,1634.86,83641957.75,ethereum
2023-09-17,1634.86,1635.55,1612.65,1622.81,85972165.39,ethereum
2023-09-18,1622.81,1669.3,1606.15,1637.19,254499442.83,ethereum
2023-09-19,1637.19,1660.5,1627.21,1643.58,184891179.92,ethereum
2023-09-20,1643.58,1649.54,1605.7,1622.39,242158870.38,ethereum
2023-09-21,1622.39,1625.21,1568.44,1584.04,239767218.36,ethereum
2023-09-22,1584.04,1602.27,1577.13,1593.13,163522895.05,ethereum
2023-09-23,1593.13,1598.18,1588.07,1593.91,60256774.05,ethereum
2023-09-24,1593.91,1600.73,1570.95,1580.76,103003077.92,ethereum
2023-09-25,1580.76,1596.93,1563.59,1588.04,204351095.27,ethereum
2023-09-26,1588.04,1598.33,1579.84,1593.27,169116251.08,ethereum
2023-09-27,1593.27,1632.85,1582.93,1597.73,266115436.32,ethereum
2023-09-28,1597.73,1667.83,1597.1,1652.9,417307877.44,ethereum
2023-09-29,1652.9,1688.1,1648.4,1667.44,348158317.18,ethereum
2023-09-30,1667.44,1693.97,1666.36,1670.97,168691450.13,ethereum
2023-10-01,1670.97,1756.57,1668.69,1733.44,260450967.05,ethereum
2023-10-02,1733.44,1743.65,1638.79,1662.8,547118665.83,ethereum
2023-10-03,1662.8,1670.57,1643.9,1656.96,320387316.67,ethereum
2023-10-04,1656.96,1657.76,1625.61,1646.79,258093521.67,ethereum
2023-10-05,1646.79,1654.85,1608.96,1611.72,270654077.48,ethereum
2023-10-06,1611.72,1661.26,1611.72,1645.93,253531816.85,ethereum
2023-10-07,1645.93,1648.54,1631.04,1634.64,89945206.18,ethereum
2023-10-08,1634.64,1642.17,1617.5,1633.61,121021981.15,ethereum
2023-10-09,1633.61,1636.39,1547.88,1580.25,339017511.32,ethereum
2023-10-10,1580.25,1594.87,1551.22,1567.68,254975021.38,ethereum
2023-10-11,1567.68,1578.37,1545.6,1566.52,294808400.58,ethereum
2023-10-12,1566.52,1567.96,1521.78,1539.43,259081681.89,ethereum
2023-10-13,1539.43,1573.36,1537.64,1552.12,224374179.99,ethereum
2023-10-14,1552.12,1561.42,1545.01,1555.02,77502622.78,ethereum
2023-10-15,1555.02,1566.8,1548.99,1557.99,97772202.07,ethereum
2023-10-16,1557.99,1640.11,1555.34,1600.09,446574747.49,ethereum
2023-10-17,1600.09,1601.37,1553.3,1565.4,238856568.1,ethereum
2023-10-18,1565.4,1585.93,1556.22,1563.66,226187063.01,ethereum
2023-10-19,1563.66,1575.26,1542.75,1567.55,239202217.14,ethereum
2023-10-20,1567.55,1631.26,1562.17,1604.86,367271257.58,ethereum
2023-10-21,1604.86,1644.6,1593.24,1629.44,222184082.89,ethereum
2023-10-22,1629.44,1668.32,1622.28,1664.18,257522472.2,ethereum
2023-10-23,1664.18,1799.36,1658.04,1766.32,780661240.02,ethereum
2023-10-24,1766.32,1854.43,1746.5,1785.2,932151066.26,ethereum
2023-10-25,1785.2,1817.52,1760.54,1787.67,542177185.66,ethereum
2023-10-26,1787.67,1865.88,1763.34,1803.72,622443034.73,ethereum
2023-10-27,1803.72,1804.16,1745.3,1779.98,403162777.61,ethereum
2023-10-28,1779.98,1803.03,1771.67,1776.59,150723329.54,ethereum
2023-10-29,1776.59,1811.49,1763.3,1795.69,165219418.28,ethereum
2023-10-30,1795.69,1830.35,1778.41,1809.85,303881269.37,ethereum
2023-10-31,1809.85,1819.86,1782.09,1815.45,328080843.27,ethereum
2023-11-01,1815.45,1857.88,1784.08,1847.63,514586090.27,ethereum
2023-11-02,1847.63,1874.87,1785.57,1801.34,501202295.02,ethereum
2023-11-03,1801.34,1835.48,1777.57,1833.71,397766768.21,ethereum
2023-11-04,1833.71,1870.53,1825.2,1857.23,205289548.49,ethereum
2023-11-05,1857.23,1913.61,1847.68,1893.28,369431668.22,ethereum
2023-11-06,1893.28,1915.3,1870.95,1901.65,410308088.3,ethereum
2023-11-07,1901.65,1907.78,1851.17,1886.12,538999159.16,ethereum
2023-11-08,1886.12,1905.07,1873.92,1889.05,342300115.53,ethereum
2023-11-09,1889.05,2131.61,1883.26,2121.13,1255720592.59,ethereum
2023-11-10,2121.13,2136.09,2066.23,2078.52,775967652.37,ethereum
2023-11-11,2078.52,2090.87,2032.5,2053.53,458212190.26,ethereum
2023-11-12,2053.53,2066.66,2014.15,2045.4,406409439.52,ethereum
2023-11-13,2045.4,2118.47,2030.13,2054.32,677275855.69,ethereum
2023-11-14,2054.32,2065.29,1930.94,1979.66,672516247.43,ethereum
2023-11-15,1979.66,2063.09,1967.9,2059.63,641189379.56,ethereum
2023-11-16,2059.63,2092.27,1930.36,1961.54,783609970.96,ethereum
2023-11-17,1961.54,1991.18,1906.37,1961.61,571715090.11,ethereum
2023-11-18,1961.61,1972.15,1918.15,1963.67,243248653.35,ethereum
2023-11-19,1963.67,2016.3,1944.72,2012.46,280987485.15,ethereum
2023-11-20,2012.46,2067.57,1995.32,2022.62,706775221.8,ethereum
2023-11-21,2022.62,2035.52,1932.84,1933.76,640934598.31,ethereum
2023-11-22,1933.76,2092.34,1930.15,2064.08,632049361.21,ethereum
2023-11-23,2064.08,2088.81,2040.7,2062.63,345465511.14,ethereum
2023-11-24,2062.63,2133.82,2059.8,2082.24,576843379.99,ethereum
2023-11-25,2082.24,2091.51,2067.12,2084.06,171820574.07,ethereum
2023-11-26,2084.06,2095.12,2037.74,2063.01,268817596.0,ethereum
2023-11-27,2063.01,2071.85,1986.06,2027.67,538765882.42,ethereum
2023-11-28,2027.67,2075.82,1995.65,2049.1,499177888.15,ethereum
2023-11-29,2049.1,2075.4,2019.91,2029.17,394195647.34,ethereum
2023-11-30,2029.17,2055.28,2021.3,2052.93,343390100.77,ethereum
2023-12-01,2052.93,2111.43,2046.0,2088.21,602439017.29,ethereum
2023-12-02,2088.21,2189.14,2087.29,2165.6,395659097.47,ethereum
2023-12-03,2165.6,2217.45,2150.33,2193.78,406014985.22,ethereum
2023-12-04,2193.78,2273.89,2192.42,2243.25,861288624.2,ethereum
2023-12-05,2243.25,2309.38,2189.0,2293.88,844781771.01,ethereum
2023-12-06,2293.88,2312.02,2220.51,2232.96,721010308.06,ethereum
2023-12-07,2232.96,2383.16,2222.53,2356.77,803734991.96,ethereum
2023-12-08,2356.77,2391.56,2339.41,2358.94,720748174.99,ethereum
2023-12-09,2358.94,2403.29,2330.43,2341.13,469803736.49,ethereum
2023-12-10,2341.13,2377.41,2322.8,2352.31,319769603.62,ethereum
2023-12-11,2352.31,2354.9,2133.47,2224.1,991604563.0,ethereum
2023-12-12,2224.1,2242.96,2165.58,2202.33,651964538.12,ethereum
2023-12-13,2202.33,2284.2,2145.57,2260.72,739438151.2,ethereum
2023-12-14,2260.72,2332.24,2231.57,2316.03,724615038.72,ethereum
2023-12-15,2316.03,2318.06,2201.14,2220.32,564042261.96,ethereum
2023-12-16,2220.32,2261.92,2210.47,2227.14,301358311.22,ethereum
2023-12-17,2227.14,2245.8,2190.85,2194.84,338828172.15,ethereum
2023-12-18,2194.84,2222.91,2115.85,2218.75,595550230.79,ethereum
2023-12-19,2218.75,2253.93,2135.19,2177.38,627857676.22,ethereum
2023-12-20,2177.38,2265.11,2157.77,2202.03,799599916.57,ethereum
2023-12-21,2202.03,2279.1,2183.31,2239.88,702166382.68,ethereum
2023-12-22,2239.88,2343.73,2231.32,2326.53,904108088.07,ethereum
2023-12-23,2326.53,2332.23,2267.35,2309.54,441823544.27,ethereum
2023-12-24,2309.54,2326.83,2245.12,2265.42,439156963.98,ethereum
2023-12-25,2265.42,2304.59,2254.36,2271.75,357468201.78,ethereum
2023-12-26,2271.75,2275.06,2174.17,2230.94,603300122.32,ethereum
2023-12-27,2230.94,2393.37,2212.66,2380.34,910568561.01,ethereum
2023-12-28,2380.34,2447.35,2337.42,2345.44,1106269642.94,ethereum
2023-12-29,2345.44,2386.68,2256.07,2299.64,827517118.66,ethereum
2023-12-30,2299.64,2322.76,2268.2,2291.65,401063000.08,ethereum
2023-12-31,2291.65,2319.95,2259.29,2281.36,470583638.73,ethereum
2024-01-01,2281.36,2352.66,2265.26,2352.65,402344005.13,ethereum
2024-01-02,2352.65,2432.62,2343.68,2356.28,822251765.93,ethereum
2024-01-03,2356.28,2385.27,2092.33,2210.57,1186045453.16,ethereum
2024-01-04,2210.57,2296.81,2203.62,2269.47,726479158.46,ethereum
2024-01-05,2269.47,2277.99,2208.01,2270.21,636927548.08,ethereum
2024-01-06,2270.21,2271.59,2218.09,2241.73,344776545.69,ethereum
2024-01-07,2241.73,2258.2,2207.13,2222.73,368349920.27,ethereum
2024-01-08,2222.73,2360.37,2168.41,2332.66,729642394.88,ethereum
2024-01-09,2332.66,2373.21,2231.3,2344.97,935753315.62,ethereum
2024-01-10,2344.97,2643.46,2341.51,2584.69,1859360455.9,ethereum
2024-01-11,2584.69,2690.17,2567.23,2618.71,1478952412.93,ethereum
2024-01-12,2618.71,2717.2,2455.87,2522.11,1587803065.78,ethereum
2024-01-13,2522.11,2589.5,2497.1,2577.89,789992067.14,ethereum
2024-01-14,2577.89,2578.65,2468.6,2470.94,554407683.57,ethereum
2024-01-15,2470.94,2551.4,2469.25,2510.12,532405002.36,ethereum
2024-01-16,2510.12,2613.41,2498.62,2586.91,665381293.48,ethereum
2024-01-17,2586.91,2592.23,2505.29,2528.09,546139971.58,ethereum
2024-01-18,2528.09,2546.7,2424.13,2468.6,747913574.26,ethereum
2024-01-19,2468.6,2501.85,2412.93,2490.05,743840311.23,ethereum
2024-01-20,2490.05,2490.05,2452.6,2470.31,283565628.23,ethereum
2024-01-21,2470.31,2480.59,2451.91,2455.35,207909134.54,ethereum
2024-01-22,2455.35,2464.27,2302.07,2311.54,908763742.8,ethereum
2024-01-23,2311.54,2349.2,2165.34,2241.32,1064700522.86,ethereum
2024-01-24,2241.32,2262.69,2195.63,2234.13,605305544.17,ethereum
2024-01-25,2234.13,2241.03,2170.05,2217.5,536955642.14,ethereum
2024-01-26,2217.5,2281.01,2194.89,2267.33,631732275.0,ethereum
2024-01-27,2267.33,2282.56,2251.19,2267.97,275424730.41,ethereum
2024-01-28,2267.97,2307.73,2239.84,2256.6,376754792.96,ethereum
2024-01-29,2256.6,2322.48,2233.69,2317.51,490260629.87,ethereum
2024-01-30,2317.51,2391.57,2297.16,2343.1,655413615.82,ethereum
2024-01-31,2343.1,2351.47,2263.16,2281.77,621018581.0,ethereum
2024-02-01,2281.77,2310.4,2239.78,2303.34,495660912.66,ethereum
2024-02-02,2303.34,2323.08,2280.8,2307.85,441562111.31,ethereum
2024-02-03,2307.85,2328.23,2292.31,2295.87,222308235.56,ethereum
2024-02-04,2295.87,2309.1,2267.59,2288.68,326706078.21,ethereum
2024-02-05,2288.68,2335.71,2268.15,2299.16,456661905.21,ethereum
2024-02-06,2299.16,2392.04,2296.27,2372.2,718267813.82,ethereum
2024-02-07,2372.2,2473.23,2353.16,2424.33,652240112.9,ethereum
2024-02-08,2424.33,2462.14,2411.45,2419.79,846989854.44,ethereum
2024-02-09,2419.79,2523.95,2419.06,2487.62,1002058339.27,ethereum
2024-02-10,2487.62,2517.14,2473.58,2500.87,376068111.04,ethereum
2024-02-11,2500.87,2540.37,2494.72,2507.91,421659247.33,ethereum
2024-02-12,2507.91,2666.3,2472.79,2660.56,833389992.06,ethereum
2024-02-13,2660.56,2686.7,2591.27,2641.6,1025294105.03,ethereum
2024-02-14,2641.6,2788.42,2619.8,2777.51,980680072.11,ethereum
2024-02-15,2777.51,2867.69,2762.64,2825.35,1118227404.91,ethereum
2024-02-16,2825.35,2859.47,2744.76,2804.05,896210606.48,ethereum
2024-02-17,2804.05,2806.14,2720.42,2787.0,458634232.92,ethereum
2024-02-18,2787.0,2895.47,2766.78,2881.4,610424136.56,ethereum
2024-02-19,2881.4,2984.2,2857.64,2945.0,953161117.46,ethereum
2024-02-20,2945.0,3032.5,2874.59,3015.27,1285168708.83,ethereum
2024-02-21,3015.27,3017.25,2869.15,2968.67,1221365901.95,ethereum
2024-02-22,2968.67,3035.27,2906.44,2969.67,1186610554.8,ethereum
2024-02-23,2969.67,2991.73,2906.28,2922.1,792750968.62,ethereum
2024-02-24,2922.1,3005.45,2906.62,2992.35,429496146.2,ethereum
2024-02-25,2992.35,3119.66,2983.68,3112.81,812148194.41,ethereum
2024-02-26,3112.81,3197.66,3037.24,3178.24,1171482366.27,ethereum
2024-02-27,3178.24,3288.82,3167.46,3243.69,1211227367.65,ethereum
2024-02-28,3243.69,3490.66,3194.42,3386.34,1707770843.75,ethereum
2024-02-29,3386.34,3520.76,3303.6,3342.24,1367994605.43,ethereum
2024-03-01,3342.24,3453.77,3340.92,3435.9,823506213.17,ethereum
2024-03-02,3435.9,3461.78,3398.38,3423.65,524944019.98,ethereum
2024-03-03,3423.65,3493.25,3365.52,3489.57,598632307.05,ethereum
2024-03-04,3489.57,3643.81,3436.14,3631.85,1340904406.6,ethereum
2024-03-05,3631.85,3826.7,3207.51,3557.93,2637640132.83,ethereum
2024-03-06,3557.93,3902.17,3502.64,3821.19,1849427331.22,ethereum
2024-03-07,3821.19,3939.52,3737.47,3874.46,1132011899.65,ethereum
2024-03-08,3874.46,4000.14,3828.33,3891.97,1412263227.04,ethereum
2024-03-09,3891.97,3950.61,3880.22,3913.28,541613113.28,ethereum
2024-03-10,3913.28,3971.32,3799.55,3881.86,743460686.12,ethereum
2024-03-11,3881.86,4091.01,3752.31,4065.75,1493590506.66,ethereum
2024-03-12,4065.75,4092.73,3832.09,3979.43,1526774188.85,ethereum
2024-03-13,3979.43,4083.88,3934.38,4007.46,1150784389.88,ethereum
2024-03-14,4007.46,4012.91,3719.25,3880.8,1466371721.53,ethereum
2024-03-15,3880.8,3931.65,3567.56,3742.44,1806124095.18,ethereum
2024-03-16,3742.44,3780.95,3467.22,3520.08,1048207664.08,ethereum
2024-03-17,3520.08,3676.55,3411.95,3641.61,975546606.2,ethereum
2024-03-18,3641.61,3642.66,3454.26,3520.31,1071170431.07,ethereum
2024-03-19,3520.31,3547.15,3149.03,3158.44,1943259863.05,ethereum
2024-03-20,3158.44,3535.92,3057.97,3516.66,2169017019.63,ethereum
2024-03-21,3516.66,3586.77,3411.44,3492.08,1410320174.21,ethereum
2024-03-22,3492.08,3542.29,3250.83,3337.08,1374192771.15,ethereum
2024-03-23,3337.08,3435.43,3271.78,3330.49,846213410.27,ethereum
2024-03-24,3330.49,3470.85,3300.55,3454.45,700715597.16,ethereum
2024-03-25,3454.45,3659.32,3420.9,3590.96,1232616949.46,ethereum
2024-03-26,3590.96,3680.41,3544.7,3587.6,1092361093.56,ethereum
2024-03-27,3587.6,3665.39,3459.06,3499.77,1173800981.61,ethereum
2024-03-28,3499.77,3611.7,3462.9,3561.1,991858231.33,ethereum
2024-03-29,3561.1,3584.55,3474.1,3511.49,710475049.61,ethereum
2024-03-30,3511.49,3567.15,3488.56,3507.56,538809534.91,ethereum
2024-03-31,3507.56,3654.87,3506.31,3645.98,566598172.38,ethereum
2024-04-01,3645.98,3646.35,3414.46,3505.52,934917050.13,ethereum
2024-04-02,3505.52,3507.54,3213.09,3279.4,1350633378.51,ethereum
2024-04-03,3279.4,3368.57,3203.99,3312.24,997504814.36,ethereum
2024-04-04,3312.24,3444.82,3252.11,3329.17,1024032112.02,ethereum
2024-04-05,3329.17,3348.68,3211.37,3319.12,991902873.76,ethereum
2024-04-06,3319.12,3398.56,3308.84,3352.4,504501846.56,ethereum
2024-04-07,3352.4,3459.61,3345.47,3453.85,522076832.37,ethereum
2024-04-08,3453.85,3728.57,3407.31,3694.7,1257790924.33,ethereum
2024-04-09,3694.7,3726.03,3452.88,3504.83,1184278583.93,ethereum
2024-04-10,3504.83,3562.32,3413.05,3545.56,1006631402.92,ethereum
2024-04-11,3545.56,3617.34,3473.65,3503.21,796534108.67,ethereum
2024-04-12,3503.21,3552.91,3095.49,3239.12,1387659435.48,ethereum
2024-04-13,3239.12,3301.9,2832.33,3011.51,1908312548.54,ethereum
2024-04-14,3011.51,3175.48,2911.99,3158.26,1464413624.74,ethereum
2024-04-15,3158.26,3280.66,3025.93,3103.0,1244925295.21,ethereum
2024-04-16,3103.0,3128.0,2991.76,3085.42,1102919090.86,ethereum
2024-04-17,3085.42,3123.61,2914.87,2985.12,978463368.36,ethereum
2024-04-18,2985.12,3095.76,2953.19,3065.69,873530402.2,ethereum
2024-04-19,3065.69,3128.53,2866.07,3057.95,1045944600.77,ethereum
2024-04-20,3057.95,3172.03,3020.15,3157.04,516137769.98,ethereum
2024-04-21,3157.04,3198.43,3117.72,3148.11,470671773.32,ethereum
2024-04-22,3148.11,3237.49,3130.02,3201.55,669498961.12,ethereum
2024-04-23,3201.55,3265.06,3153.66,3219.78,685076398.96,ethereum
2024-04-24,3219.78,3293.6,3103.6,3139.1,864542926.86,ethereum
2024-04-25,3139.1,3191.65,3072.07,3155.47,882134092.22,ethereum
2024-04-26,3155.47,3166.44,3101.66,3130.07,689663958.95,ethereum
2024-04-27,3130.07,3281.58,3068.25,3253.23,643382820.24,ethereum
2024-04-28,3253.23,3356.14,3247.4,3262.43,678357043.13,ethereum
2024-04-29,3262.43,3286.13,3115.53,3215.73,852862297.95,ethereum
2024-04-30,3215.73,3249.56,2916.96,3011.46,1098924247.19,ethereum
2024-05-01,3011.46,3020.24,2814.92,2968.82,1273126182.34,ethereum
2024-05-02,2968.82,3016.2,2891.41,2986.41,807841703.83,ethereum
2024-05-03,2986.41,3128.05,2958.91,3103.77,840705738.28,ethereum
2024-05-04,3103.77,3168.22,3094.62,3117.52,459744729.64,ethereum
2024-05-05,3117.52,3171.62,3074.21,3137.09,476413151.08,ethereum
2024-05-06,3137.09,3221.37,3046.59,3063.19,741977976.88,ethereum
2024-05-07,3063.19,3129.75,3000.11,3005.91,679034472.49,ethereum
2024-05-08,3005.91,3037.87,2937.08,2973.31,724279038.67,ethereum
2024-05-09,2973.31,3058.63,2949.86,3035.93,633874345.6,ethereum
2024-05-10,3035.93,3053.17,2878.86,2909.58,765131256.66,ethereum
2024-05-11,2909.58,2944.04,2886.48,2911.82,367160920.04,ethereum
2024-05-12,2911.82,2954.09,2900.58,2927.97,325974911.48,ethereum
2024-05-13,2927.97,2994.62,2864.31,2950.16,769541695.03,ethereum
2024-05-14,2950.16,2960.08,2859.65,2880.64,724637752.4,ethereum
2024-05-15,2880.64,3041.55,2862.97,3033.46,740315343.71,ethereum
2024-05-16,3033.46,3041.6,2924.04,2945.17,660576487.83,ethereum
2024-05-17,2945.17,3121.45,2933.76,3093.44,724015765.69,ethereum
2024-05-18,3093.44,3147.62,3085.46,3123.72,410558780.4,ethereum
2024-05-19,3123.72,3137.07,3054.06,3070.68,431923921.13,ethereum
2024-05-20,3070.68,3694.25,3048.64,3661.58,2059788024.65,ethereum
2024-05-21,3661.58,3838.22,3626.39,3789.36,2282068734.66,ethereum
2024-05-22,3789.36,3812.19,3653.74,3736.33,1420963880.22,ethereum
2024-05-23,3736.33,3945.85,3545.21,3781.61,2537742098.36,ethereum
2024-05-24,3781.61,3827.36,3628.42,3727.14,1074712165.87,ethereum
2024-05-25,3727.14,3777.86,3708.25,3749.23,373668589.73,ethereum
2024-05-26,3749.23,3882.33,3731.48,3824.34,616285834.19,ethereum
2024-05-27,3824.34,3973.81,3821.86,3891.26,804496436.45,ethereum
2024-05-28,3891.26,3926.23,3769.74,3840.39,898526969.71,ethereum
2024-05-29,3840.39,3883.1,3740.97,3762.22,873454576.08,ethereum
2024-05-30,3762.22,3823.86,3700.91,3746.97,781849408.11,ethereum
2024-05-31,3746.97,3844.09,3720.98,3758.65,851837584.52,ethereum
2024-06-01,3758.65,3829.62,3748.85,3812.81,367756459.88,ethereum
2024-06-02,3812.81,3834.79,3750.64,3779.06,466824951.42,ethereum
2024-06-03,3779.06,3849.89,3758.03,3766.32,653009594.07,ethereum
2024-06-04,3766.32,3832.27,3731.38,3810.73,612657331.91,ethereum
2024-06-05,3810.73,3887.65,3778.47,3866.46,652385687.52,ethereum
2024-06-06,3866.46,3878.9,3758.9,3812.05,540297339.89,ethereum
2024-06-07,3812.05,3839.68,3584.45,3676.79,935183066.83,ethereum
2024-06-08,3676.79,3707.87,3660.99,3680.84,294854677.9,ethereum
2024-06-09,3680.84,3721.77,3666.37,3706.0,238542651.45,ethereum
2024-06-10,3706.0,3712.47,3643.95,3665.99,423204164.35,ethereum
2024-06-11,3665.99,3671.15,3420.98,3497.32,1153310772.38,ethereum
2024-06-12,3497.32,3656.3,3462.28,3559.25,843561060.98,ethereum
2024-06-13,3559.25,3560.44,3426.66,3467.79,853785190.92,ethereum
2024-06-14,3467.79,3529.49,3360.4,3479.74,910398097.21,ethereum
2024-06-15,3479.74,3591.34,3471.43,3566.61,569541552.37,ethereum
2024-06-16,3566.61,3650.47,3539.39,3622.37,443668310.23,ethereum
2024-06-17,3622.37,3636.6,3464.1,3510.08,1040317235.48,ethereum
2024-06-18,3510.08,3515.3,3360.4,3482.27,1235708665.8,ethereum
2024-06-19,3482.27,3585.45,3464.99,3558.97,981355099.29,ethereum
2024-06-20,3558.97,3624.03,3484.24,3510.94,1013417559.96,ethereum
2024-06-21,3510.94,3545.62,3445.09,3517.28,997489348.48,ethereum
2024-06-22,3517.28,3520.1,3474.17,3494.25,322568484.7,ethereum
2024-06-23,3494.25,3519.63,3405.61,3418.62,447200216.36,ethereum
2024-06-24,3418.62,3432.39,3238.76,3350.54,1436399345.37,ethereum
2024-06-25,3350.54,3429.63,3335.17,3393.91,910221643.15,ethereum
2024-06-26,3393.91,3424.88,3324.89,3369.46,787394906.99,ethereum
2024-06-27,3369.46,3473.86,3360.17,3445.8,694115777.85,ethereum
2024-06-28,3445.8,3484.29,3361.15,3373.8,813695887.0,ethereum
2024-06-29,3373.8,3402.58,3367.02,3373.52,249697553.04,ethereum
2024-06-30,3373.52,3454.57,3348.22,3432.82,386215815.53,ethereum
2024-07-01,3432.82,3519.01,3421.6,3438.83,673689774.3,ethereum
2024-07-02,3438.83,3460.32,3397.31,3416.41,457927979.27,ethereum
2024-07-03,3416.41,3427.05,3248.43,3292.16,836070409.6,ethereum
2024-07-04,3292.16,3309.66,3050.24,3058.81,1049223019.3,ethereum
2024-07-05,3058.81,3107.89,2813.4,2982.07,1738218188.02,ethereum
2024-07-06,2982.07,3081.82,2956.02,3067.54,563019491.33,ethereum
2024-07-07,3067.54,3073.37,2922.6,2931.2,581743502.23,ethereum
2024-07-08,2931.2,3095.59,2823.46,3018.49,1324818646.47,ethereum
2024-07-09,3018.49,3113.28,3003.39,3066.44,827566369.94,ethereum
2024-07-10,3066.44,3151.0,3024.32,3100.44,827331929.61,ethereum
2024-07-11,3100.44,3216.8,3055.15,3099.49,959215308.08,ethereum
2024-07-12,3099.49,3158.27,3045.45,3134.62,816437009.68,ethereum
2024-07-13,3134.62,3203.26,3114.5,3176.67,452734839.69,ethereum
2024-07-14,3176.67,3269.15,3164.68,3246.12,576393568.87,ethereum
2024-07-15,3246.12,3495.92,3234.16,3485.5,1256447785.47,ethereum
2024-07-16,3485.5,3500.11,3348.6,3446.19,1311168548.22,ethereum
2024-07-17,3446.19,3518.37,3377.02,3387.66,1002846011.47,ethereum
2024-07-18,3387.66,3489.81,3367.76,3425.94,1008326515.58,ethereum
2024-07-19,3425.94,3542.18,3376.46,3506.0,1249532745.89,ethereum
2024-07-20,3506.0,3541.04,3482.21,3518.85,545578065.02,ethereum
2024-07-21,3518.85,3547.99,3413.6,3536.46,829407003.8,ethereum
2024-07-22,3536.46,3563.26,3424.39,3441.05,1021404115.3,ethereum
2024-07-23,3441.05,3541.2,3390.66,3483.07,1727769821.29,ethereum
2024-07-24,3483.07,3488.34,3305.26,3335.15,1276136904.66,ethereum
2024-07-25,3335.15,3342.09,3086.98,3174.48,1993255125.39,ethereum
2024-07-26,3174.48,3286.14,3170.16,3274.89,1143687551.64,ethereum
2024-07-27,3274.89,3328.21,3191.5,3249.36,870351113.68,ethereum
2024-07-28,3249.36,3284.22,3198.42,3270.15,552126414.21,ethereum
2024-07-29,3270.15,3396.47,3257.12,3317.94,1337423635.28,ethereum
2024-07-30,3317.94,3365.72,3233.0,3278.41,1159118253.15,ethereum
2024-07-31,3278.41,3348.14,3212.6,3231.84,1237697272.51,ethereum
2024-08-01,3231.84,3242.01,3077.63,3200.67,1539066982.82,ethereum
2024-08-02,3200.67,3215.63,2963.83,2985.72,1612368844.34,ethereum
2024-08-03,2985.72,3016.01,2857.64,2902.09,1156019177.73,ethereum
2024-08-04,2902.09,2932.92,2631.57,2688.08,1318526624.61,ethereum
2024-08-05,2688.08,2695.99,2121.38,2420.39,3591927547.03,ethereum
2024-08-06,2420.39,2555.03,2416.38,2462.39,1782189220.6,ethereum
2024-08-07,2462.39,2552.44,2309.57,2343.5,1768819066.35,ethereum
2024-08-08,2343.5,2725.27,2321.44,2683.62,1720305405.81,ethereum
2024-08-09,2683.62,2708.37,2553.45,2600.21,1254678742.58,ethereum
2024-08-10,2600.21,2645.71,2577.75,2610.64,566478754.71,ethereum
2024-08-11,2610.64,2720.01,2541.45,2555.67,895626363.13,ethereum
2024-08-12,2555.67,2750.36,2510.8,2723.07,1497872954.96,ethereum
2024-08-13,2723.07,2738.95,2611.9,2703.6,1193720774.03,ethereum
2024-08-14,2703.6,2780.36,2634.08,2661.98,1352456213.01,ethereum
2024-08-15,2661.98,2675.61,2516.45,2570.39,1339226674.49,ethereum
2024-08-16,2570.39,2631.33,2551.62,2593.7,1004141276.96,ethereum
2024-08-17,2593.7,2627.79,2588.33,2614.92,379457607.09,ethereum
2024-08-18,2614.92,2688.05,2595.09,2612.58,608760936.0,ethereum
2024-08-19,2612.58,2648.59,2564.33,2637.47,913374780.6,ethereum
2024-08-20,2637.47,2696.96,2555.47,2573.25,1027820178.53,ethereum
2024-08-21,2573.25,2665.0,2536.65,2631.39,1060404718.81,ethereum
2024-08-22,2631.39,2645.74,2585.16,2623.57,792847483.99,ethereum
2024-08-23,2623.57,2801.3,2622.04,2764.81,1227460805.08,ethereum
2024-08-24,2764.81,2821.03,2734.68,2769.86,687507298.7,ethereum
2024-08-25,2769.86,2793.69,2734.94,2747.52,544826991.77,ethereum
2024-08-26,2747.52,2763.44,2667.78,2681.15,983028927.22,ethereum
2024-08-27,2681.15,2700.25,2397.41,2458.29,1478097677.49,ethereum
2024-08-28,2458.29,2555.36,2419.63,2528.73,1805521537.98,ethereum
2024-08-29,2528.73,2596.48,2505.99,2527.97,1248564659.83,ethereum
2024-08-30,2527.97,2549.39,2431.81,2526.02,1350698797.75,ethereum
2024-08-31,2526.02,2533.75,2492.3,2513.01,405411435.18,ethereum
2024-09-01,2513.01,2516.11,2399.46,2426.06,965223692.27,ethereum
2024-09-02,2426.06,2564.12,2423.46,2538.22,1104998067.39,ethereum
2024-09-03,2538.22,2553.6,2412.13,2424.4,1002071915.38,ethereum
2024-09-04,2424.4,2489.97,2307.38,2450.36,1522896400.47,ethereum
2024-09-05,2450.36,2465.98,2347.87,2367.89,1211036915.11,ethereum
2024-09-06,2367.89,2408.12,2150.58,2224.52,2911433881.45,ethereum
2024-09-07,2224.52,2311.5,2221.47,2273.45,903055827.51,ethereum
2024-09-08,2273.45,2333.32,2240.93,2297.39,956132080.19,ethereum
2024-09-09,2297.39,2381.15,2272.96,2360.0,1706417888.46,ethereum
2024-09-10,2360.0,2399.89,2321.2,2388.83,1213946829.14,ethereum
2024-09-11,2388.83,2389.63,2277.46,2340.73,1893281252.44,ethereum
2024-09-12,2340.73,2392.23,2315.2,2361.91,1272153141.66,ethereum
2024-09-13,2361.91,2467.01,2337.55,2441.28,1341722179.48,ethereum
2024-09-14,2441.28,2442.6,2380.27,2418.52,553168350.76,ethereum
2024-09-15,2418.52,2430.97,2284.83,2316.46,939667666.73,ethereum
2024-09-16,2316.46,2335.55,2252.35,2295.53,1419906010.83,ethereum
2024-09-17,2295.53,2394.13,2263.23,2342.21,1250600523.86,ethereum
2024-09-18,2342.21,2376.81,2277.24,2375.01,1863106009.93,ethereum
2024-09-19,2375.01,2495.81,2373.21,2465.83,1631198496.45,ethereum
2024-09-20,2465.83,2572.48,2438.28,2561.88,1676058410.49,ethereum
2024-09-21,2561.88,2623.23,2529.08,2613.27,898249036.55,ethereum
2024-09-22,2613.27,2632.42,2525.5,2581.43,1119229049.35,ethereum
2024-09-23,2581.43,2703.72,2540.14,2647.17,2114026606.3,ethereum
2024-09-24,2647.17,2671.47,2591.67,2653.41,1489530217.0,ethereum
2024-09-25,2653.41,2673.98,2554.44,2579.69,1193419716.98,ethereum
2024-09-26,2579.69,2667.12,2558.97,2632.81,1671331616.32,ethereum
2024-09-27,2632.81,2729.09,2615.78,2695.48,1686949107.85,ethereum
2024-09-28,2695.48,2704.85,2650.36,2676.03,679092312.05,ethereum
2024-09-29,2676.03,2684.06,2634.67,2658.08,896401461.54,ethereum
2024-09-30,2658.08,2663.74,2574.29,2601.63,1764901279.49,ethereum
2024-10-01,2601.63,2658.14,2412.86,2447.54,2371417682.45,ethereum
2024-10-02,2447.54,2498.47,2351.69,2363.64,2135168461.41,ethereum
2024-10-03,2363.64,2403.1,2309.02,2349.81,1861233702.36,ethereum
2024-10-04,2349.81,2441.17,2339.08,2414.67,1466938297.17,ethereum
2024-10-05,2414.67,2428.3,2389.86,2414.79,550227220.41,ethereum
2024-10-06,2414.79,2457.66,2406.92,2439.96,602094342.62,ethereum
2024-10-07,2439.96,2520.68,2403.11,2422.14,1493722557.57,ethereum
2024-10-08,2422.14,2464.96,2400.15,2439.67,1377080732.7,ethereum
2024-10-09,2439.67,2472.34,2349.45,2368.44,1523323936.03,ethereum
2024-10-10,2368.44,2418.45,2327.91,2384.4,1537729729.42,ethereum
2024-10-11,2384.4,2471.51,2380.07,2439.03,1249706601.35,ethereum
2024-10-12,2439.03,2489.88,2433.76,2475.93,661111678.56,ethereum
2024-10-13,2475.93,2484.69,2436.05,2468.12,760699456.42,ethereum
2024-10-14,2468.12,2653.38,2442.68,2629.02,1776744305.84,ethereum
2024-10-15,2629.02,2687.32,2536.79,2606.92,1823524605.14,ethereum
2024-10-16,2606.92,2647.0,2588.65,2610.95,1233603929.17,ethereum
2024-10-17,2610.95,2647.64,2574.89,2605.1,1147142948.19,ethereum
2024-10-18,2605.1,2676.03,2595.49,2642.22,1183525663.73,ethereum
2024-10-19,2642.22,2663.13,2631.03,2648.12,416907551.95,ethereum
2024-10-20,2648.12,2758.61,2635.5,2746.4,908873436.8,ethereum
2024-10-21,2746.4,2768.44,2653.51,2665.9,1309809409.67,ethereum
2024-10-22,2665.9,2670.69,2605.16,2621.31,1231574569.37,ethereum
2024-10-23,2621.31,2626.44,2447.63,2522.33,1409947643.87,ethereum
2024-10-24,2522.33,2559.63,2505.09,2534.54,1317937404.35,ethereum
2024-10-25,2534.54,2564.77,2379.92,2436.2,1979249041.9,ethereum
2024-10-26,2436.2,2504.68,2426.19,2479.7,919877716.08,ethereum
2024-10-27,2479.7,2524.68,2460.86,2505.21,622733569.44,ethereum
2024-10-28,2505.21,2587.97,2468.99,2565.82,1563895675.64,ethereum
2024-10-29,2565.82,2681.49,2559.73,2638.16,1827635698.82,ethereum
2024-10-30,2638.16,2721.17,2599.62,2658.35,1596173816.57,ethereum
2024-10-31,2658.35,2668.16,2500.37,2515.04,1356038657.29,ethereum
2024-11-01,2515.04,2585.36,2465.23,2510.39,1361183545.79,ethereum
2024-11-02,2510.39,2522.44,2470.1,2493.41,493209504.13,ethereum
2024-11-03,2493.41,2495.76,2410.21,2456.66,1116194001.28,ethereum
2024-11-04,2456.66,2489.68,2356.45,2396.87,1188223675.72,ethereum
2024-11-05,2396.87,2479.4,2379.36,2422.4,1318124371.56,ethereum
2024-11-06,2422.4,2746.79,2420.17,2724.61,2568248687.47,ethereum
2024-11-07,2724.61,2920.14,2701.67,2897.52,2796153110.79,ethereum
2024-11-08,2897.52,2985.38,2889.33,2963.98,2534385795.77,ethereum
2024-11-09,2963.98,3158.45,2957.02,3127.99,2054533990.24,ethereum
2024-11-10,3127.99,3251.73,3070.75,3186.06,3390612974.74,ethereum
2024-11-11,3186.06,3391.44,3108.06,3375.79,4474444777.51,ethereum
2024-11-12,3375.79,3446.83,3210.71,3247.18,5174594924.83,ethereum
2024-11-13,3247.18,3339.13,3121.1,3191.32,5472868207.56,ethereum
2024-11-14,3191.32,3242.46,3029.87,3059.11,3442349717.01,ethereum
2024-11-15,3059.11,3131.21,3014.42,3091.03,3095289918.88,ethereum
2024-11-16,3091.03,3220.45,3073.05,3134.46,2242190060.83,ethereum
2024-11-17,3134.46,3161.64,3035.43,3076.78,2731030374.29,ethereum
2024-11-18,3076.78,3225.96,3043.95,3209.54,3307522653.43,ethereum
2024-11-19,3209.54,3222.68,3069.92,3112.1,2725538047.03,ethereum
2024-11-20,3112.1,3161.74,3032.19,3072.39,2847325391.97,ethereum
2024-11-21,3072.39,3390.36,3035.42,3359.82,4818916672.09,ethereum
2024-11-22,3359.82,3429.52,3260.59,3331.89,3631141762.22,ethereum
2024-11-23,3331.89,3500.84,3316.75,3397.31,3427409235.21,ethereum
2024-11-24,3397.31,3453.25,3286.01,3364.81,2391223534.12,ethereum
2024-11-25,3364.81,3546.9,3304.24,3414.86,5348045568.7,ethereum
2024-11-26,3414.86,3463.14,3253.0,3323.46,4105940785.22,ethereum
2024-11-27,3323.46,3688.67,3300.95,3657.71,3826715224.77,ethereum
2024-11-28,3657.71,3665.49,3530.59,3579.62,2431980739.66,ethereum
2024-11-29,3579.62,3649.37,3535.89,3593.72,2294777437.53,ethereum
2024-11-30,3593.72,3740.88,3569.68,3706.22,2207693328.33,ethereum
2024-12-01,3706.22,3748.69,3661.41,3710.38,2280739856.71,ethereum
2024-12-02,3710.38,3763.68,3556.46,3644.73,3830838282.74,ethereum
2024-12-03,3644.73,3670.83,3502.19,3617.6,3438318051.88,ethereum
2024-12-04,3617.6,3896.39,3617.49,3845.15,5638336910.75,ethereum
2024-12-05,3845.15,3960.04,3682.13,3789.23,5910223747.31,ethereum
2024-12-06,3789.23,4095.77,3781.72,4005.27,4407628437.66,ethereum
2024-12-07,4005.27,4030.6,3973.34,4000.53,1511812189.23,ethereum
2024-12-08,4000.53,4018.61,3925.98,4007.11,1406686505.66,ethereum
2024-12-09,4007.11,4008.95,3518.41,3714.19,5064825849.26,ethereum
2024-12-10,3714.19,3782.03,3516.11,3630.62,5597783203.75,ethereum
2024-12-11,3630.62,3851.87,3564.93,3834.97,3159616884.11,ethereum
2024-12-12,3834.97,3989.26,3800.06,3882.65,3885860560.96,ethereum
2024-12-13,3882.65,3969.42,3854.19,3907.67,2626819579.66,ethereum
2024-12-14,3907.67,3945.69,3824.52,3869.58,1580739900.2,ethereum
2024-12-15,3869.58,3973.82,3831.25,3957.8,1561831736.65,ethereum
2024-12-16,3957.8,4109.05,3882.18,3987.5,3800570708.81,ethereum
2024-12-17,3987.5,4041.72,3848.18,3893.55,3116969165.01,ethereum
2024-12-18,3893.55,3906.34,3615.92,3624.67,5182260876.45,ethereum
2024-12-19,3624.67,3718.21,3324.98,3414.47,6434804570.5,ethereum
2024-12-20,3414.47,3497.41,3097.02,3470.82,7390121010.87,ethereum
2024-12-21,3470.82,3553.59,3291.33,3337.38,3923463162.61,ethereum
2024-12-22,3337.38,3400.67,3217.99,3278.9,3448396650.54,ethereum
2024-12-23,3278.9,3462.33,3214.22,3418.24,4956901207.6,ethereum
2024-12-24,3418.24,3537.95,3353.25,3491.08,2711580953.17,ethereum
2024-12-25,3491.08,3544.38,3437.73,3494.17,1709235407.44,ethereum
2024-12-26,3494.17,3512.4,3301.29,3331.04,2568515605.11,ethereum
2024-12-27,3331.04,3438.15,3302.29,3328.67,2858674867.14,ethereum
2024-12-28,3328.67,3421.63,3317.24,3397.86,1304303831.05,ethereum
2024-12-29,3397.86,3408.15,3319.97,3350.43,1272748683.17,ethereum
2024-12-30,3350.43,3430.01,3297.17,3356.45,3169278070.97,ethereum
2024-12-31,3356.45,3446.75,3310.44,3331.15,2216564705.88,ethereum
2025-01-01,3331.15,3367.25,3307.9,3353.28,1456285978.13,ethereum
2025-01-02,3353.28,3501.88,3347.42,3452.59,2190668108.25,ethereum
2025-01-03,3452.59,3629.72,3420.39,3607.83,2032387048.39,ethereum
2025-01-04,3607.83,3670.74,3571.37,3656.45,1249248939.8,ethereum
2025-01-05,3656.45,3674.88,3593.38,3635.29,966999828.9,ethereum
2025-01-06,3635.29,3745.42,3610.01,3688.83,2412844220.17,ethereum
2025-01-07,3688.83,3702.31,3355.66,3380.43,3552335338.04,ethereum
2025-01-08,3380.43,3414.51,3206.56,3326.54,3829595997.28,ethereum
2025-01-09,3326.54,3356.53,3157.37,3219.05,2966166459.79,ethereum
2025-01-10,3219.05,3321.87,3194.45,3266.41,2481338284.36,ethereum
2025-01-11,3266.41,3318.86,3217.1,3281.96,664675634.73,ethereum
2025-01-12,3281.96,3298.43,3223.43,3266.23,676543393.41,ethereum
2025-01-13,3266.23,3336.51,2914.43,3136.46,3948458235.06,ethereum
2025-01-14,3136.46,3256.06,3124.84,3224.35,1982744482.39,ethereum
2025-01-15,3224.35,3474.83,3185.43,3451.52,2156251132.13,ethereum
2025-01-16,3451.52,3460.18,3264.33,3307.52,2258742497.1,ethereum
2025-01-17,3307.52,3526.53,3307.3,3475.27,2278124769.58,ethereum
2025-01-18,3475.27,3495.59,3225.3,3304.42,2293358355.85,ethereum
2025-01-19,3304.42,3445.08,3125.79,3210.82,4948749700.72,ethereum
2025-01-20,3210.82,3447.33,3139.52,3280.4,3025203965.59,ethereum
2025-01-21,3280.4,3367.68,3201.27,3327.64,4216565840.14,ethereum
2025-01-22,3327.64,3365.8,3220.94,3241.51,2597057853.09,ethereum
2025-01-23,3241.51,3349.16,3181.65,3338.7,3870959343.56,ethereum
2025-01-24,3338.7,3429.38,3275.03,3309.74,2931545154.51,ethereum
2025-01-25,3309.74,3350.1,3268.95,3318.45,1294651424.39,ethereum
2025-01-26,3318.45,3361.69,3228.27,3231.79,1138712496.56,ethereum
2025-01-27,3231.79,3253.33,3019.62,3181.65,6075617480.89,ethereum
2025-01-28,3181.65,3223.46,3038.14,3075.83,2551321738.16,ethereum
2025-01-29,3075.83,3181.8,3053.79,3114.1,3051953842.97,ethereum
2025-01-30,3114.1,3283.81,3090.57,3247.4,2141545334.07,ethereum
2025-01-31,3247.4,3438.39,3213.28,3300.04,3137634613.96,ethereum
2025-02-01,3300.04,3330.53,3100.98,3116.61,2067824306.72,ethereum
2025-02-02,3116.61,3162.42,2748.46,2869.16,4960751902.11,ethereum
2025-02-03,2869.16,2923.86,2135.28,2883.08,6124107763.07,ethereum
2025-02-04,2883.08,2891.59,2630.1,2732.09,6237893049.87,ethereum
2025-02-05,2732.09,2828.52,2699.66,2788.52,4311232133.14,ethereum
2025-02-06,2788.52,2859.03,2655.84,2686.96,3877331053.84,ethereum
2025-02-07,2686.96,2799.25,2562.54,2622.67,3904068262.75,ethereum
2025-02-08,2622.67,2668.42,2588.23,2632.76,1955926148.07,ethereum
2025-02-09,2632.76,2697.47,2523.01,2627.84,1853022022.23,ethereum
2025-02-10,2627.84,2694.65,2560.51,2661.94,2166236414.19,ethereum
2025-02-11,2661.94,2725.63,2560.02,2602.22,2150279945.38,ethereum
2025-02-12,2602.22,2796.27,2547.78,2738.57,2757693674.05,ethereum
2025-02-13,2738.57,2758.43,2613.47,2676.25,1713663665.98,ethereum
2025-02-14,2676.25,2792.57,2665.32,2726.02,1240341141.4,ethereum
2025-02-15,2726.02,2739.45,2669.92,2693.56,522207024.56,ethereum
2025-02-16,2693.56,2726.44,2652.48,2661.59,597267557.19,ethereum
2025-02-17,2661.59,2849.7,2638.4,2744.13,1808500589.29,ethereum
2025-02-18,2744.13,2756.89,2604.91,2670.43,2088590910.25,ethereum
2025-02-19,2670.43,2736.55,2655.15,2715.47,967477746.93,ethereum
2025-02-20,2715.47,2771.4,2707.57,2738.98,841013806.86,ethereum
2025-02-21,2738.98,2846.45,2614.91,2661.6,2643981389.13,ethereum
2025-02-22,2661.6,2797.94,2652.29,2763.54,890496240.67,ethereum
2025-02-23,2763.54,2855.62,2745.76,2819.92,1058360404.79,ethereum
2025-02-24,2819.92,2839.7,2472.67,2513.65,2290917461.03,ethereum
2025-02-25,2513.65,2530.78,2321.8,2492.48,3220072359.52,ethereum
2025-02-26,2492.48,2504.36,2253.78,2333.12,2258691011.15,ethereum
2025-02-27,2333.12,2379.42,2227.96,2305.51,1749329389.64,ethereum
2025-02-28,2305.51,2312.03,2074.27,2236.53,2863531712.08,ethereum
2025-03-01,2236.53,2280.48,2142.32,2216.72,911551564.28,ethereum
2025-03-02,2216.72,2551.36,2172.23,2518.51,2649980865.8,ethereum
2025-03-03,2518.51,2523.92,2095.86,2147.5,2817538032.17,ethereum
2025-03-04,2147.5,2221.77,1992.64,2171.13,3312378978.4,ethereum
2025-03-05,2171.13,2272.97,2154.95,2241.7,1419894367.7,ethereum
2025-03-06,2241.7,2319.94,2176.6,2202.6,1241687549.9,ethereum
2025-03-07,2202.6,2258.09,2102.41,2140.93,1983561951.51,ethereum
2025-03-08,2140.93,2234.23,2104.79,2203.24,601813434.43,ethereum
2025-03-09,2203.24,2211.63,1989.92,2020.01,1140040601.08,ethereum
2025-03-10,2020.01,2152.22,1810.22,1864.38,2508045690.95,ethereum
2025-03-11,1864.38,1962.74,1754.47,1922.98,2270225385.14,ethereum
2025-03-12,1922.98,1956.11,1829.6,1907.9,1544805794.26,ethereum
2025-03-13,1907.9,1920.23,1821.32,1863.87,1138988132.52,ethereum
2025-03-14,1863.87,1945.8,1860.72,1911.53,661654970.12,ethereum
2025-03-15,1911.53,1957.41,1904.03,1937.46,277588743.46,ethereum
2025-03-16,1937.46,1940.83,1861.34,1886.94,448389175.16,ethereum
2025-03-17,1886.94,1952.31,1879.86,1926.41,544239998.37,ethereum
2025-03-18,1926.41,1935.75,1871.94,1931.53,561709451.5,ethereum
2025-03-19,1931.53,2070.73,1927.78,2056.92,1121121085.82,ethereum
2025-03-20,2056.92,2068.27,1951.62,1982.66,678503902.02,ethereum
2025-03-21,1982.66,1995.28,1936.31,1965.08,497551382.23,ethereum
2025-03-22,1965.08,2005.7,1963.88,1980.4,229714664.93,ethereum
2025-03-23,1980.4,2020.18,1976.7,2006.05,302998157.14,ethereum
2025-03-24,2006.05,2103.99,1977.97,2081.53,800572022.69,ethereum
2025-03-25,2081.53,2097.85,2037.56,2066.62,567133150.85,ethereum
2025-03-26,2066.62,2079.18,1981.68,2009.64,672337092.62,ethereum
2025-03-27,2009.64,2037.52,1986.9,2003.3,548864029.08,ethereum
2025-03-28,2003.3,2015.61,1861.15,1896.15,1103644177.42,ethereum
2025-03-29,1896.15,1912.48,1797.16,1827.68,684034057.76,ethereum
2025-03-30,1827.68,1848.29,1767.75,1807.48,617668227.48,ethereum
2025-03-31,1807.48,1853.97,1777.38,1822.14,917704034.94,ethereum
2025-04-01,1822.14,1927.88,1817.91,1905.23,845243050.66,ethereum
2025-04-02,1905.23,1955.36,1781.4,1794.63,1280088185.31,ethereum
2025-04-03,1794.63,1844.85,1750.85,1816.31,960953835.92,ethereum
2025-04-04,1816.31,1835.41,1758.61,1816.25,1091295574.19,ethereum
2025-04-05,1816.25,1826.56,1764.13,1805.19,274947827.91,ethereum
2025-04-06,1805.19,1816.3,1537.47,1579.65,1375390891.8,ethereum
2025-04-07,1579.65,1632.05,1412.16,1552.42,2651234444.53,ethereum
2025-04-08,1552.42,1618.09,1445.86,1472.15,1332975047.94,ethereum
2025-04-09,1472.15,1688.31,1384.7,1669.0,2073024511.21,ethereum
2025-04-10,1669.0,1669.34,1472.07,1521.51,1330455912.67,ethereum
2025-04-11,1521.51,1590.22,1504.16,1566.02,891270709.03,ethereum
2025-04-12,1566.02,1668.92,1545.25,1643.84,610788400.42,ethereum
2025-04-13,1643.84,1649.32,1562.63,1597.18,819443109.52,ethereum
2025-04-14,1597.18,1691.0,1595.15,1623.79,946070662.59,ethereum
2025-04-15,1623.79,1660.77,1583.09,1588.7,816144949.08,ethereum
2025-04-16,1588.7,1613.08,1538.57,1577.24,890121272.88,ethereum
2025-04-17,1577.24,1616.72,1563.01,1583.68,649565838.07,ethereum
2025-04-18,1583.68,1600.45,1573.8,1588.56,287426875.95,ethereum
2025-04-19,1588.56,1628.78,1585.02,1612.74,304710533.5,ethereum
2025-04-20,1612.74,1618.66,1565.79,1587.31,348453526.51,ethereum
2025-04-21,1587.31,1658.13,1564.65,1579.7,836176542.33,ethereum
2025-04-22,1579.7,1778.41,1539.87,1757.04,1378567169.81,ethereum
2025-04-23,1757.04,1833.67,1746.08,1795.87,1411088123.18,ethereum
2025-04-24,1795.87,1803.32,1723.07,1770.44,869951343.89,ethereum
2025-04-25,1770.44,1828.79,1739.84,1785.94,1028226623.47,ethereum
2025-04-26,1785.94,1841.59,1780.01,1821.45,535455658.73,ethereum
2025-04-27,1821.45,1857.74,1783.01,1791.85,520004273.7,ethereum
2025-04-28,1791.85,1827.96,1745.4,1800.19,1035461893.1,ethereum
2025-04-29,1800.19,1843.4,1780.77,1798.47,808620394.56,ethereum
2025-04-30,1798.47,1817.08,1732.54,1793.83,773685384.34,ethereum
2025-05-01,1793.83,1873.95,1792.84,1838.83,751083284.45,ethereum
2025-05-02,1838.83,1871.48,1813.65,1842.84,575346916.02,ethereum
2025-05-03,1842.84,1848.87,1810.54,1833.95,291868877.83,ethereum
2025-05-04,1833.95,1850.27,1803.35,1809.0,335700955.44,ethereum
2025-05-05,1809.0,1833.48,1782.21,1820.05,556587730.73,ethereum
2025-05-06,1820.05,1820.63,1751.42,1816.98,609473060.9,ethereum
2025-05-07,1816.98,1850.42,1787.31,1811.34,754227976.34,ethereum
2025-05-08,1811.34,2225.39,1808.97,2207.19,1973692015.1,ethereum
2025-05-09,2207.19,2490.71,2184.12,2345.32,2617510161.4,ethereum
2025-05-10,2345.32,2600.37,2318.3,2583.77,1784431662.12,ethereum
2025-05-11,2583.77,2607.64,2439.78,2514.75,1513299417.69,ethereum
2025-05-12,2514.75,2624.32,2408.1,2495.56,2051277136.7,ethereum
2025-05-13,2495.56,2739.27,2415.76,2680.04,1873346978.72,ethereum
2025-05-14,2680.04,2725.04,2548.0,2610.07,1542184822.16,ethereum
2025-05-15,2610.07,2646.75,2478.7,2549.0,1528520349.7,ethereum
2025-05-16,2549.0,2649.18,2530.01,2537.78,1190470675.39,ethereum
2025-05-17,2537.78,2538.25,2447.65,2476.16,887082740.0,ethereum
2025-05-18,2476.16,2587.97,2326.5,2498.72,1329246436.5,ethereum
2025-05-19,2498.72,2547.45,2349.55,2528.66,1740260302.28,ethereum
2025-05-20,2528.66,2588.36,2444.2,2525.1,1121450524.59,ethereum
2025-05-21,2525.1,2617.03,2454.01,2552.21,1802437428.43,ethereum
2025-05-22,2552.21,2692.69,2546.12,2665.1,1523259393.19,ethereum
2025-05-23,2665.1,2733.44,2502.42,2526.9,1688250894.58,ethereum
2025-05-24,2526.9,2576.3,2515.98,2530.92,464730641.55,ethereum
2025-05-25,2530.92,2555.0,2464.25,2552.23,589652070.16,ethereum
2025-05-26,2552.23,2600.15,2527.36,2564.47,590861351.31,ethereum
2025-05-27,2564.47,2713.33,2511.1,2662.0,1280752626.8,ethereum
2025-05-28,2662.0,2689.79,2611.05,2682.1,965255963.52,ethereum
2025-05-29,2682.1,2788.28,2620.36,2631.82,1415485994.05,ethereum
2025-05-30,2631.82,2649.44,2508.97,2531.79,1083869480.12,ethereum
2025-05-31,2531.79,2551.37,2479.94,2529.32,500287625.87,ethereum
2025-06-01,2529.32,2549.01,2470.58,2540.45,512156252.24,ethereum
2025-06-02,2540.45,2616.44,2476.59,2609.07,884892086.43,ethereum
2025-06-03,2609.07,2657.23,2583.3,2594.88,1073527716.78,ethereum
2025-06-04,2594.88,2680.55,2585.02,2608.28,858114267.83,ethereum
2025-06-05,2608.28,2641.72,2393.11,2415.85,1351426110.77,ethereum
2025-06-06,2415.85,2532.69,2385.42,2478.31,865502968.12,ethereum
2025-06-07,2478.31,2543.98,2458.79,2526.17,357329388.56,ethereum
2025-06-08,2526.17,2549.53,2493.72,2510.78,315777224.57,ethereum
2025-06-09,2510.78,2695.13,2479.6,2681.27,810951391.12,ethereum
2025-06-10,2681.27,2826.68,2657.34,2816.15,1667701406.47,ethereum
2025-06-11,2816.15,2879.79,2744.11,2772.57,1295621784.12,ethereum
2025-06-12,2772.57,2785.3,2618.39,2644.51,1170537265.0,ethereum
2025-06-13,2644.51,2646.56,2446.47,2580.25,1792683839.24,ethereum
2025-06-14,2580.25,2580.87,2490.47,2532.75,551015115.63,ethereum
2025-06-15,2532.75,2560.57,2493.32,2548.41,456963811.88,ethereum
2025-06-16,2548.41,2681.43,2516.21,2545.23,1256426999.66,ethereum
2025-06-17,2545.23,2619.34,2454.56,2510.96,1226237468.69,ethereum
2025-06-18,2510.96,2548.88,2466.89,2525.85,879550757.97,ethereum
2025-06-19,2525.85,2547.93,2485.66,2521.84,473983171.76,ethereum
2025-06-20,2521.84,2569.74,2368.96,2407.22,949347412.87,ethereum
2025-06-21,2407.22,2449.16,2217.69,2296.94,705748797.49,ethereum
2025-06-22,2296.94,2314.86,2113.65,2228.57,1494221559.94,ethereum
2025-06-23,2228.57,2439.75,2189.86,2413.17,1541484884.73,ethereum
2025-06-24,2413.17,2483.31,2378.22,2449.69,1168281547.61,ethereum
2025-06-25,2449.69,2469.72,2391.65,2420.23,962396741.81,ethereum
2025-06-26,2420.23,2521.41,2395.33,2417.5,937995211.41,ethereum
2025-06-27,2417.5,2464.25,2384.39,2424.42,731599180.91,ethereum
2025-06-28,2424.42,2449.0,2407.31,2437.55,218789309.47,ethereum
2025-06-29,2437.55,2525.9,2417.25,2501.26,353963423.9,ethereum
2025-06-30,2501.26,2524.69,2435.11,2486.37,862990157.33,ethereum
2025-07-01,2486.37,2501.58,2387.31,2405.7,627531445.49,ethereum
2025-07-02,2405.7,2619.85,2375.73,2571.33,1127288937.64,ethereum
2025-07-03,2571.33,2636.51,2557.62,2592.04,987452946.33,ethereum
2025-07-04,2592.04,2603.8,2475.46,2508.69,659258591.62,ethereum
2025-07-05,2508.69,2530.4,2488.62,2517.09,245918493.32,ethereum
2025-07-06,2517.09,2605.48,2504.53,2571.14,419467064.37,ethereum
2025-07-07,2571.14,2591.09,2512.71,2542.5,722742288.77,ethereum
2025-07-08,2542.5,2628.25,2523.96,2616.29,782816619.68,ethereum
2025-07-09,2616.29,2796.41,2590.85,2769.99,1401139415.9,ethereum
2025-07-10,2769.99,3000.74,2756.79,2951.31,1744393184.02,ethereum
2025-07-11,2951.31,3039.9,2914.32,2959.03,1980022543.13,ethereum
2025-07-12,2959.03,2980.71,2905.43,2944.27,689836595.19,ethereum
2025-07-13,2944.27,3021.17,2937.49,2973.01,768491471.97,ethereum
2025-07-14,2973.01,3083.04,2964.19,3014.66,1733654671.96,ethereum
2025-07-15,3014.66,3144.48,2933.53,3139.33,1864246145.13,ethereum
2025-07-16,3139.33,3425.33,3101.74,3373.1,2498357116.86,ethereum
2025-07-17,3373.1,3526.44,3312.55,3479.48,2597432476.09,ethereum
2025-07-18,3479.48,3676.78,3462.02,3549.56,3107895984.56,ethereum
2025-07-19,3549.56,3610.57,3510.16,3594.34,978223077.89,ethereum
2025-07-20,3594.34,3825.1,3581.09,3758.64,1803996590.01,ethereum
2025-07-21,3758.64,3859.77,3703.91,3764.26,2235864180.81,ethereum
2025-07-22,3764.26,3800.87,3618.98,3748.64,2350611646.53,ethereum
2025-07-23,3748.64,3766.35,3528.71,3630.21,2237459018.02,ethereum
2025-07-24,3630.21,3775.3,3510.45,3708.76,2321023591.06,ethereum
2025-07-25,3708.76,3750.35,3575.42,3726.01,2367987074.41,ethereum
2025-07-26,3726.01,3794.86,3700.41,3742.79,785620815.9,ethereum
2025-07-27,3742.79,3880.83,3732.24,3874.12,981387021.29,ethereum
2025-07-28,3874.12,3941.6,3754.34,3798.95,1977987690.88,ethereum
2025-07-29,3798.95,3885.97,3716.15,3793.46,1799411630.81,ethereum
2025-07-30,3793.46,3833.7,3677.33,3810.29,1576605891.64,ethereum
2025-07-31,3810.29,3878.33,3684.07,3698.19,1411476606.14,ethereum
2025-08-01,3698.19,3723.77,3430.49,3487.02,2402758445.59,ethereum
2025-08-02,3487.02,3536.9,3368.07,3393.4,1497485032.53,ethereum
2025-08-03,3393.4,3522.08,3356.18,3497.6,842128496.52,ethereum
2025-08-04,3497.6,3737.28,3492.02,3720.93,1488663337.16,ethereum
2025-08-05,3720.93,3721.28,3546.78,3611.81,1576976876.62,ethereum
2025-08-06,3611.81,3699.86,3564.36,3684.11,1324367589.64,ethereum
2025-08-07,3684.11,3928.73,3648.86,3911.67,1952789807.61,ethereum
2025-08-08,3911.67,4071.18,3881.17,4010.54,2809549376.46,ethereum
2025-08-09,4010.54,4326.47,4007.66,4262.92,2161726993.45,ethereum
2025-08-10,4262.92,4333.21,4161.61,4252.23,1692542804.5,ethereum
2025-08-11,4252.23,4363.0,4166.28,4224.95,3092226498.82,ethereum
2025-08-12,4224.95,4637.79,4220.73,4589.8,3931807337.09,ethereum
2025-08-13,4589.8,4786.25,4563.84,4751.85,4212225862.3,ethereum
2025-08-14,4751.85,4792.0,4458.11,4550.57,4747748202.3,ethereum
2025-08-15,4550.57,4670.98,4370.37,4443.12,3335989219.35,ethereum
2025-08-16,4443.12,4494.58,4376.38,4425.22,1314953848.77,ethereum
2025-08-17,4425.22,4577.87,4398.69,4475.46,1458815773.26,ethereum
2025-08-18,4475.46,4484.5,4227.39,4315.29,3310774760.58,ethereum
2025-08-19,4315.29,4356.5,4067.28,4075.7,3423649957.86,ethereum
2025-08-20,4075.7,4378.55,4063.26,4336.33,2940058186.22,ethereum
2025-08-21,4336.33,4340.41,4204.16,4224.96,2004123764.73,ethereum
2025-08-22,4224.96,4886.5,4207.73,4830.6,4567562728.96,ethereum
2025-08-23,4830.6,4830.61,4661.09,4777.18,1399949632.47,ethereum
2025-08-24,4777.18,4955.89,4711.99,4780.0,2275070174.64,ethereum
2025-08-25,4780.0,4797.68,4336.8,4377.67,3283003266.99,ethereum
2025-08-26,4377.67,4635.1,4313.23,4601.95,2951649134.68,ethereum
2025-08-27,4601.95,4663.74,4482.76,4507.43,2490505056.76,ethereum
2025-08-28,4507.43,4634.05,4430.54,4512.13,1838212760.19,ethereum
2025-08-29,4512.13,4517.24,4270.22,4360.69,2440398500.78,ethereum
2025-08-30,4360.69,4415.32,4258.66,4374.94,904940321.54,ethereum
2025-08-31,4374.94,4498.78,4373.77,4392.43,1087170239.36,ethereum
2025-09-01,4392.43,4490.99,4212.31,4314.85,1651950026.24,ethereum
2025-09-02,4314.85,4417.1,4257.73,4326.52,1917061495.57,ethereum
2025-09-03,4326.52,4492.46,4283.79,4452.33,1649439983.87,ethereum
2025-09-04,4452.33,4484.3,4266.19,4298.54,1891640683.18,ethereum
2025-09-05,4298.54,4487.87,4255.43,4307.57,2438622193.01,ethereum
2025-09-06,4307.57,4328.68,4239.48,4274.53,663144740.61,ethereum
2025-09-07,4274.53,4335.97,4271.42,4306.18,528176655.06,ethereum
2025-09-08,4306.18,4384.03,4279.43,4306.62,1415742478.93,ethereum
2025-09-09,4306.62,4382.05,4277.07,4310.1,1233888604.82,ethereum
2025-09-10,4310.1,4454.16,4284.83,4350.1,1696532857.94,ethereum
2025-09-11,4350.1,4480.11,4339.91,4461.11,1743556248.68,ethereum
2025-09-12,4461.11,4746.46,4452.72,4715.14,2202728638.28,ethereum
2025-09-13,4715.14,4767.44,4608.13,4669.05,1173115651.96,ethereum
2025-09-14,4669.05,4694.21,4580.28,4606.66,821041711.85,ethereum
2025-09-15,4606.66,4672.07,4466.48,4525.27,1490318596.13,ethereum
2025-09-16,4525.27,4539.27,4425.47,4503.26,1432455964.12,ethereum
2025-09-17,4503.26,4618.97,4426.97,4592.35,2153585234.5,ethereum
2025-09-18,4592.35,4646.7,4555.5,4589.64,1473792565.85,ethereum
2025-09-19,4589.64,4622.36,4438.71,4471.56,1236841456.58,ethereum
2025-09-20,4471.56,4511.93,4457.46,4482.83,484523840.68,ethereum
2025-09-21,4482.83,4500.73,4446.23,4447.53,532721500.3,ethereum
2025-09-22,4447.53,4458.09,4081.71,4202.86,2758904426.3,ethereum
2025-09-23,4202.86,4231.67,4118.33,4165.7,1431024029.1,ethereum
2025-09-24,4165.7,4208.71,4078.05,4154.6,1244265448.62,ethereum
2025-09-25,4154.6,4162.96,3825.56,3876.07,3458155024.68,ethereum
2025-09-26,3876.07,4071.6,3870.18,4034.83,2142488867.17,ethereum
2025-09-27,4034.83,4040.36,3975.23,4020.82,607290939.93,ethereum
2025-09-28,4020.82,4146.51,3968.12,4143.89,926114651.63,ethereum
2025-09-29,4143.89,4238.84,4084.79,4218.07,1443486818.13,ethereum
2025-09-30,4218.07,4247.85,4093.58,4146.38,1587304174.98,ethereum
2025-10-01,4146.38,4357.3,4124.52,4350.53,1831877352.89,ethereum
2025-10-02,4350.53,4520.76,4335.44,4487.89,1894262052.06,ethereum
2025-10-03,4487.89,4595.84,4431.28,4516.0,2268936521.22,ethereum
2025-10-04,4516.0,4521.67,4443.4,4489.84,699322417.04,ethereum
2025-10-05,4489.84,4619.69,4470.16,4515.92,1259500192.42,ethereum
2025-10-06,4515.92,4738.74,4490.67,4686.54,2023482646.9,ethereum
2025-10-07,4686.54,4758.41,4436.69,4449.96,2380603258.79,ethereum
2025-10-08,4449.96,4559.45,4414.08,4527.74,1704651317.69,ethereum
2025-10-09,4527.74,4533.06,4268.77,4370.91,1852496750.87,ethereum
2025-10-10,4370.91,4396.85,3546.88,3837.92,4154403716.03,ethereum
2025-10-11,3837.92,3887.79,3649.67,3750.88,2310896260.99,ethereum
2025-10-12,3750.88,4197.03,3699.12,4156.86,2510702688.49,ethereum
2025-10-13,4156.86,4295.78,4049.31,4245.01,2177599123.86,ethereum
2025-10-14,4245.01,4267.52,3893.32,4127.37,3094367816.37,ethereum
2025-10-15,4127.37,4216.97,3930.88,3988.16,1990538460.89,ethereum
2025-10-16,3988.16,4087.09,3827.48,3895.41,2079562582.08,ethereum
2025-10-17,3895.41,3951.67,3675.48,3833.18,2210950308.16,ethereum
2025-10-18,3833.18,3929.67,3821.13,3890.7,578838841.91,ethereum
2025-10-19,3890.7,4032.84,3832.04,3984.9,1087466588.28,ethereum
2025-10-20,3984.9,4086.91,3910.3,3981.1,1252509775.96,ethereum
2025-10-21,3981.1,4112.85,3841.96,3875.11,1938820718.2,ethereum
2025-10-22,3875.11,3891.65,3714.57,3806.62,1734936859.18,ethereum
2025-10-23,3806.62,3934.88,3797.51,3858.38,1167289793.97,ethereum
2025-10-24,3858.38,4012.66,3847.66,3936.24,1280234543.06,ethereum
2025-10-25,3936.24,3936.96,3916.47,3924.94,18650785.66,ethereum
2020-05-04,0.682,0.7073,0.6277,0.6661,1274982.17,solana
2020-05-05,0.6661,0.6934,0.6386,0.6477,810509.54,solana
2020-05-06,0.6477,0.6779,0.6133,0.6182,708187.18,solana
2020-05-07,0.6182,0.6852,0.5729,0.6085,1247182.0,solana
2020-05-08,0.6085,0.6244,0.5769,0.6039,554917.82,solana
2020-05-09,0.6039,0.6187,0.5844,0.6029,330656.67,solana
2020-05-10,0.6029,0.6106,0.5316,0.5414,477907.53,solana
2020-05-11,0.5414,0.5611,0.5058,0.5156,469284.42,solana
2020-05-12,0.5156,0.5557,0.5204,0.5366,380005.6,solana
2020-05-13,0.5366,0.5798,0.5307,0.5535,580655.3,solana
2020-05-14,0.5535,0.6089,0.5576,0.5717,347232.33,solana
2020-05-15,0.5717,0.5587,0.5423,0.5571,154811.51,solana
2020-05-16,0.5571,0.5998,0.5597,0.5996,438228.38,solana
2020-05-17,0.5996,0.6514,0.6036,0.6139,833132.65,solana
2020-05-18,0.6139,0.6884,0.6065,0.6531,1169503.93,solana
2020-05-19,0.6531,0.6599,0.6111,0.6229,402997.6,solana
2020-05-20,0.6229,0.609,0.5757,0.5813,501242.67,solana
2020-05-21,0.5813,0.6104,0.5449,0.607,841020.07,solana
2020-05-22,0.607,0.677,0.588,0.6366,1387955.57,solana
2020-05-23,0.6366,0.6384,0.5849,0.6076,699698.71,solana
2020-05-24,0.6076,0.5785,0.5428,0.5473,951875.5,solana
2020-05-25,0.5473,0.6587,0.5431,0.5955,2290849.92,solana
2020-05-26,0.5955,0.6102,0.5652,0.5746,892698.24,solana
2020-05-27,0.5746,0.6197,0.5793,0.5909,644356.09,solana
2020-05-28,0.5909,0.6174,0.574,0.5756,731255.37,solana
2020-05-29,0.5756,0.5899,0.5606,0.5807,334867.14,solana
2020-05-30,0.5807,0.6131,0.5718,0.5856,414126.18,solana
2020-05-31,0.5856,0.5809,0.565,0.5714,192932.91,solana
2020-06-01,0.5714,0.628,0.5681,0.5759,330566.79,solana
2020-06-02,0.5759,0.5725,0.5369,0.5667,257529.69,solana
2020-06-03,0.5667,0.6021,0.5689,0.5878,345698.17,solana
2020-06-04,0.5878,0.6015,0.5732,0.5851,311461.04,solana
2020-06-05,0.5851,0.6916,0.5642,0.6583,3053440.96,solana
2020-06-06,0.6583,0.6625,0.6151,0.6248,965080.73,solana
2020-06-07,0.6248,0.6305,0.608,0.6131,239574.53,solana
2020-06-08,0.6131,0.6904,0.6122,0.669,752436.69,solana
2020-06-09,0.669,0.6688,0.6279,0.6578,448546.57,solana
2020-06-10,0.6578,0.6778,0.6329,0.643,529297.72,solana
2020-06-11,0.643,0.6095,0.5675,0.5695,458149.4,solana
2020-06-12,0.5695,0.6137,0.5759,0.5938,428540.55,solana
2020-06-13,0.5938,0.6114,0.5893,0.6108,282938.0,solana
2020-06-14,0.6108,0.6105,0.5771,0.5841,320698.8,solana
2020-06-15,0.5841,0.594,0.565,0.5704,289525.1,solana
2020-06-16,0.5704,0.5877,0.5716,0.5844,180524.65,solana
2020-06-17,0.5844,0.5891,0.5727,0.5843,199535.19,solana
2020-06-18,0.5843,0.6491,0.5766,0.622,682322.08,solana
2020-06-19,0.622,0.846,0.6129,0.6861,4876110.56,solana
2020-06-20,0.6861,0.6969,0.6271,0.6489,982508.28,solana
2020-06-21,0.6489,0.7485,0.63,0.6737,1515004.35,solana
2020-06-22,0.6737,0.7558,0.6641,0.7298,796415.01,solana
2020-06-23,0.7298,0.7698,0.6978,0.708,612831.62,solana
2020-06-24,0.708,0.8076,0.6691,0.7349,1611961.48,solana
2020-06-25,0.7349,0.7538,0.6988,0.7142,829274.72,solana
2020-06-26,0.7142,0.762,0.6817,0.7375,886265.54,solana
2020-06-27,0.7375,0.737,0.6664,0.7126,794527.87,solana
2020-06-28,0.7126,0.8445,0.6936,0.7988,2235213.37,solana
2020-06-29,0.7988,0.9002,0.7766,0.8542,1204837.77,solana
2020-06-30,0.8542,1.051,0.8454,0.8602,2405933.48,solana
2020-07-01,0.8602,0.9181,0.8165,0.8325,845174.79,solana
2020-07-02,0.8325,0.8261,0.7552,0.7773,796175.39,solana
2020-07-03,0.7773,0.7878,0.7448,0.7691,479877.12,solana
2020-07-04,0.7691,0.8334,0.7672,0.7817,844790.28,solana
2020-07-05,0.7817,0.7778,0.6249,0.6934,2764231.95,solana
2020-07-06,0.6934,0.7283,0.6945,0.7105,499668.06,solana
2020-07-07,0.7105,0.7869,0.6994,0.7531,972640.56,solana
2020-07-08,0.7531,0.8492,0.6957,0.7939,1156881.48,solana
2020-07-09,0.7939,0.8856,0.7534,0.8486,1435653.1,solana
2020-07-10,0.8486,0.9567,0.8441,0.9119,858589.03,solana
2020-07-11,0.9119,0.9256,0.8526,0.9228,806234.54,solana
2020-07-12,0.9228,1.15,0.9144,1.018,3020776.2,solana
2020-07-13,1.018,1.311,1.003,1.171,2291838.98,solana
2020-07-14,1.171,1.273,1.125,1.147,1050110.56,solana
2020-07-15,1.147,1.416,1.131,1.281,1792897.62,solana
2020-07-16,1.281,1.388,0.822,0.8722,5268343.99,solana
2020-07-17,0.8722,1.048,0.7722,0.9779,6923643.52,solana
2020-07-18,0.9779,1.003,0.9333,0.9709,1231504.28,solana
2020-07-19,0.9709,0.9806,0.9032,0.9253,852861.46,solana
2020-07-20,0.9253,0.9201,0.8495,0.876,1457824.41,solana
2020-07-21,0.876,1.033,0.8806,0.9806,2333462.03,solana
2020-07-22,0.9806,1.135,0.9909,1.046,3000182.05,solana
2020-07-23,1.046,1.125,1.004,1.052,1157386.8,solana
2020-07-24,1.052,1.05,0.955,0.999,680747.23,solana
2020-07-25,0.999,1.442,1.015,1.255,6074867.47,solana
2020-07-26,1.255,1.638,1.265,1.57,5715411.99,solana
2020-07-27,1.675,2.055,1.603,1.738,751307.3,solana
2020-07-28,1.738,1.875,1.613,1.79,234539.32,solana
2020-07-29,1.79,2.112,1.58,1.655,342655.52,solana
2020-07-30,1.655,1.8,1.623,1.683,221254.29,solana
2020-07-31,1.683,1.695,1.492,1.522,150606.75,solana
2020-08-01,1.522,1.67,1.485,1.53,90526.91,solana
2020-08-02,1.53,1.76,1.41,1.73,155488.07,solana
2020-08-03,1.73,1.845,1.665,1.802,163828.98,solana
2020-08-04,1.802,1.96,1.785,1.86,166309.4,solana
2020-08-05,1.873,1.994,1.704,1.749,2372228.56,solana
2020-08-06,1.758,2.232,1.75,2.19,207672.76,solana
2020-08-07,2.19,2.208,1.87,2.083,207168.04,solana
2020-08-08,2.083,2.578,2.018,2.465,293702.94,solana
2020-08-09,2.465,2.717,2.283,2.663,181927.1,solana
2020-08-10,2.663,3.397,2.498,3.12,1185982.17,solana
2020-08-11,3.12,3.51,2.75,3.277,1431500.87,solana
2020-08-12,3.277,3.928,3.078,3.708,711627.82,solana
2020-08-13,3.708,4.135,3.5,3.72,918338.98,solana
2020-08-14,3.72,3.777,3.315,3.4,368428.93,solana
2020-08-15,3.4,3.735,3.143,3.167,263684.49,solana
2020-08-16,3.167,3.49,3.13,3.39,401329.0,solana
2020-08-17,3.39,3.397,3.095,3.105,388144.83,solana
2020-08-18,3.105,3.69,2.86,3.335,761006.57,solana
2020-08-19,3.335,3.5,2.855,2.93,494545.4,solana
2020-08-20,2.93,3.458,2.93,3.22,767177.48,solana
2020-08-21,3.22,3.245,2.938,3.0,730783.12,solana
2020-08-22,3.0,3.22,2.79,3.047,289789.27,solana
2020-08-23,3.047,3.46,3.022,3.275,313716.53,solana
2020-08-24,3.275,3.63,3.223,3.33,479656.77,solana
2020-08-25,3.33,3.37,2.99,3.26,295483.03,solana
2020-08-26,3.26,3.8,3.19,3.55,586267.22,solana
2020-08-27,3.55,3.86,3.26,3.442,392310.77,solana
2020-08-28,3.442,4.31,3.442,3.995,600700.58,solana
2020-08-29,3.995,4.115,3.77,3.95,342660.05,solana
2020-08-30,3.95,4.7,3.91,4.42,821464.39,solana
2020-08-31,4.42,4.88,4.085,4.81,859481.3,solana
2020-09-01,4.81,4.963,4.31,4.317,530960.59,solana
2020-09-02,4.317,4.353,3.6,4.185,1008237.54,solana
2020-09-03,4.185,4.455,3.417,3.493,1205148.46,solana
2020-09-04,3.493,3.822,3.08,3.553,696633.97,solana
2020-09-05,3.553,3.665,2.033,2.567,896602.32,solana
2020-09-06,2.567,3.125,2.25,3.038,424837.0,solana
2020-09-07,3.038,3.145,2.345,2.947,285245.28,solana
2020-09-08,2.934,2.869,2.409,2.466,3074212.72,solana
2020-09-09,2.465,3.837,2.373,3.6,513020.62,solana
2020-09-10,3.6,3.853,3.298,3.445,464513.73,solana
2020-09-11,3.48,3.512,3.093,3.403,4786810.65,solana
2020-09-12,3.42,3.485,3.155,3.322,132292.78,solana
2020-09-13,3.338,3.405,3.007,3.263,4392305.39,solana
2020-09-14,3.215,3.522,3.078,3.265,209641.57,solana
2020-09-15,3.265,3.315,2.902,2.902,211670.89,solana
2020-09-16,2.902,2.908,2.445,2.547,188217.41,solana
2020-09-17,2.547,2.953,2.315,2.9,185681.54,solana
2020-09-18,2.9,3.287,2.75,3.124,295505.16,solana
2020-09-19,3.124,3.26,2.985,3.009,211331.62,solana
2020-09-20,3.009,3.014,2.727,2.886,158874.18,solana
2020-09-21,2.886,3.033,2.477,2.779,392540.84,solana
2020-09-22,2.779,3.008,2.66,2.95,289331.47,solana
2020-09-23,2.95,3.068,2.727,2.832,232402.94,solana
2020-09-24,2.832,3.255,2.799,3.144,277533.18,solana
2020-09-25,3.144,3.266,2.91,3.193,248030.36,solana
2020-09-26,3.193,3.241,3.041,3.143,125485.38,solana
2020-09-27,3.133,3.197,3.031,3.163,1360208.65,solana
2020-09-28,3.163,3.158,2.889,2.952,1854968.73,solana
2020-09-29,2.952,3.059,2.89,2.949,930512.43,solana
2020-09-30,2.949,2.991,2.853,2.896,927928.95,solana
2020-10-01,2.896,2.93,2.693,2.865,1570576.1,solana
2020-10-02,2.865,2.887,2.457,2.626,3233070.15,solana
2020-10-03,2.637,2.67,2.55,2.55,55803.79,solana
2020-10-04,2.55,2.587,2.432,2.526,61788.18,solana
2020-10-05,2.523,2.686,2.494,2.651,738353.69,solana
2020-10-06,2.662,2.663,2.14,2.172,173964.66,solana
2020-10-07,2.172,2.401,2.076,2.289,171421.9,solana
2020-10-08,2.289,2.472,2.02,2.389,347408.2,solana
2020-10-09,2.389,2.636,2.331,2.567,226475.44,solana
2020-10-10,2.567,2.6,2.395,2.406,188649.92,solana
2020-10-11,2.406,2.455,2.347,2.399,58936.23,solana
2020-10-12,2.423,2.689,2.453,2.587,1577204.3,solana
2020-10-13,2.58,2.581,2.345,2.408,116157.85,solana
2020-10-14,2.429,2.414,2.27,2.315,200841.23,solana
2020-10-15,2.315,2.343,2.229,2.264,234426.12,solana
2020-10-16,2.264,2.216,1.21,2.136,1671001.41,solana
2020-10-17,2.136,2.26,2.083,2.21,256576.73,solana
2020-10-18,2.21,2.288,2.183,2.213,174767.6,solana
2020-10-19,2.213,2.223,2.053,2.062,193883.23,solana
2020-10-20,2.051,2.103,1.858,1.895,100401.4,solana
2020-10-21,1.895,2.098,1.851,1.886,193692.4,solana
2020-10-22,1.993,2.111,1.93,1.958,323730.45,solana
2020-10-23,1.958,1.982,1.859,1.959,317801.95,solana
2020-10-24,1.959,1.977,1.889,1.917,258527.0,solana
2020-10-25,1.917,1.932,1.755,1.799,261691.85,solana
2020-10-26,1.799,1.876,1.655,1.686,314668.35,solana
2020-10-27,1.686,1.762,1.641,1.722,261980.07,solana
2020-10-28,1.722,1.729,1.456,1.52,336170.88,solana
2020-10-29,1.314,1.594,1.113,1.416,611469.56,solana
2020-10-30,1.416,1.513,1.35,1.435,338525.99,solana
2020-10-31,1.435,1.54,1.43,1.54,258155.36,solana
2020-11-01,1.54,1.654,1.531,1.603,216537.42,solana
2020-11-02,1.603,1.558,1.459,1.484,237267.92,solana
2020-11-03,1.484,1.585,1.402,1.413,378075.39,solana
2020-11-04,1.413,1.562,1.333,1.396,618685.69,solana
2020-11-05,1.396,1.552,1.336,1.411,419651.59,solana
2020-11-06,1.411,1.994,1.522,1.909,666011.54,solana
2020-11-07,1.912,2.491,1.837,2.034,1174742.31,solana
2020-11-08,2.035,2.258,2.042,2.16,779449.7,solana
2020-11-09,2.16,2.129,1.981,2.022,990068.02,solana
2020-11-10,2.022,2.287,2.039,2.225,1249886.34,solana
2020-11-11,2.225,2.305,1.967,1.996,993489.16,solana
2020-11-12,1.996,2.064,1.861,1.917,1146864.12,solana
2020-11-13,1.917,2.091,1.956,2.029,918398.28,solana
2020-11-14,2.029,1.982,1.893,1.929,598419.13,solana
2020-11-15,1.929,2.178,1.872,2.05,1239233.45,solana
2020-11-16,2.05,2.413,2.056,2.272,1727211.81,solana
2020-11-17,2.272,2.411,2.138,2.207,1243961.75,solana
2020-11-18,2.207,2.2,2.032,2.124,990509.61,solana
2020-11-19,2.124,2.163,2.038,2.079,999517.27,solana
2020-11-20,2.079,2.269,2.097,2.098,989901.51,solana
2020-11-21,2.098,2.54,2.219,2.393,1553997.2,solana
2020-11-22,2.393,2.45,2.122,2.152,1525475.02,solana
2020-11-23,2.152,2.44,2.16,2.281,1313851.96,solana
2020-11-24,2.281,2.42,1.838,2.259,1763786.0,solana
2020-11-25,2.259,2.398,2.115,2.271,1707383.54,solana
2020-11-26,2.271,2.083,1.704,1.907,2304373.85,solana
2020-11-27,1.907,1.992,1.845,1.87,3163920.86,solana
2020-11-28,1.87,2.048,1.858,1.894,3409278.54,solana
2020-11-29,1.894,2.038,1.908,1.917,686259.05,solana
2020-11-30,1.917,2.109,1.965,1.968,833473.37,solana
2020-12-01,1.968,2.073,1.864,1.977,1049627.52,solana
2020-12-02,1.977,2.2,2.0,2.118,862992.52,solana
2020-12-03,2.118,2.318,2.086,2.098,936841.22,solana
2020-12-04,2.098,1.948,1.838,1.849,734216.37,solana
2020-12-05,1.849,1.99,1.91,1.98,635943.51,solana
2020-12-06,1.98,1.997,1.841,1.853,590136.09,solana
2020-12-07,1.853,1.886,1.814,1.829,485468.73,solana
2020-12-08,1.829,1.724,1.6,1.671,850659.54,solana
2020-12-09,1.677,1.681,1.485,1.666,458758.67,solana
2020-12-10,1.658,1.637,1.56,1.567,767474.54,solana
2020-12-11,1.567,1.555,1.439,1.439,941771.27,solana
2020-12-12,1.439,1.568,1.486,1.492,489296.85,solana
2020-12-13,1.492,1.662,1.516,1.566,631379.99,solana
2020-12-14,1.566,1.62,1.54,1.588,605863.44,solana
2020-12-15,1.588,1.811,1.579,1.758,1173847.14,solana
2020-12-16,1.758,1.908,1.716,1.786,1031754.36,solana
2020-12-17,1.786,1.803,1.652,1.681,945940.03,solana
2020-12-18,1.681,1.715,1.671,1.697,573675.14,solana
2020-12-19,1.697,1.781,1.654,1.668,703986.1,solana
2020-12-20,1.668,1.643,1.53,1.562,655499.41,solana
2020-12-21,1.562,1.545,1.472,1.543,616979.48,solana
2020-12-22,1.543,1.634,1.49,1.493,717367.12,solana
2020-12-23,1.493,1.401,1.107,1.21,786486.86,solana
2020-12-24,1.21,1.389,1.252,1.364,747733.27,solana
2020-12-25,1.364,1.503,1.385,1.448,748812.99,solana
2020-12-26,1.448,1.476,1.31,1.327,591687.44,solana
2020-12-27,1.327,1.428,1.291,1.304,770199.46,solana
2020-12-28,1.304,1.518,1.34,1.516,955757.82,solana
2020-12-29,1.516,1.737,1.453,1.67,1741068.52,solana
2020-12-30,1.67,1.725,1.532,1.536,951109.85,solana
2020-12-31,1.536,1.552,1.44,1.51,954363.19,solana
2021-01-01,1.51,1.865,1.495,1.847,2079255.09,solana
2021-01-02,1.847,2.012,1.752,1.799,1907901.86,solana
2021-01-03,1.799,2.808,2.007,2.185,3225533.71,solana
2021-01-04,2.185,2.573,2.066,2.491,3844190.88,solana
2021-01-05,2.491,2.634,2.145,2.158,2688693.35,solana
2021-01-06,2.158,2.628,1.895,1.925,2377386.04,solana
2021-01-07,1.958,2.652,1.939,2.36,3802755.73,solana
2021-01-08,2.36,3.815,2.182,3.225,6282357.67,solana
2021-01-09,3.225,3.681,2.932,3.381,3090043.83,solana
2021-01-10,3.381,3.762,3.165,3.471,2307348.61,solana
2021-01-11,3.471,3.516,2.599,3.118,3583742.86,solana
2021-01-12,3.118,3.919,3.084,3.737,3508691.64,solana
2021-01-13,3.737,4.175,3.263,3.647,2391378.07,solana
2021-01-14,3.647,3.791,3.246,3.326,2381486.2,solana
2021-01-15,3.326,3.635,2.978,3.245,1899077.16,solana
2021-01-16,3.245,3.699,3.245,3.449,1600025.9,solana
2021-01-17,3.449,3.999,3.313,3.824,2598160.91,solana
2021-01-18,3.824,4.153,3.621,3.798,3352152.23,solana
2021-01-19,3.798,4.09,3.582,3.635,3247559.84,solana
2021-01-20,3.635,3.739,3.345,3.736,2499519.92,solana
2021-01-21,3.736,3.736,2.952,2.997,2359206.71,solana
2021-01-22,2.997,3.504,2.576,3.329,2659397.79,solana
2021-01-23,3.329,3.606,3.313,3.517,1650919.66,solana
2021-01-24,3.517,3.797,3.49,3.644,2398208.56,solana
2021-01-25,3.644,3.987,3.448,3.7,2945273.26,solana
2021-01-26,3.7,4.099,3.687,4.031,3930652.38,solana
2021-01-27,4.031,4.033,3.521,3.693,1246937.17,solana
2021-01-28,3.693,3.952,3.618,3.847,1322797.3,solana
2021-01-29,3.814,4.012,3.602,3.827,2507850.68,solana
2021-01-30,3.839,4.325,3.789,4.218,3123103.16,solana
2021-01-31,4.218,4.792,4.167,4.263,6308843.68,solana
2021-02-01,4.263,4.616,4.094,4.616,1903238.9,solana
2021-02-02,4.616,5.393,4.476,5.255,5272051.15,solana
2021-02-03,5.255,5.783,5.077,5.736,5599751.6,solana
2021-02-04,5.736,6.616,5.58,6.425,5178569.31,solana
2021-02-05,6.425,7.125,6.425,6.69,5779014.53,solana
2021-02-06,6.69,6.808,5.732,6.103,4712896.2,solana
2021-02-07,6.103,6.9,5.758,6.689,3963788.1,solana
2021-02-08,6.689,8.105,6.49,7.881,4293965.08,solana
2021-02-09,7.881,8.566,7.616,7.858,6871564.45,solana
2021-02-10,7.858,9.07,7.64,9.069,4821470.22,solana
2021-02-11,9.069,9.695,8.793,9.236,7725274.54,solana
2021-02-12,9.236,9.905,9.093,9.226,3317696.71,solana
2021-02-13,9.226,9.519,8.653,8.756,4103854.09,solana
2021-02-14,8.756,9.208,8.555,8.73,6380161.8,solana
2021-02-15,8.73,9.304,7.77,8.842,4818046.31,solana
2021-02-16,8.842,8.99,7.977,8.299,3587991.62,solana
2021-02-17,8.299,8.42,7.544,8.231,2954550.92,solana
2021-02-18,8.231,9.288,8.231,8.967,3445459.96,solana
2021-02-19,8.967,11.54,8.562,11.49,10340648.27,solana
2021-02-20,11.49,12.03,9.833,10.0,6303523.66,solana
2021-02-21,10.0,11.7,9.874,11.12,6413743.91,solana
2021-02-22,11.12,14.67,9.42,14.41,26035031.47,solana
2021-02-23,14.41,15.83,11.67,15.21,34208004.7,solana
2021-02-24,15.21,18.15,14.06,17.33,21691763.52,solana
2021-02-25,17.33,17.74,13.79,13.8,20612060.44,solana
2021-02-26,13.8,15.51,13.07,13.6,14645706.02,solana
2021-02-27,13.6,14.78,13.03,13.19,7875656.96,solana
2021-02-28,13.19,13.94,11.46,13.07,16270493.79,solana
2021-03-01,13.07,16.08,13.07,14.98,12985407.41,solana
2021-03-02,14.98,15.49,13.47,13.98,8068191.27,solana
2021-03-03,13.98,14.76,13.77,14.13,8015888.05,solana
2021-03-04,14.13,14.27,12.75,13.08,6020248.34,solana
2021-03-05,13.08,13.09,12.15,12.57,5563803.09,solana
2021-03-06,12.57,13.3,11.9,13.07,6053010.27,solana
2021-03-07,13.07,14.01,12.72,13.85,4514029.18,solana
2021-03-08,13.85,13.89,13.08,13.65,5099926.79,solana
2021-03-09,13.65,15.01,13.31,14.85,8179088.83,solana
2021-03-10,14.85,15.51,13.49,14.19,10533161.12,solana
2021-03-11,14.19,16.31,13.69,16.01,14261141.6,solana
2021-03-12,16.01,16.49,14.09,14.58,10301609.87,solana
2021-03-13,14.58,15.63,13.91,15.29,11110133.82,solana
2021-03-14,15.29,15.39,14.38,14.48,5729826.03,solana
2021-03-15,14.45,14.33,13.11,14.16,16757368.37,solana
2021-03-16,14.16,14.29,13.23,13.64,7386266.91,solana
2021-03-17,13.64,14.93,14.02,14.22,19582474.34,solana
2021-03-18,14.22,14.46,13.64,14.22,13945970.29,solana
2021-03-19,14.22,14.47,13.88,14.14,10829869.62,solana
2021-03-20,14.14,14.95,14.11,14.16,3652184.81,solana
2021-03-21,14.16,14.38,13.64,14.33,5405747.15,solana
2021-03-22,14.33,16.64,14.17,14.81,19560554.6,solana
2021-03-23,14.81,15.21,14.06,14.16,10196032.12,solana
2021-03-24,14.16,15.34,13.59,13.59,8255939.18,solana
2021-03-25,13.59,13.68,12.58,13.0,8439341.48,solana
2021-03-26,13.0,14.79,12.29,14.77,9553630.84,solana
2021-03-27,14.77,16.81,14.74,16.47,17711606.91,solana
2021-03-28,16.47,19.36,16.34,18.08,23638556.99,solana
2021-03-29,18.08,19.01,17.67,18.92,16701335.37,solana
2021-03-30,18.92,20.86,18.9,19.1,19211419.73,solana
2021-03-31,19.1,19.81,18.06,19.42,15131085.75,solana
2021-04-01,19.42,20.76,18.77,19.04,17593640.31,solana
2021-04-02,19.04,19.81,18.55,19.77,11138607.45,solana
2021-04-03,19.77,23.8,19.74,22.44,51615008.06,solana
2021-04-04,22.44,25.53,22.04,23.81,33954665.69,solana
2021-04-05,23.81,24.76,22.77,22.99,27230532.4,solana
2021-04-06,22.99,25.3,21.86,25.09,29200559.83,solana
2021-04-07,25.09,27.56,22.97,26.54,62941535.1,solana
2021-04-08,26.54,27.94,25.65,26.99,33561712.5,solana
2021-04-09,26.99,28.98,26.83,27.67,26523027.61,solana
2021-04-10,27.67,28.24,25.95,26.78,27356959.52,solana
2021-04-11,26.78,28.61,25.54,27.88,16214588.58,solana
2021-04-12,27.88,29.86,26.81,28.5,29827427.91,solana
2021-04-13,28.5,28.72,26.39,27.48,26307294.68,solana
2021-04-14,27.48,27.58,24.7,26.41,45984462.5,solana
2021-04-15,26.41,28.23,25.49,27.79,28186331.25,solana
2021-04-16,27.79,28.23,24.92,25.33,30923797.26,solana
2021-04-17,25.33,26.76,24.8,24.86,20969838.59,solana
2021-04-18,24.86,32.98,21.04,32.38,119688886.95,solana
2021-04-19,32.38,35.99,29.98,31.58,117626095.61,solana
2021-04-20,31.58,32.64,28.7,31.77,107569901.58,solana
2021-04-21,31.77,35.05,30.19,32.62,95745919.88,solana
2021-04-22,32.62,40.72,31.58,38.87,181569212.58,solana
2021-04-23,38.87,41.15,31.46,37.21,179063596.72,solana
2021-04-24,37.21,43.63,34.69,40.82,96497314.31,solana
2021-04-25,40.82,48.54,40.46,47.59,121701256.7,solana
2021-04-26,47.59,48.5,43.37,43.96,93541895.24,solana
2021-04-27,43.96,46.59,42.58,43.26,87273248.59,solana
2021-04-28,43.26,46.91,40.74,44.85,99927277.99,solana
2021-04-29,44.85,46.09,40.8,42.55,86685491.8,solana
2021-04-30,42.55,44.3,41.26,42.87,77848646.54,solana
2021-05-01,42.87,49.89,42.04,49.58,77824457.45,solana
2021-05-02,49.58,49.95,46.03,46.91,52557598.59,solana
2021-05-03,46.91,49.28,44.73,46.06,93909210.92,solana
2021-05-04,46.06,47.81,42.3,42.64,95283846.76,solana
2021-05-05,42.64,46.41,42.32,44.98,69756746.75,solana
2021-05-06,44.98,44.98,42.62,43.51,58383524.0,solana
2021-05-07,43.51,46.23,41.5,43.21,72693372.11,solana
2021-05-08,43.21,46.72,42.4,45.73,58894979.12,solana
2021-05-09,45.73,47.15,43.01,44.35,61392876.08,solana
2021-05-10,44.35,45.95,39.05,42.94,78251648.51,solana
2021-05-11,42.94,45.17,39.66,44.64,72194979.0,solana
2021-05-12,44.64,49.11,41.52,42.94,158220048.29,solana
2021-05-13,42.94,45.44,37.45,41.0,124906824.06,solana
2021-05-14,41.0,44.99,39.93,42.79,48527801.25,solana
2021-05-15,42.79,45.57,39.41,43.46,51500835.19,solana
2021-05-16,43.46,52.43,41.89,46.85,186034681.56,solana
2021-05-17,46.85,51.91,43.18,46.65,202223377.33,solana
2021-05-18,46.65,58.36,46.11,55.98,178425575.72,solana
2021-05-19,55.98,57.59,29.55,34.96,362747283.11,solana
2021-05-20,34.96,49.9,31.33,44.42,271883072.74,solana
2021-05-21,44.42,47.73,33.65,38.91,183241760.9,solana
2021-05-22,38.91,39.99,31.2,31.28,97930895.67,solana
2021-05-23,31.28,32.38,19.19,24.53,220787020.26,solana
2021-05-24,24.53,32.22,24.53,31.45,126914915.32,solana
2021-05-25,31.45,33.19,25.99,30.08,90527633.89,solana
2021-05-26,30.08,37.27,28.93,35.46,99552874.91,solana
2021-05-27,35.46,35.64,31.13,33.71,81521287.1,solana
2021-05-28,33.71,34.53,27.99,29.0,73259140.43,solana
2021-05-29,29.0,30.06,25.73,27.39,44846018.73,solana
2021-05-30,27.39,29.76,25.64,28.6,33343566.54,solana
2021-05-31,28.6,33.0,27.52,32.78,59780563.85,solana
2021-06-01,32.78,33.29,29.86,30.98,46129931.3,solana
2021-06-02,30.98,34.98,30.43,33.98,48227819.48,solana
2021-06-03,33.98,41.31,33.73,39.56,92430658.07,solana
2021-06-04,39.56,39.69,34.26,37.42,101079093.6,solana
2021-06-05,37.42,42.75,37.06,39.75,107224327.59,solana
2021-06-06,39.75,43.42,38.98,42.23,68453272.55,solana
2021-06-07,42.23,44.19,37.93,38.28,83284538.42,solana
2021-06-08,38.28,42.8,33.6,41.26,169862969.98,solana
2021-06-09,41.26,44.06,39.32,42.03,101199283.7,solana
2021-06-10,42.03,43.04,39.53,41.09,46173596.26,solana
2021-06-11,41.09,41.36,35.16,36.18,56074034.42,solana
2021-06-12,36.18,37.62,34.24,36.48,45173977.14,solana
2021-06-13,36.48,39.39,34.73,38.72,34963869.07,solana
2021-06-14,38.72,40.54,36.68,39.72,42680881.8,solana
2021-06-15,39.72,41.72,39.18,39.55,46477716.04,solana
2021-06-16,39.55,41.55,37.48,39.63,51535900.37,solana
2021-06-17,39.63,41.21,38.22,39.22,41116302.63,solana
2021-06-18,39.22,39.44,34.95,36.79,38146954.39,solana
2021-06-19,36.79,37.31,34.91,35.19,23775489.43,solana
2021-06-20,35.19,35.94,31.24,35.25,48797283.37,solana
2021-06-21,35.25,35.47,24.12,26.65,96081633.41,solana
2021-06-22,26.65,28.78,20.24,26.98,133615779.74,solana
2021-06-23,26.98,32.92,25.7,30.84,97593693.54,solana
2021-06-24,30.84,32.97,28.5,31.18,57246549.21,solana
2021-06-25,31.18,32.97,27.97,28.63,65442820.83,solana
2021-06-26,28.63,30.01,26.71,29.67,40513771.43,solana
2021-06-27,29.67,31.92,29.21,31.87,29092922.23,solana
2021-06-28,31.87,34.29,31.0,33.0,31192686.66,solana
2021-06-29,33.0,35.86,32.7,33.94,42437610.12,solana
2021-06-30,33.94,35.98,31.6,35.53,44244758.74,solana
2021-07-01,35.53,35.56,32.25,33.32,42689121.73,solana
2021-07-02,33.32,34.09,31.41,34.0,35575070.82,solana
2021-07-03,34.0,35.38,33.26,34.5,23005140.76,solana
2021-07-04,34.5,35.51,33.56,34.32,31107792.7,solana
2021-07-05,34.32,34.48,32.45,32.93,39115681.62,solana
2021-07-06,32.93,35.04,32.92,34.23,45790676.65,solana
2021-07-07,34.23,38.1,33.85,36.72,49213827.25,solana
2021-07-08,36.72,36.95,32.69,33.14,59127178.01,solana
2021-07-09,33.14,34.44,31.98,33.3,28767141.25,solana
2021-07-10,33.3,34.19,31.06,31.72,28153987.76,solana
2021-07-11,31.72,32.56,31.39,32.19,14899158.96,solana
2021-07-12,32.19,32.68,30.05,30.78,21170820.44,solana
2021-07-13,30.78,31.07,28.83,29.12,20312896.84,solana
2021-07-14,29.12,31.43,27.42,31.36,34780123.51,solana
2021-07-15,31.36,31.49,27.99,28.55,32782769.57,solana
2021-07-16,28.55,29.45,26.21,26.27,27674279.4,solana
2021-07-17,26.27,27.79,26.01,26.75,20299598.31,solana
2021-07-18,26.75,27.74,26.27,26.67,11427545.35,solana
2021-07-19,26.67,26.7,24.01,24.5,28749731.09,solana
2021-07-20,24.5,24.98,22.12,23.46,40881396.03,solana
2021-07-21,23.46,27.45,22.83,26.63,61233542.52,solana
2021-07-22,26.63,28.18,25.94,27.71,61897418.28,solana
2021-07-23,27.71,28.7,26.41,28.51,59850394.72,solana
2021-07-24,28.51,29.49,28.04,28.65,53931962.33,solana
2021-07-25,28.65,28.88,26.55,28.19,41313830.65,solana
2021-07-26,28.19,31.09,27.89,28.22,97459378.9,solana
2021-07-27,28.22,28.98,26.93,28.14,46959511.42,solana
2021-07-28,28.14,28.76,27.38,27.88,40060927.31,solana
2021-07-29,27.88,31.88,27.34,31.28,52394282.89,solana
2021-07-30,31.28,33.07,30.0,32.38,78140046.46,solana
2021-07-31,32.38,36.98,31.71,36.74,77556257.28,solana
2021-08-01,36.74,36.81,33.27,34.2,68663489.88,solana
2021-08-02,34.2,35.91,33.02,33.19,56655330.01,solana
2021-08-03,33.19,35.84,32.37,34.11,70985243.21,solana
2021-08-04,34.11,36.65,33.27,35.78,59194371.63,solana
2021-08-05,35.78,38.24,35.51,37.37,88384144.41,solana
2021-08-06,37.37,40.4,35.67,39.52,73180864.79,solana
2021-08-07,39.52,40.5,37.58,39.48,70509450.78,solana
2021-08-08,39.48,39.57,36.93,37.67,38438310.15,solana
2021-08-09,37.67,40.03,36.37,38.69,48194563.04,solana
2021-08-10,38.69,41.67,38.23,40.68,70129225.23,solana
2021-08-11,40.68,43.76,40.63,41.66,79607444.17,solana
2021-08-12,41.6,41.87,39.34,41.09,46090143.05,solana
2021-08-13,41.09,44.95,40.71,44.89,86295321.3,solana
2021-08-14,44.89,44.9,42.77,44.16,47159189.51,solana
2021-08-15,44.16,54.75,43.42,53.53,219908279.33,solana
2021-08-16,53.53,69.33,52.33,62.15,564946757.19,solana
2021-08-17,62.15,75.0,58.81,64.18,685773953.14,solana
2021-08-18,64.18,80.52,59.98,72.79,816385004.27,solana
2021-08-19,72.79,75.34,68.39,72.82,416876935.06,solana
2021-08-20,72.82,79.95,70.96,78.68,229343045.77,solana
2021-08-21,78.68,81.92,72.69,73.89,140463001.96,solana
2021-08-22,73.89,77.59,71.31,72.75,111971730.22,solana
2021-08-23,72.75,76.74,71.6,75.66,161521059.26,solana
2021-08-24,75.66,79.4,68.68,70.67,251828934.6,solana
2021-08-25,70.67,72.78,66.2,71.94,156187363.11,solana
2021-08-26,71.94,78.29,66.28,74.85,469798777.44,solana
2021-08-27,74.85,88.87,72.65,88.11,335300639.5,solana
2021-08-28,88.11,97.86,85.65,96.38,211007560.31,solana
2021-08-29,96.38,97.82,90.66,94.29,154969272.05,solana
2021-08-30,94.29,116.31,93.79,110.17,486368493.97,solana
2021-08-31,110.17,130.0,103.13,108.34,717694743.79,solana
2021-09-01,108.34,119.56,106.02,110.73,379261153.53,solana
2021-09-02,110.73,132.08,109.37,128.29,823684018.55,solana
2021-09-03,128.29,148.91,128.21,146.46,980998448.57,solana
2021-09-04,146.46,150.67,136.03,139.0,317791832.57,solana
2021-09-05,139.0,144.99,134.85,142.11,234332797.45,solana
2021-09-06,142.11,166.06,137.68,164.31,407906594.71,solana
2021-09-07,164.31,194.96,131.78,173.2,1443991549.05,solana
2021-09-08,173.2,197.94,146.72,191.01,2016058926.82,solana
2021-09-09,191.01,215.85,179.4,187.7,2460799372.66,solana
2021-09-10,187.7,197.27,168.1,179.5,1420968008.17,solana
2021-09-11,179.5,193.33,174.55,179.1,1030367535.36,solana
2021-09-12,179.1,181.57,167.49,174.4,585927791.56,solana
2021-09-13,174.4,174.96,150.49,169.66,1314887040.32,solana
2021-09-14,169.66,171.84,142.51,158.92,1362567677.0,solana
2021-09-15,158.92,166.95,153.95,158.66,845522524.47,solana
2021-09-16,158.66,163.09,147.43,152.11,662646760.41,solana
2021-09-17,152.11,153.4,134.25,147.49,1023945637.48,solana
2021-09-18,147.49,171.55,144.27,169.36,1091735551.54,solana
2021-09-19,169.36,170.98,150.73,152.86,709659799.17,solana
2021-09-20,152.86,153.41,130.49,132.08,1320128623.42,solana
2021-09-21,132.08,144.61,116.01,124.04,1341286027.55,solana
2021-09-22,124.04,151.98,122.14,148.18,1181894104.57,solana
2021-09-23,148.18,152.44,143.03,150.0,685101799.96,solana
2021-09-24,150.0,151.29,128.52,139.28,820048443.91,solana
2021-09-25,139.28,144.07,133.58,136.16,378053262.21,solana
2021-09-26,136.16,140.82,124.9,135.84,502050940.75,solana
2021-09-27,135.84,148.96,133.81,136.35,558713787.59,solana
2021-09-28,136.35,139.41,128.14,132.21,457657565.63,solana
2021-09-29,132.21,140.12,131.13,135.3,447613932.89,solana
2021-09-30,135.3,142.94,134.11,141.32,405424340.44,solana
2021-10-01,141.32,165.0,138.31,161.67,782281427.84,solana
2021-10-02,161.67,175.03,156.24,168.99,579916326.77,solana
2021-10-03,168.99,177.73,165.63,173.06,505569099.45,solana
2021-10-04,173.06,173.11,162.29,167.21,560572644.25,solana
2021-10-05,167.21,170.2,159.92,164.63,494332247.0,solana
2021-10-06,164.63,165.48,150.33,153.92,685024694.08,solana
2021-10-07,153.93,161.52,150.32,154.35,505641394.78,solana
2021-10-08,154.29,168.88,152.44,158.83,535074416.41,solana
2021-10-09,158.83,161.56,154.42,156.82,291129825.62,solana
2021-10-10,156.82,158.49,145.84,147.67,287105743.36,solana
2021-10-11,147.67,154.0,140.31,144.92,394022338.6,solana
2021-10-12,144.92,153.44,137.7,152.43,644682762.12,solana
2021-10-13,152.43,155.52,144.37,148.06,410859128.01,solana
2021-10-14,148.06,155.65,147.35,150.01,368851542.65,solana
2021-10-15,150.01,165.26,146.76,163.17,681329036.1,solana
2021-10-16,163.17,164.76,156.63,157.56,264777103.46,solana
2021-10-17,157.56,167.47,153.39,160.04,358234013.04,solana
2021-10-18,160.04,162.92,154.97,157.15,280630198.46,solana
2021-10-19,157.15,159.38,153.22,155.89,236431195.02,solana
2021-10-20,155.89,176.89,155.16,176.81,593433328.32,solana
2021-10-21,176.81,194.17,176.76,190.25,1320931174.52,solana
2021-10-22,190.25,215.0,188.1,196.22,1468634674.75,solana
2021-10-23,196.22,205.67,192.09,197.73,592165608.81,solana
2021-10-24,197.73,204.89,185.34,202.3,637422149.18,solana
2021-10-25,202.3,218.93,198.19,209.85,856546050.78,solana
2021-10-26,209.85,214.04,196.52,199.72,698109565.85,solana
2021-10-27,199.72,205.56,179.66,184.52,1015518131.75,solana
2021-10-28,184.52,201.53,181.77,194.85,782980679.38,solana
2021-10-29,194.85,205.23,194.71,200.41,526542688.21,solana
2021-10-30,200.41,200.63,187.51,195.91,362788627.55,solana
2021-10-31,195.91,205.14,185.67,202.66,522968442.34,solana
2021-11-01,202.66,211.66,198.05,203.51,670364839.19,solana
2021-11-02,203.51,222.35,201.16,221.14,673404211.94,solana
2021-11-03,221.14,246.51,216.07,243.02,1279027288.99,solana
2021-11-04,243.02,250.48,234.52,247.17,981490100.53,solana
2021-11-05,247.17,248.41,230.68,236.34,615867461.64,solana
2021-11-06,236.34,259.95,235.04,258.63,763221693.79,solana
2021-11-07,258.63,258.81,245.9,249.76,524752612.27,solana
2021-11-08,249.76,253.3,240.76,248.35,781740221.44,solana
2021-11-09,248.35,253.17,237.5,239.03,652304202.99,solana
2021-11-10,239.03,248.09,218.64,233.62,912625322.97,solana
2021-11-11,233.62,246.46,229.6,233.51,636491052.02,solana
2021-11-12,233.51,239.0,220.98,228.64,728217076.6,solana
2021-11-13,228.64,241.92,224.99,241.66,526984439.76,solana
2021-11-14,241.66,241.94,230.47,238.71,402193492.97,solana
2021-11-15,238.71,246.33,234.5,238.17,603963819.17,solana
2021-11-16,238.17,238.17,214.88,219.09,945520134.96,solana
2021-11-17,219.09,222.24,209.95,218.95,766218355.39,solana
2021-11-18,218.95,222.78,186.78,195.24,1136201350.17,solana
2021-11-19,195.24,219.74,189.18,215.39,807802423.17,solana
2021-11-20,215.39,221.28,206.17,217.89,453823809.79,solana
2021-11-21,217.89,235.71,210.44,230.56,645809130.04,solana
2021-11-22,230.56,232.18,211.75,215.78,792817609.76,solana
2021-11-23,215.78,226.17,211.04,221.94,527801770.31,solana
2021-11-24,221.94,222.31,200.2,205.75,613043468.19,solana
2021-11-25,205.75,216.48,202.06,210.06,545045664.68,solana
2021-11-26,210.06,210.6,182.81,192.24,901104026.96,solana
2021-11-27,192.24,199.47,190.69,193.0,370235838.89,solana
2021-11-28,193.0,202.3,181.17,200.92,489856577.53,solana
2021-11-29,200.92,212.94,199.87,204.22,645321566.94,solana
2021-11-30,204.22,218.52,199.73,208.43,813688555.37,solana
2021-12-01,208.43,232.51,207.77,229.91,898339035.81,solana
2021-12-02,229.91,243.31,220.2,233.89,928096463.45,solana
2021-12-03,233.89,239.63,206.22,211.87,1020720529.22,solana
2021-12-04,211.87,212.63,175.73,201.01,1318497937.04,solana
2021-12-05,201.01,204.66,181.28,196.74,754152543.44,solana
2021-12-06,196.74,197.72,176.61,194.03,829741291.09,solana
2021-12-07,194.03,204.27,188.08,190.38,627419940.3,solana
2021-12-08,190.38,196.33,183.89,194.74,596098555.68,solana
2021-12-09,194.74,196.81,178.8,181.41,478456793.35,solana
2021-12-10,181.41,184.56,167.31,167.65,530322164.88,solana
2021-12-11,167.65,173.8,161.48,172.08,422171857.72,solana
2021-12-12,172.08,176.87,167.8,173.0,250507432.05,solana
2021-12-13,173.0,173.0,148.1,155.15,698246643.46,solana
2021-12-14,155.15,163.17,149.67,161.43,511967381.77,solana
2021-12-15,161.43,183.17,156.91,178.55,810320871.82,solana
2021-12-16,178.55,189.3,174.51,176.92,612512486.57,solana
2021-12-17,176.92,182.47,168.15,175.65,611889028.86,solana
2021-12-18,175.65,184.31,171.1,182.92,360250483.77,solana
2021-12-19,182.92,189.39,178.49,180.02,362544203.11,solana
2021-12-20,180.02,181.21,168.48,174.01,459540166.98,solana
2021-12-21,174.01,182.64,170.29,179.76,436326304.27,solana
2021-12-22,179.76,187.55,177.16,178.36,490179135.35,solana
2021-12-23,178.36,193.64,175.73,190.12,462865144.35,solana
2021-12-24,190.12,197.54,184.35,190.43,473958198.71,solana
2021-12-25,190.43,195.3,189.33,193.05,289095316.88,solana
2021-12-26,193.05,200.62,190.32,197.89,322371606.21,solana
2021-12-27,197.89,204.79,194.9,195.73,336237614.32,solana
2021-12-28,195.73,195.75,176.38,177.25,608290762.58,solana
2021-12-29,177.25,180.62,170.16,170.62,396632427.68,solana
2021-12-30,170.62,175.75,168.24,172.53,288304386.5,solana
2021-12-31,172.53,177.68,167.68,169.93,349004476.06,solana
2022-01-01,169.93,179.21,169.92,179.09,218470055.35,solana
2022-01-02,179.09,179.5,174.41,176.4,168469219.1,solana
2022-01-03,176.4,176.48,166.68,170.08,229276025.02,solana
2022-01-04,170.08,173.83,166.49,167.75,253439598.23,solana
2022-01-05,167.75,171.28,145.02,154.36,429577590.19,solana
2022-01-06,154.36,154.76,146.02,150.23,468707259.86,solana
2022-01-07,150.23,150.64,133.79,136.39,612499915.99,solana
2022-01-08,136.39,148.04,133.01,142.11,465208463.23,solana
2022-01-09,142.11,145.65,137.88,140.77,240050707.27,solana
2022-01-10,140.77,143.75,130.06,135.86,395501395.1,solana
2022-01-11,135.86,143.51,133.65,140.25,296142668.06,solana
2022-01-12,140.25,153.26,138.27,151.51,386205031.21,solana
2022-01-13,151.51,157.85,145.59,146.2,348841463.04,solana
2022-01-14,146.2,150.62,142.04,146.18,288146937.82,solana
2022-01-15,146.18,149.59,144.08,147.74,176776512.22,solana
2022-01-16,147.74,151.96,146.22,147.96,168929373.36,solana
2022-01-17,147.96,148.29,137.15,139.84,264425163.0,solana
2022-01-18,139.84,142.8,134.39,141.29,219849249.06,solana
2022-01-19,141.29,142.74,132.83,135.3,239716720.3,solana
2022-01-20,135.3,143.91,126.22,127.65,287751069.3,solana
2022-01-21,127.65,129.09,106.16,112.47,875913692.07,solana
2022-01-22,112.47,114.1,88.1,94.68,791874467.69,solana
2022-01-23,94.68,104.74,93.34,99.81,454113472.02,solana
2022-01-24,99.81,99.89,80.79,91.99,895098151.93,solana
2022-01-25,91.99,100.01,87.48,94.65,495726180.82,solana
2022-01-26,94.65,104.39,89.32,92.14,561683494.55,solana
2022-01-27,92.14,94.62,85.71,89.56,426298083.27,solana
2022-01-28,89.56,93.54,87.23,91.36,333476775.48,solana
2022-01-29,91.36,98.94,90.54,96.16,265937000.77,solana
2022-01-30,96.16,97.58,91.45,93.32,149808802.15,solana
2022-01-31,93.32,101.39,89.12,99.54,325663562.36,solana
2022-02-01,99.54,113.72,99.08,110.09,620768026.63,solana
2022-02-02,110.09,112.45,96.96,101.89,574572443.68,solana
2022-02-03,101.89,103.17,94.12,101.9,381312982.53,solana
2022-02-04,101.9,112.89,100.39,112.58,483611784.8,solana
2022-02-05,112.58,118.68,110.33,113.82,344630305.33,solana
2022-02-06,113.82,116.12,111.67,115.33,213787352.12,solana
2022-02-07,115.33,121.97,112.8,117.57,400293556.01,solana
2022-02-08,117.57,120.32,109.78,113.42,420202713.26,solana
2022-02-09,113.42,117.2,109.41,114.04,253412925.6,solana
2022-02-10,114.04,114.97,105.79,106.18,347717320.5,solana
2022-02-11,106.18,108.36,95.2,96.52,353146501.35,solana
2022-02-12,96.52,99.87,92.91,95.96,202029707.76,solana
2022-02-13,95.96,97.39,91.42,92.9,144594763.47,solana
2022-02-14,92.9,97.95,90.83,96.43,218019758.1,solana
2022-02-15,96.43,105.83,96.39,105.54,275693052.66,solana
2022-02-16,105.54,105.63,98.33,101.94,238995501.42,solana
2022-02-17,101.94,102.84,92.39,93.58,229975633.67,solana
2022-02-18,93.58,96.43,89.36,89.93,195881104.73,solana
2022-02-19,89.93,92.73,88.71,91.31,127648472.81,solana
2022-02-20,91.31,93.94,85.69,90.75,204093998.88,solana
2022-02-21,90.75,96.16,82.73,82.99,318962743.74,solana
2022-02-22,82.99,87.59,81.06,86.44,230849974.3,solana
2022-02-23,86.44,93.34,84.44,84.61,277768525.33,solana
2022-02-24,84.61,92.69,75.43,89.41,538981764.35,solana
2022-02-25,89.41,95.05,86.88,92.84,297429202.39,solana
2022-02-26,92.84,95.16,89.29,90.29,157334183.7,solana
2022-02-27,90.29,92.23,84.18,85.66,188776935.86,solana
2022-02-28,85.66,102.36,84.21,99.75,369874400.47,solana
2022-03-01,99.75,101.88,94.39,98.65,407426810.39,solana
2022-03-02,98.65,106.37,96.85,100.75,428576214.75,solana
2022-03-03,100.75,101.71,94.1,95.6,278704905.4,solana
2022-03-04,95.6,95.88,87.03,88.24,306775823.32,solana
2022-03-05,88.24,91.15,86.08,89.61,168076878.78,solana
2022-03-06,89.61,89.9,84.19,84.55,171163848.23,solana
2022-03-07,84.55,86.58,79.99,81.88,255503806.44,solana
2022-03-08,81.88,84.98,81.39,82.31,215223179.74,solana
2022-03-09,82.31,89.75,82.03,88.07,269117776.74,solana
2022-03-10,88.07,88.61,80.99,82.93,220016654.11,solana
2022-03-11,82.93,84.28,80.09,80.67,191067932.33,solana
2022-03-12,80.67,82.72,80.64,81.41,80580765.04,solana
2022-03-13,81.41,83.17,77.92,78.76,112520909.44,solana
2022-03-14,78.76,82.23,78.07,81.26,164972651.57,solana
2022-03-15,81.26,85.88,78.91,82.85,168558780.05,solana
2022-03-16,82.85,87.99,81.55,87.84,225016506.95,solana
2022-03-17,87.84,90.99,86.68,87.88,237060413.77,solana
2022-03-18,87.88,91.99,84.53,89.81,251097931.84,solana
2022-03-19,89.81,94.55,89.3,92.41,215508005.89,solana
2022-03-20,92.41,92.53,87.97,88.6,133350638.96,solana
2022-03-21,88.6,91.22,86.92,88.65,170292028.02,solana
2022-03-22,88.65,93.96,88.05,90.47,197326594.02,solana
2022-03-23,90.47,96.27,89.35,94.89,254875496.99,solana
2022-03-24,94.89,103.71,93.53,102.39,406947040.56,solana
2022-03-25,102.39,104.86,97.12,98.65,308110782.24,solana
2022-03-26,98.65,103.39,97.72,101.79,159502489.33,solana
2022-03-27,101.79,107.44,98.89,107.08,190435562.18,solana
2022-03-28,107.08,113.84,105.22,105.93,416216471.12,solana
2022-03-29,105.93,115.65,105.61,111.78,418092940.64,solana
2022-03-30,111.78,124.56,107.16,120.64,591082350.06,solana
2022-03-31,120.64,129.36,120.01,122.84,584697700.28,solana
2022-04-01,122.84,138.44,117.78,134.54,631724717.21,solana
2022-04-02,134.54,143.54,131.44,132.51,417707954.3,solana
2022-04-03,132.51,140.98,130.68,136.91,319077832.39,solana
2022-04-04,136.91,138.28,125.91,132.13,375394773.2,solana
2022-04-05,132.13,136.63,126.09,126.83,302494778.35,solana
2022-04-06,126.83,127.39,112.16,112.99,547030001.41,solana
2022-04-07,112.99,119.96,110.96,118.6,358677473.87,solana
2022-04-08,118.6,122.41,108.15,109.97,339956765.81,solana
2022-04-09,109.97,113.67,108.32,112.96,158176021.11,solana
2022-04-10,112.96,116.04,109.8,111.02,162262688.28,solana
2022-04-11,111.02,111.94,98.2,99.65,359954148.63,solana
2022-04-12,99.65,109.36,98.41,103.26,340546068.39,solana
2022-04-13,103.26,106.0,100.12,104.97,216762602.99,solana
2022-04-14,104.97,107.7,99.04,100.77,225896476.03,solana
2022-04-15,100.77,102.88,99.57,101.35,126145198.57,solana
2022-04-16,101.35,103.48,100.81,102.1,90463208.04,solana
2022-04-17,102.1,105.44,99.68,100.18,134183551.56,solana
2022-04-18,100.18,102.66,94.85,102.37,231166457.22,solana
2022-04-19,102.37,108.82,101.06,108.61,221051546.25,solana
2022-04-20,108.61,110.91,104.35,105.59,238496568.02,solana
2022-04-21,105.59,109.98,100.03,101.77,286619329.29,solana
2022-04-22,101.77,103.55,99.23,100.54,186927308.72,solana
2022-04-23,100.54,102.89,98.37,100.61,119676863.89,solana
2022-04-24,100.61,102.25,98.64,99.23,116633113.12,solana
2022-04-25,99.23,101.58,94.35,100.99,207691457.95,solana
2022-04-26,100.99,101.98,94.68,95.71,169617039.13,solana
2022-04-27,95.71,100.76,94.93,98.34,180010948.51,solana
2022-04-28,98.34,100.54,96.35,98.22,185952138.7,solana
2022-04-29,98.22,98.64,92.34,93.93,201780890.22,solana
2022-04-30,93.93,94.93,82.03,84.65,176261852.27,solana
2022-05-01,84.65,93.11,84.17,89.68,194432394.81,solana
2022-05-02,89.68,90.86,85.08,87.47,200945604.54,solana
2022-05-03,87.47,88.78,84.64,85.84,139546484.05,solana
2022-05-04,85.84,93.03,85.46,92.75,227940338.73,solana
2022-05-05,92.75,95.17,81.42,84.51,316557519.22,solana
2022-05-06,84.51,84.75,79.94,81.65,296523843.33,solana
2022-05-07,81.65,82.27,77.19,78.83,161298459.02,solana
2022-05-08,78.83,79.34,73.71,75.31,216671280.58,solana
2022-05-09,75.31,77.19,61.79,62.11,501279511.52,solana
2022-05-10,62.11,74.03,60.24,66.85,589897344.33,solana
2022-05-11,66.85,68.35,43.12,50.82,869750326.98,solana
2022-05-12,50.82,53.97,35.95,44.58,710184610.97,solana
2022-05-13,44.58,56.27,43.83,48.86,505036183.26,solana
2022-05-14,48.86,53.7,45.87,52.34,277534572.62,solana
2022-05-15,52.34,59.19,49.59,58.74,265265610.87,solana
2022-05-16,58.74,58.75,51.87,53.69,328225140.88,solana
2022-05-17,53.69,58.14,53.03,57.02,255808095.6,solana
2022-05-18,57.02,57.82,49.39,49.83,305692779.57,solana
2022-05-19,49.83,53.99,48.22,52.12,342322514.42,solana
2022-05-20,52.12,53.57,47.76,49.37,306153762.51,solana
2022-05-21,49.37,51.16,48.38,50.25,137660928.03,solana
2022-05-22,50.25,53.12,49.64,52.46,158973497.81,solana
2022-05-23,52.46,54.61,48.58,49.1,270802070.15,solana
2022-05-24,49.1,50.78,47.06,49.63,264190416.96,solana
2022-05-25,49.63,50.48,47.52,47.92,171808990.6,solana
2022-05-26,47.92,48.59,41.69,43.43,340962341.48,solana
2022-05-27,43.43,43.89,39.97,41.1,328503339.24,solana
2022-05-28,41.1,44.99,40.25,44.22,172472580.65,solana
2022-05-29,44.22,45.56,41.8,44.92,193025274.34,solana
2022-05-30,44.92,48.32,44.23,47.18,272765167.85,solana
2022-05-31,47.18,48.17,44.56,45.74,254070372.87,solana
2022-06-01,45.74,46.1,39.59,40.09,297321656.33,solana
2022-06-02,40.09,41.55,38.11,40.82,306834570.09,solana
2022-06-03,40.82,41.51,37.66,38.23,257377662.2,solana
2022-06-04,38.23,39.46,35.72,38.97,190033825.17,solana
2022-06-05,38.97,40.17,37.83,38.49,167132759.59,solana
2022-06-06,38.49,44.65,38.31,42.36,351014169.93,solana
2022-06-07,42.36,42.65,37.36,39.29,321469181.75,solana
2022-06-08,39.29,40.89,38.29,38.79,198208463.94,solana
2022-06-09,38.79,41.9,38.41,39.93,214717194.25,solana
2022-06-10,39.93,40.87,36.81,37.12,218200726.61,solana
2022-06-11,37.12,37.88,33.15,33.86,181417324.29,solana
2022-06-12,33.86,34.4,30.54,30.59,240996234.82,solana
2022-06-13,30.59,31.05,26.02,28.54,476970922.42,solana
2022-06-14,28.54,32.2,25.84,29.51,404924750.29,solana
2022-06-15,29.51,34.8,26.75,34.71,395848370.39,solana
2022-06-16,34.71,35.9,29.53,30.08,341621322.17,solana
2022-06-17,30.08,32.08,29.23,30.67,205869840.16,solana
2022-06-18,30.67,31.97,27.06,31.97,310435090.72,solana
2022-06-19,31.97,35.31,28.69,34.16,291618076.12,solana
2022-06-20,34.16,36.84,31.7,35.22,318838983.85,solana
2022-06-21,35.22,39.11,34.2,36.37,278096854.62,solana
2022-06-22,36.37,36.84,33.61,34.07,276445338.37,solana
2022-06-23,34.07,38.57,33.89,38.13,272527741.56,solana
2022-06-24,38.13,42.87,37.65,41.87,270806565.06,solana
2022-06-25,41.87,42.56,39.73,42.2,196716794.82,solana
2022-06-26,42.2,42.45,39.16,39.38,214296877.8,solana
2022-06-27,39.38,41.22,37.96,38.46,232924259.03,solana
2022-06-28,38.46,39.85,35.04,35.29,278480970.42,solana
2022-06-29,35.29,36.05,33.09,33.96,289809989.5,solana
2022-06-30,33.96,34.14,30.88,33.74,291559538.1,solana
2022-07-01,33.74,35.34,31.75,32.8,278386368.52,solana
2022-07-02,32.8,34.09,31.82,33.32,109908127.57,solana
2022-07-03,33.32,33.63,32.11,33.36,88081229.66,solana
2022-07-04,33.36,36.89,32.42,36.68,150739092.78,solana
2022-07-05,36.68,36.93,33.11,35.37,240867509.78,solana
2022-07-06,35.37,37.57,34.78,37.01,225475866.98,solana
2022-07-07,37.01,39.23,36.37,38.46,187384470.96,solana
2022-07-08,38.46,39.81,36.45,38.11,238292134.03,solana
2022-07-09,38.11,38.88,37.76,38.05,115246546.47,solana
2022-07-10,38.05,38.12,36.26,36.66,110028071.73,solana
2022-07-11,36.66,36.71,33.23,33.4,189332526.41,solana
2022-07-12,33.4,34.56,32.57,32.66,175393353.49,solana
2022-07-13,32.66,35.03,31.85,34.93,261632225.72,solana
2022-07-14,34.93,37.26,33.56,37.13,255986071.26,solana
2022-07-15,37.13,39.07,36.52,37.37,222161624.87,solana
2022-07-16,37.37,40.45,36.36,39.59,190885804.32,solana
2022-07-17,39.59,41.07,38.3,38.62,184619472.23,solana
2022-07-18,38.62,44.04,38.55,43.54,293143493.11,solana
2022-07-19,43.54,47.45,42.56,44.88,435904062.55,solana
2022-07-20,44.88,46.32,41.27,42.03,374790512.53,solana
2022-07-21,42.03,44.07,39.67,43.11,342856760.6,solana
2022-07-22,43.11,44.32,40.04,40.55,240801245.97,solana
2022-07-23,40.55,41.92,38.62,39.98,158270986.48,solana
2022-07-24,39.98,42.09,39.48,40.96,134443327.44,solana
2022-07-25,40.96,41.1,36.58,36.6,232877627.16,solana
2022-07-26,36.6,36.81,34.68,36.27,198100005.37,solana
2022-07-27,36.27,40.54,35.68,40.24,257042314.51,solana
2022-07-28,40.24,44.19,39.05,42.94,347674741.5,solana
2022-07-29,42.94,44.4,41.18,41.93,273733162.38,solana
2022-07-30,41.93,46.68,41.46,43.85,291756644.68,solana
2022-07-31,43.85,45.21,42.24,42.37,180476118.33,solana
2022-08-01,42.37,43.26,40.61,41.66,193723781.93,solana
2022-08-02,41.66,42.43,39.53,39.75,199670615.92,solana
2022-08-03,39.75,41.02,37.48,38.57,378853156.74,solana
2022-08-04,38.57,39.82,37.96,38.82,142196402.48,solana
2022-08-05,38.82,41.34,38.71,40.56,181940041.66,solana
2022-08-06,40.56,40.91,39.85,40.07,80062849.21,solana
2022-08-07,40.07,41.55,39.22,40.62,89752298.46,solana
2022-08-08,40.62,43.69,40.56,42.22,175894096.95,solana
2022-08-09,42.22,42.76,39.76,40.35,154605679.0,solana
2022-08-10,40.35,42.87,39.17,42.48,217289355.28,solana
2022-08-11,42.48,45.33,42.37,42.8,225182358.01,solana
2022-08-12,42.8,45.53,42.18,45.52,176927290.68,solana
2022-08-13,45.52,48.4,45.31,46.6,219363805.47,solana
2022-08-14,46.6,48.07,44.58,44.87,179155327.46,solana
2022-08-15,44.87,47.24,42.76,43.73,239639071.47,solana
2022-08-16,43.73,44.31,42.56,43.09,185850223.36,solana
2022-08-17,43.09,44.72,40.18,40.53,267927195.48,solana
2022-08-18,40.53,41.67,39.34,39.51,166606355.75,solana
2022-08-19,39.51,39.59,35.57,35.82,356383614.11,solana
2022-08-20,35.82,37.26,34.19,35.28,233598721.55,solana
2022-08-21,35.28,37.03,34.54,36.48,186550916.92,solana
2022-08-22,36.48,36.54,33.76,35.42,209820727.4,solana
2022-08-23,35.42,36.1,34.24,35.65,134404383.55,solana
2022-08-24,35.65,36.39,34.31,34.88,138243611.99,solana
2022-08-25,34.88,36.48,34.87,35.28,122066673.69,solana
2022-08-26,35.28,35.78,31.37,31.73,194756458.15,solana
2022-08-27,31.73,32.24,30.87,31.52,105747616.3,solana
2022-08-28,31.52,32.21,30.13,30.43,82749619.61,solana
2022-08-29,30.43,32.64,29.97,32.43,152752700.49,solana
2022-08-30,32.43,33.07,30.64,31.47,143680750.41,solana
2022-08-31,31.47,32.96,31.18,31.49,126520798.33,solana
2022-09-01,31.49,31.78,30.44,31.6,103469678.71,solana
2022-09-02,31.6,32.38,30.77,31.24,102876754.83,solana
2022-09-03,31.24,31.28,30.81,31.11,43985812.65,solana
2022-09-04,31.11,32.19,31.03,32.16,48180064.49,solana
2022-09-05,32.16,32.52,31.15,32.17,73067891.67,solana
2022-09-06,32.17,33.86,30.46,30.89,160351106.14,solana
2022-09-07,30.89,32.93,30.32,32.7,93795738.14,solana
2022-09-08,32.7,34.0,32.02,33.61,123624669.28,solana
2022-09-09,33.61,35.95,33.6,34.69,156168243.64,solana
2022-09-10,34.69,35.42,34.29,35.06,78218895.05,solana
2022-09-11,35.06,35.99,34.08,35.01,83218801.56,solana
2022-09-12,35.01,38.37,34.42,37.46,219096567.62,solana
2022-09-13,37.46,38.96,32.94,32.99,253425976.59,solana
2022-09-14,32.99,34.34,32.71,34.12,115641784.43,solana
2022-09-15,34.12,34.86,32.29,33.07,137513600.73,solana
2022-09-16,33.07,33.25,31.54,32.24,98331233.71,solana
2022-09-17,32.24,33.89,32.22,33.69,51363020.95,solana
2022-09-18,33.69,33.99,30.87,31.1,80104426.78,solana
2022-09-19,31.1,33.08,30.62,32.63,119188318.55,solana
2022-09-20,32.63,32.88,31.31,31.42,98876571.52,solana
2022-09-21,31.42,33.44,30.04,30.69,152551276.63,solana
2022-09-22,30.69,32.86,30.59,32.42,94693547.16,solana
2022-09-23,32.42,33.96,31.21,33.66,130865368.39,solana
2022-09-24,33.66,34.76,33.15,33.39,105668825.25,solana
2022-09-25,33.39,34.03,31.9,32.33,77442617.91,solana
2022-09-26,32.33,33.95,31.88,33.88,113731647.43,solana
2022-09-27,33.88,35.41,32.08,32.68,168284505.46,solana
2022-09-28,32.68,33.8,31.64,33.23,136071610.73,solana
2022-09-29,33.23,34.41,32.65,33.93,128703506.89,solana
2022-09-30,33.93,35.2,32.62,33.25,167114766.6,solana
2022-10-01,33.25,33.25,32.37,32.44,54787029.64,solana
2022-10-02,32.44,33.02,31.91,32.06,63915516.93,solana
2022-10-03,32.06,33.26,31.8,32.9,82662371.08,solana
2022-10-04,32.9,34.4,32.84,34.11,106666122.8,solana
2022-10-05,34.11,34.38,33.21,34.05,89455930.04,solana
2022-10-06,34.05,34.5,33.27,33.36,103191911.43,solana
2022-10-07,33.36,33.77,32.43,32.99,79629364.29,solana
2022-10-08,32.99,33.07,32.37,32.59,37351525.86,solana
2022-10-09,32.59,33.13,32.45,32.93,35794479.47,solana
2022-10-10,32.93,33.45,31.93,31.95,68563253.02,solana
2022-10-11,31.95,31.95,30.42,30.79,90282318.3,solana
2022-10-12,30.79,31.54,30.67,31.16,51030227.9,solana
2022-10-13,31.16,31.2,27.75,30.51,180508671.84,solana
2022-10-14,30.51,31.98,29.64,30.0,102282805.83,solana
2022-10-15,30.0,30.2,29.45,29.59,40028658.72,solana
2022-10-16,29.59,30.52,29.56,30.16,36049242.58,solana
2022-10-17,30.16,31.29,29.84,31.21,64398693.25,solana
2022-10-18,31.21,31.48,29.74,30.14,78873536.13,solana
2022-10-19,30.14,30.26,28.62,28.85,75947010.64,solana
2022-10-20,28.85,29.47,27.97,28.01,102495803.99,solana
2022-10-21,28.01,28.28,26.84,28.1,118698104.26,solana
2022-10-22,28.1,28.22,27.49,28.01,43241858.58,solana
2022-10-23,28.01,29.42,27.74,29.28,67687355.81,solana
2022-10-24,29.28,29.49,28.17,28.3,69996386.08,solana
2022-10-25,28.3,32.35,28.06,30.88,207759844.54,solana
2022-10-26,30.88,32.12,30.65,31.29,130320344.36,solana
2022-10-27,31.29,32.36,30.47,30.58,156220713.95,solana
2022-10-28,30.58,32.55,30.12,32.07,120576731.07,solana
2022-10-29,32.07,33.84,31.87,32.88,121589101.36,solana
2022-10-30,32.88,33.54,31.95,32.94,77502854.75,solana
2022-10-31,32.94,34.39,32.21,32.56,152536616.24,solana
2022-11-01,32.56,33.39,32.16,32.2,79466574.35,solana
2022-11-02,32.2,32.93,30.23,30.81,140973726.46,solana
2022-11-03,30.81,32.24,30.61,30.85,86575228.07,solana
2022-11-04,30.85,34.21,30.66,33.74,155256328.39,solana
2022-11-05,33.74,38.74,33.67,36.89,250593258.95,solana
2022-11-06,36.89,37.05,32.34,32.62,181830879.84,solana
2022-11-07,32.62,33.12,28.15,29.62,289915425.99,solana
2022-11-08,29.62,31.63,21.5,24.02,717915107.17,solana
2022-11-09,24.02,24.03,12.08,14.17,555865153.48,solana
2022-11-10,14.17,19.08,12.9,17.6,249540059.42,solana
2022-11-11,17.6,18.25,15.15,16.35,123926031.06,solana
2022-11-12,16.35,16.38,14.44,14.55,54678113.91,solana
2022-11-13,14.55,14.71,13.02,13.17,57772641.2,solana
2022-11-14,13.17,14.98,12.21,13.98,83899085.54,solana
2022-11-15,13.98,15.09,13.8,14.29,64156093.29,solana
2022-11-16,14.29,14.6,13.62,14.27,38727592.57,solana
2022-11-17,14.27,14.51,12.92,13.64,61958318.27,solana
2022-11-18,13.64,13.87,12.98,13.25,33792970.47,solana
2022-11-19,13.25,13.26,12.58,12.82,24417246.24,solana
2022-11-20,12.82,13.57,12.11,12.26,35433118.28,solana
2022-11-21,12.26,12.27,11.26,11.83,47854445.4,solana
2022-11-22,11.83,12.5,10.94,12.43,54701419.1,solana
2022-11-23,12.43,14.46,12.39,14.34,93973604.3,solana
2022-11-24,14.34,14.93,13.84,14.59,61982386.71,solana
2022-11-25,14.59,14.6,13.89,14.01,37739863.17,solana
2022-11-26,14.01,14.95,13.96,14.17,36216173.22,solana
2022-11-27,14.17,14.44,14.05,14.1,30027758.0,solana
2022-11-28,14.1,14.17,12.78,13.33,62750014.75,solana
2022-11-29,13.33,13.95,13.15,13.34,31363869.47,solana
2022-11-30,13.34,14.32,13.23,14.15,47469116.41,solana
2022-12-01,14.15,14.19,13.4,13.52,27422681.56,solana
2022-12-02,13.52,13.81,13.33,13.72,21385441.19,solana
2022-12-03,13.72,13.77,13.22,13.3,12239592.3,solana
2022-12-04,13.3,13.75,13.27,13.71,11675208.22,solana
2022-12-05,13.71,14.16,13.59,13.82,29846705.68,solana
2022-12-06,13.82,14.38,13.81,14.29,30305143.44,solana
2022-12-07,14.29,14.33,13.44,13.5,26116040.18,solana
2022-12-08,13.5,13.78,13.27,13.69,16957456.6,solana
2022-12-09,13.69,14.02,13.5,13.58,18278947.39,solana
2022-12-10,13.58,13.72,13.54,13.57,7508134.58,solana
2022-12-11,13.57,13.8,13.39,13.43,11264259.85,solana
2022-12-12,13.43,13.48,12.84,13.32,27460840.38,solana
2022-12-13,13.32,14.15,12.78,13.89,40623255.94,solana
2022-12-14,13.89,14.95,13.81,14.12,60116655.72,solana
2022-12-15,14.12,14.52,13.87,14.04,35398562.27,solana
2022-12-16,14.04,14.17,11.99,12.24,59840757.78,solana
2022-12-17,12.24,12.55,11.94,12.51,36585840.77,solana
2022-12-18,12.51,12.61,12.27,12.37,17405774.17,solana
2022-12-19,12.37,12.59,11.67,11.94,36302121.49,solana
2022-12-20,11.94,12.48,11.83,12.26,30150553.59,solana
2022-12-21,12.26,12.29,11.9,12.14,23617186.61,solana
2022-12-22,12.14,12.19,11.67,11.81,31955868.04,solana
2022-12-23,11.81,12.11,11.72,11.78,23013552.95,solana
2022-12-24,11.78,11.79,11.12,11.45,34388581.88,solana
2022-12-25,11.45,11.55,11.24,11.39,11527341.31,solana
2022-12-26,11.39,11.49,11.06,11.33,18413287.33,solana
2022-12-27,11.33,11.44,10.72,11.09,29534617.34,solana
2022-12-28,11.09,11.12,9.421,9.759,83126895.43,solana
2022-12-29,9.759,10.82,8.028,9.641,105345615.42,solana
2022-12-30,9.641,10.23,9.03,9.909,124730002.5,solana
2022-12-31,9.909,10.18,9.659,9.952,39797226.05,solana
2023-01-01,9.952,10.08,9.7,9.99,36647102.13,solana
2023-01-02,9.99,11.97,9.791,11.28,76282642.73,solana
2023-01-03,11.28,13.8,11.01,13.39,129021571.79,solana
2023-01-04,13.39,14.22,12.82,13.44,142824278.08,solana
2023-01-05,13.44,13.86,12.95,13.43,65885387.04,solana
2023-01-06,13.43,13.59,12.69,13.5,67070233.93,solana
2023-01-07,13.5,13.5,13.01,13.1,25215262.79,solana
2023-01-08,13.1,14.87,12.85,14.45,69849810.79,solana
2023-01-09,14.45,17.52,14.29,16.26,267958729.7,solana
2023-01-10,16.26,16.73,15.57,16.21,117343825.18,solana
2023-01-11,16.21,16.6,15.29,16.37,91957286.78,solana
2023-01-12,16.37,16.97,15.59,16.6,122893887.95,solana
2023-01-13,16.6,18.6,16.32,18.29,133083479.97,solana
2023-01-14,18.29,24.72,18.21,24.24,426149505.62,solana
2023-01-15,24.24,24.91,21.99,22.88,225168855.76,solana
2023-01-16,22.88,25.0,22.27,23.58,195373635.91,solana
2023-01-17,23.58,23.95,22.72,22.89,122316881.28,solana
2023-01-18,22.89,23.62,20.34,20.81,218474162.96,solana
2023-01-19,20.81,21.86,20.43,21.4,102839432.43,solana
2023-01-20,21.4,25.81,20.93,25.54,164469564.96,solana
2023-01-21,25.54,26.46,24.38,24.57,201065652.02,solana
2023-01-22,24.57,25.43,23.52,24.22,126726909.34,solana
2023-01-23,24.22,24.93,23.76,24.35,104226920.63,solana
2023-01-24,24.35,25.21,22.41,22.77,91078716.14,solana
2023-01-25,22.77,25.41,22.24,24.51,125431229.78,solana
2023-01-26,24.51,25.22,23.79,24.35,74283958.87,solana
2023-01-27,24.35,24.95,23.36,24.44,87038058.69,solana
2023-01-28,24.44,25.19,23.74,24.01,44093898.41,solana
2023-01-29,24.01,26.76,23.73,26.08,102498251.74,solana
2023-01-30,26.08,26.32,23.29,23.97,109362775.54,solana
2023-01-31,23.97,24.46,23.49,23.93,60266493.82,solana
2023-02-01,23.93,25.2,22.51,25.0,108523663.73,solana
2023-02-02,25.0,26.14,24.12,24.32,109357957.57,solana
2023-02-03,24.32,25.22,24.05,24.68,70127686.77,solana
2023-02-04,24.68,24.94,24.2,24.36,23004871.92,solana
2023-02-05,24.36,24.47,23.05,23.49,42459812.18,solana
2023-02-06,23.49,23.73,22.51,22.69,35635388.03,solana
2023-02-07,22.69,23.96,22.55,23.84,55393189.81,solana
2023-02-08,23.84,24.2,22.81,23.22,41744087.1,solana
2023-02-09,23.22,23.34,20.01,20.47,69661953.13,solana
2023-02-10,20.47,21.21,19.71,20.13,52209262.99,solana
2023-02-11,20.13,20.92,20.11,20.82,20802522.2,solana
2023-02-12,20.82,22.43,20.63,21.51,40873349.6,solana
2023-02-13,21.51,21.6,19.76,20.78,56902152.93,solana
2023-02-14,20.78,22.38,20.69,21.85,67451898.71,solana
2023-02-15,21.85,23.98,21.46,23.87,64533089.37,solana
2023-02-16,23.87,24.15,22.21,22.26,80695240.37,solana
2023-02-17,22.26,23.56,22.04,23.17,48246530.17,solana
2023-02-18,23.17,23.92,22.93,23.47,28826528.41,solana
2023-02-19,23.47,25.63,23.22,24.85,75989614.31,solana
2023-02-20,24.85,27.11,24.13,26.26,120845651.18,solana
2023-02-21,26.26,26.61,24.5,24.98,81340386.05,solana
2023-02-22,24.98,25.23,23.22,24.17,83511817.6,solana
2023-02-23,24.17,24.7,23.61,23.92,49267607.38,solana
2023-02-24,23.92,24.14,22.49,23.08,49847752.08,solana
2023-02-25,23.07,23.33,21.46,22.4,33529910.0,solana
2023-02-26,22.4,23.53,22.24,23.28,29942794.53,solana
2023-02-27,23.28,23.41,22.33,22.67,45184748.78,solana
2023-02-28,22.67,22.77,21.8,21.88,38176238.55,solana
2023-03-01,21.88,22.89,21.7,22.51,32153652.95,solana
2023-03-02,22.51,22.66,21.69,21.99,31155232.7,solana
2023-03-03,21.99,22.01,20.4,21.42,45763308.65,solana
2023-03-04,21.42,21.61,20.3,20.99,16101235.47,solana
2023-03-05,20.99,21.67,20.84,20.97,33561929.58,solana
2023-03-06,20.97,21.16,20.48,20.62,37992113.26,solana
2023-03-07,20.62,20.95,19.73,20.24,53461794.67,solana
2023-03-08,20.24,20.38,18.14,18.42,81522052.95,solana
2023-03-09,18.42,18.75,16.73,17.35,105502413.57,solana
2023-03-10,17.35,18.41,16.02,18.24,133416568.37,solana
2023-03-11,18.24,19.12,17.05,18.21,67762821.86,solana
2023-03-12,18.21,20.63,17.88,20.32,77122006.66,solana
2023-03-13,20.32,21.47,18.9,20.47,154278866.04,solana
2023-03-14,20.47,22.19,19.85,20.93,139806672.07,solana
2023-03-15,20.93,21.55,18.77,19.32,105480852.93,solana
2023-03-16,19.32,19.95,18.97,19.72,59302142.14,solana
2023-03-17,19.72,21.71,19.47,21.65,91865214.82,solana
2023-03-18,21.65,22.92,21.12,21.26,98823416.73,solana
2023-03-19,21.26,22.49,21.25,21.91,53174993.02,solana
2023-03-20,21.91,23.97,21.45,22.2,158131836.5,solana
2023-03-21,22.2,23.37,21.61,22.61,103902403.79,solana
2023-03-22,22.61,23.12,21.01,21.46,111854504.66,solana
2023-03-23,21.46,22.77,21.16,22.21,75357481.27,solana
2023-03-24,22.21,22.3,20.29,20.68,81959121.54,solana
2023-03-25,20.68,20.98,20.13,20.44,21914613.98,solana
2023-03-26,20.44,21.16,20.32,20.96,18161955.85,solana
2023-03-27,20.96,20.99,19.4,19.9,35243953.94,solana
2023-03-28,19.9,20.84,19.63,20.45,36431195.2,solana
2023-03-29,20.45,21.54,20.44,21.1,35819029.71,solana
2023-03-30,21.1,21.67,20.18,20.55,49065465.4,solana
2023-03-31,20.55,21.47,20.07,21.18,29146172.7,solana
2023-04-01,21.18,21.33,20.8,21.09,12481791.86,solana
2023-04-02,21.09,21.3,20.27,20.53,14839982.78,solana
2023-04-03,20.53,21.0,19.99,20.46,49295072.75,solana
2023-04-04,20.46,21.25,20.31,20.92,29193722.07,solana
2023-04-05,20.92,21.34,20.6,20.97,35988153.22,solana
2023-04-06,20.97,20.99,20.47,20.62,21103649.71,solana
2023-04-07,20.62,20.78,20.25,20.45,17326089.33,solana
2023-04-08,20.45,20.73,19.9,20.04,21184266.69,solana
2023-04-09,20.04,20.44,19.91,20.3,10861936.2,solana
2023-04-10,20.3,20.96,20.1,20.92,28388587.74,solana
2023-04-11,20.92,23.72,20.84,23.01,126780895.13,solana
2023-04-12,23.01,24.46,22.35,23.82,117722766.49,solana
2023-04-13,23.82,25.28,23.67,24.46,68585785.02,solana
2023-04-14,24.46,25.51,23.77,24.74,92969648.16,solana
2023-04-15,24.74,24.81,23.84,24.07,32891798.3,solana
2023-04-16,24.07,25.49,23.86,25.37,40213832.09,solana
2023-04-17,25.37,26.01,24.36,24.59,81961192.67,solana
2023-04-18,24.59,25.45,24.0,24.83,53803144.87,solana
2023-04-19,24.83,24.99,22.04,22.69,92776194.64,solana
2023-04-20,22.69,23.16,21.58,22.2,78185771.48,solana
2023-04-21,22.2,22.4,21.01,21.26,56782181.04,solana
2023-04-22,21.26,21.98,21.06,21.8,20527868.75,solana
2023-04-23,21.8,22.24,20.98,21.47,24344602.93,solana
2023-04-24,21.47,22.0,21.02,21.39,30024773.27,solana
2023-04-25,21.39,21.95,20.75,21.94,31254976.32,solana
2023-04-26,21.94,22.96,20.43,21.28,63029739.16,solana
2023-04-27,21.28,22.54,21.2,22.33,48364472.73,solana
2023-04-28,22.33,23.5,22.19,23.36,54054779.7,solana
2023-04-29,23.36,23.82,22.95,23.2,29132997.69,solana
2023-04-30,23.2,23.97,22.7,22.73,31981627.77,solana
2023-05-01,22.73,22.88,21.59,21.97,42585381.91,solana
2023-05-02,21.97,22.4,21.76,22.27,28972915.43,solana
2023-05-03,22.27,22.3,21.25,22.24,37563066.09,solana
2023-05-04,22.24,22.53,21.63,21.74,28165584.11,solana
2023-05-05,21.74,23.07,21.66,22.85,46964188.54,solana
2023-05-06,22.85,23.27,21.63,21.97,36824163.55,solana
2023-05-07,21.97,22.8,21.69,21.7,32133191.65,solana
2023-05-08,21.7,21.85,20.06,20.69,57885042.91,solana
2023-05-09,20.69,21.06,20.4,20.69,24205886.44,solana
2023-05-10,20.69,21.32,19.99,20.94,43034997.18,solana
2023-05-11,20.94,20.95,19.8,20.2,31817109.46,solana
2023-05-12,20.2,20.97,19.83,20.92,40004621.46,solana
2023-05-13,20.92,21.29,20.79,20.85,18828252.98,solana
2023-05-14,20.85,21.26,20.64,20.94,17197778.23,solana
2023-05-15,20.94,21.52,20.62,20.99,35279719.01,solana
2023-05-16,20.99,21.14,20.44,20.68,32457511.93,solana
2023-05-17,20.68,21.19,20.43,21.06,28298787.6,solana
2023-05-18,21.06,21.09,20.1,20.34,32272526.21,solana
2023-05-19,20.34,20.58,20.24,20.35,12203577.97,solana
2023-05-20,20.35,20.36,20.12,20.28,11923047.85,solana
2023-05-21,20.28,20.39,19.44,19.62,17454049.85,solana
2023-05-22,19.62,20.02,19.31,19.53,25489243.68,solana
2023-05-23,19.53,20.17,19.42,20.03,23202696.19,solana
2023-05-24,20.03,20.06,18.78,19.22,31051416.29,solana
2023-05-25,19.22,19.54,18.8,19.25,18163214.76,solana
2023-05-26,19.25,19.56,19.09,19.36,11249226.94,solana
2023-05-27,19.36,20.53,19.34,20.44,13822990.28,solana
2023-05-28,20.44,21.18,20.31,20.82,23232716.4,solana
2023-05-29,20.82,20.99,20.28,20.59,20052767.19,solana
2023-05-30,20.59,21.43,20.48,21.27,40908061.48,solana
2023-05-31,21.27,21.34,20.41,20.82,25266396.22,solana
2023-06-01,20.82,20.99,20.43,20.51,18968372.25,solana
2023-06-02,20.51,21.37,20.32,21.26,22584893.94,solana
2023-06-03,21.26,21.36,20.99,21.21,12378952.47,solana
2023-06-04,21.21,22.31,21.05,21.82,29292770.7,solana
2023-06-05,21.82,22.06,19.23,20.02,64969446.79,solana
2023-06-06,20.02,20.7,19.26,20.4,41826894.8,solana
2023-06-07,20.4,20.54,18.53,18.63,45027331.01,solana
2023-06-08,18.63,19.1,18.26,18.89,17007325.0,solana
2023-06-09,18.89,19.36,17.11,17.4,38653266.03,solana
2023-06-10,17.4,17.41,13.13,15.64,87734042.11,solana
2023-06-11,15.64,16.17,15.13,15.55,22042187.49,solana
2023-06-12,15.55,15.68,14.75,15.18,21542962.86,solana
2023-06-13,15.18,15.99,14.77,15.03,21634642.46,solana
2023-06-14,15.03,15.35,14.12,14.48,18714703.42,solana
2023-06-15,14.48,15.05,14.17,14.77,18794111.23,solana
2023-06-16,14.77,15.45,14.43,15.32,21834878.39,solana
2023-06-17,15.32,16.1,15.16,15.65,13524308.08,solana
2023-06-18,15.65,15.84,15.31,15.43,7678517.01,solana
2023-06-19,15.43,16.13,15.36,16.1,11503860.1,solana
2023-06-20,16.1,16.68,15.73,16.65,24582953.16,solana
2023-06-21,16.65,17.41,16.57,17.24,37898015.32,solana
2023-06-22,17.24,17.74,16.58,16.64,22524007.25,solana
2023-06-23,16.64,17.55,16.19,17.15,40268531.07,solana
2023-06-24,17.15,17.53,16.43,16.66,20935133.45,solana
2023-06-25,16.66,17.38,16.58,16.97,19569809.93,solana
2023-06-26,16.97,17.12,15.95,16.28,23801525.98,solana
2023-06-27,16.28,16.93,16.14,16.63,21477234.38,solana
2023-06-28,16.63,16.64,15.7,15.98,28247031.46,solana
2023-06-29,15.98,18.27,15.87,17.99,45742590.16,solana
2023-06-30,17.99,19.99,17.11,18.86,57111782.57,solana
2023-07-01,18.86,19.01,17.91,18.71,18636372.45,solana
2023-07-02,18.71,19.73,18.55,19.46,30247022.04,solana
2023-07-03,19.46,19.65,18.87,19.27,19337839.73,solana
2023-07-04,19.27,19.94,19.08,19.15,20030489.41,solana
2023-07-05,19.15,19.39,18.45,19.0,21870944.05,solana
2023-07-06,19.0,20.97,18.75,19.61,72288329.57,solana
2023-07-07,19.61,21.7,19.27,21.51,69662085.33,solana
2023-07-08,21.51,22.46,21.32,21.82,42760105.1,solana
2023-07-09,21.82,22.35,21.01,21.33,25582748.11,solana
2023-07-10,21.33,21.8,20.51,21.3,44008856.3,solana
2023-07-11,21.3,22.34,21.22,22.07,30543363.66,solana
2023-07-12,22.07,22.74,21.77,21.93,45421393.05,solana
2023-07-13,21.93,26.79,21.44,26.02,112040102.88,solana
2023-07-14,26.02,32.06,25.25,26.7,164647403.53,solana
2023-07-15,26.7,29.1,26.51,27.45,77616992.04,solana
2023-07-16,27.45,28.61,26.54,27.43,58227603.37,solana
2023-07-17,27.43,28.47,25.61,26.83,79483808.38,solana
2023-07-18,26.83,27.09,24.76,25.56,62512632.88,solana
2023-07-19,25.56,26.99,25.37,26.31,65210080.97,solana
2023-07-20,26.31,27.35,25.05,25.36,58814482.45,solana
2023-07-21,25.36,26.01,25.07,25.51,33312386.28,solana
2023-07-22,25.51,25.97,24.09,24.52,23659080.27,solana
2023-07-23,24.52,25.25,24.16,24.76,29589539.29,solana
2023-07-24,24.76,24.83,22.87,23.37,40698588.87,solana
2023-07-25,23.37,24.0,22.75,23.29,30784991.58,solana
2023-07-26,23.29,25.65,23.18,25.18,52095173.98,solana
2023-07-27,25.18,25.65,24.68,25.1,40265979.19,solana
2023-07-28,25.1,25.52,24.52,24.81,34151035.91,solana
2023-07-29,24.81,25.38,24.74,25.16,19243067.28,solana
2023-07-30,25.16,25.21,23.55,24.25,29669821.01,solana
2023-07-31,24.25,24.79,23.54,23.72,31654208.04,solana
2023-08-01,23.72,24.05,22.81,24.05,33853632.94,solana
2023-08-02,24.05,24.27,22.87,23.14,31130414.83,solana
2023-08-03,23.14,23.38,22.49,22.62,22727563.66,solana
2023-08-04,22.62,23.55,22.5,22.77,28854342.0,solana
2023-08-05,22.77,22.91,22.22,22.63,12695627.31,solana
2023-08-06,22.63,23.44,22.57,23.18,18382691.2,solana
2023-08-07,23.18,23.61,22.33,23.11,18743749.83,solana
2023-08-08,23.11,24.77,23.01,24.21,42680496.83,solana
2023-08-09,24.21,25.0,24.1,24.37,33110965.79,solana
2023-08-10,24.37,24.88,24.11,24.59,19294073.76,solana
2023-08-11,24.59,24.89,24.32,24.61,20166257.71,solana
2023-08-12,24.61,25.18,24.38,24.91,15910138.7,solana
2023-08-13,24.91,24.94,24.19,24.21,12589055.27,solana
2023-08-14,24.21,25.28,24.05,25.17,30722289.89,solana
2023-08-15,25.17,25.34,23.72,23.88,34606007.26,solana
2023-08-16,23.88,24.0,22.38,22.79,37954695.37,solana
2023-08-17,22.79,23.4,20.27,21.69,52640360.75,solana
2023-08-18,21.69,22.19,20.92,21.33,30663247.45,solana
2023-08-19,21.33,22.16,21.29,21.89,13716213.39,solana
2023-08-20,21.89,22.03,21.58,21.77,8673017.32,solana
2023-08-21,21.77,21.77,20.35,21.2,25814784.74,solana
2023-08-22,21.2,21.27,19.37,20.56,29694314.02,solana
2023-08-23,20.56,21.81,20.38,21.73,32454156.7,solana
2023-08-24,21.73,22.02,20.68,21.05,23861293.23,solana
2023-08-25,21.05,21.05,20.08,20.42,19229716.09,solana
2023-08-26,20.42,20.43,20.18,20.28,5846199.1,solana
2023-08-27,20.28,20.9,20.23,20.79,8703634.15,solana
2023-08-28,20.79,20.79,20.03,20.55,15293473.06,solana
2023-08-29,20.55,22.02,20.11,21.79,43104524.43,solana
2023-08-30,21.79,21.99,20.61,20.82,23853899.07,solana
2023-08-31,20.82,21.05,19.43,19.73,40987465.06,solana
2023-09-01,19.73,19.92,19.03,19.32,25529022.64,solana
2023-09-02,19.32,19.68,19.14,19.49,9303242.26,solana
2023-09-03,19.49,19.66,19.24,19.57,9355187.04,solana
2023-09-04,19.57,20.02,19.18,19.51,14340090.33,solana
2023-09-05,19.51,20.57,19.04,20.26,32071933.35,solana
2023-09-06,20.26,20.37,19.15,19.64,23346044.78,solana
2023-09-07,19.64,19.99,19.32,19.91,17484240.88,solana
2023-09-08,19.91,20.28,19.36,19.61,15951678.76,solana
2023-09-09,19.61,19.61,19.37,19.44,6265388.01,solana
2023-09-10,19.44,19.44,17.81,18.24,35702570.25,solana
2023-09-11,18.24,18.45,17.36,17.72,35117993.35,solana
2023-09-12,17.72,18.78,17.57,17.92,32553058.8,solana
2023-09-13,17.92,18.56,17.69,18.4,32656406.15,solana
2023-09-14,18.4,19.32,18.4,18.86,27057514.48,solana
2023-09-15,18.86,19.49,18.56,19.14,23027812.86,solana
2023-09-16,19.14,19.44,18.88,19.13,10552890.07,solana
2023-09-17,19.13,19.14,18.66,18.82,7150337.15,solana
2023-09-18,18.82,20.14,18.61,19.66,31623524.0,solana
2023-09-19,19.66,20.38,19.58,20.04,21278349.73,solana
2023-09-20,20.04,20.51,19.81,20.29,25908280.08,solana
2023-09-21,20.29,20.3,19.28,19.46,28829909.47,solana
2023-09-22,19.46,19.79,19.17,19.42,15987737.87,solana
2023-09-23,19.42,19.57,19.29,19.48,8393642.55,solana
2023-09-24,19.48,19.67,19.22,19.36,8015635.64,solana
2023-09-25,19.36,19.74,19.1,19.39,16737951.03,solana
2023-09-26,19.39,19.51,18.84,19.02,16268094.95,solana
2023-09-27,19.02,19.46,18.74,19.12,26271842.25,solana
2023-09-28,19.12,20.03,19.09,19.98,30020126.04,solana
2023-09-29,19.98,20.45,19.86,20.27,18287661.5,solana
2023-09-30,20.27,21.79,20.09,21.36,27753526.18,solana
2023-10-01,21.36,24.46,21.14,23.86,51515877.22,solana
2023-10-02,23.86,24.74,22.92,23.36,57631896.87,solana
2023-10-03,23.36,24.73,23.23,23.61,44313437.63,solana
2023-10-04,23.61,23.83,22.61,23.14,33230796.08,solana
2023-10-05,23.14,23.88,22.59,22.69,26913048.75,solana
2023-10-06,22.69,23.76,22.67,23.43,27488403.68,solana
2023-10-07,23.43,24.18,23.11,23.31,17404929.6,solana
2023-10-08,23.31,23.64,23.09,23.24,10295141.16,solana
2023-10-09,23.24,23.37,21.65,22.1,25496746.65,solana
2023-10-10,22.1,22.48,21.71,22.11,17074119.8,solana
2023-10-11,22.11,22.4,21.61,22.01,25221990.12,solana
2023-10-12,22.01,22.03,20.96,21.29,19583055.27,solana
2023-10-13,21.29,22.19,21.11,21.84,18821343.42,solana
2023-10-14,21.84,22.23,21.81,22.0,8730327.7,solana
2023-10-15,22.0,22.17,21.67,21.94,11587038.61,solana
2023-10-16,21.94,24.79,21.91,23.97,59575012.95,solana
2023-10-17,23.97,24.55,23.49,23.95,40260870.09,solana
2023-10-18,23.95,24.41,23.36,23.42,33897231.35,solana
2023-10-19,23.42,25.62,23.15,24.94,59242355.89,solana
2023-10-20,24.94,27.43,24.75,27.04,92114809.85,solana
2023-10-21,27.04,30.27,26.67,29.33,86353042.15,solana
2023-10-22,29.33,30.01,28.1,29.05,46532806.5,solana
2023-10-23,29.05,32.73,28.76,31.92,132600620.07,solana
2023-10-24,31.92,32.58,29.53,30.18,128051981.3,solana
2023-10-25,30.18,33.87,30.01,32.44,117811341.25,solana
2023-10-26,32.44,33.26,30.73,32.77,115265505.83,solana
2023-10-27,32.77,33.34,31.31,31.74,84040760.73,solana
2023-10-28,31.74,32.51,31.41,31.65,28597328.1,solana
2023-10-29,31.65,33.16,31.31,32.84,55670650.67,solana
2023-10-30,32.84,35.31,32.47,34.95,100384070.0,solana
2023-10-31,34.95,38.6,34.85,38.43,169712692.65,solana
2023-11-01,38.43,46.84,37.95,41.17,334965726.75,solana
2023-11-02,41.17,44.56,38.67,40.25,197689376.99,solana
2023-11-03,40.25,40.25,38.05,39.48,129114847.09,solana
2023-11-04,39.48,42.75,39.02,42.44,94716495.59,solana
2023-11-05,42.44,42.86,40.3,41.2,87552035.77,solana
2023-11-06,41.2,42.21,39.7,42.17,112100517.99,solana
2023-11-07,42.17,44.74,40.12,42.95,203308997.07,solana
2023-11-08,42.95,43.87,42.28,43.13,102557463.03,solana
2023-11-09,43.13,48.87,42.53,45.31,309437660.84,solana
2023-11-10,45.31,57.63,45.08,56.72,371407805.39,solana
2023-11-11,56.72,63.93,53.63,56.34,415819053.43,solana
2023-11-12,56.34,61.88,54.54,56.3,292290056.31,solana
2023-11-13,56.3,59.83,51.6,51.61,301609244.17,solana
2023-11-14,51.61,57.93,51.31,56.83,288902544.79,solana
2023-11-15,56.83,67.14,56.16,65.5,348592966.36,solana
2023-11-16,65.5,68.16,56.39,57.78,418696390.74,solana
2023-11-17,57.78,60.54,54.13,58.54,259607985.44,solana
2023-11-18,58.54,59.38,54.74,58.58,163809263.96,solana
2023-11-19,58.58,62.18,56.67,61.13,200925705.62,solana
2023-11-20,61.13,61.34,56.04,56.6,198524500.57,solana
2023-11-21,56.6,57.39,51.31,51.66,218119382.59,solana
2023-11-22,51.66,58.93,51.49,57.58,192027796.52,solana
2023-11-23,57.58,59.56,56.16,56.46,132106603.86,solana
2023-11-24,56.46,58.76,56.19,56.86,128511879.05,solana
2023-11-25,56.86,59.76,55.91,58.83,121055670.65,solana
2023-11-26,58.83,59.06,56.18,57.57,102471353.5,solana
2023-11-27,57.57,58.05,53.5,55.07,138158993.79,solana
2023-11-28,55.07,58.7,53.95,58.21,133449361.42,solana
2023-11-29,58.21,61.79,57.75,59.29,192338149.07,solana
2023-11-30,59.29,61.69,58.77,59.28,101024323.81,solana
2023-12-01,59.28,61.89,58.64,59.78,116934396.27,solana
2023-12-02,59.78,63.92,59.7,63.71,120751779.39,solana
2023-12-03,63.71,65.54,62.27,63.0,165325950.81,solana
2023-12-04,63.0,65.24,59.47,61.58,248450635.97,solana
2023-12-05,61.58,62.56,59.14,61.01,148106810.76,solana
2023-12-06,61.01,66.61,61.01,61.86,243125138.39,solana
2023-12-07,61.86,69.41,61.65,67.78,266641722.61,solana
2023-12-08,67.78,75.3,67.78,74.94,302233341.73,solana
2023-12-09,74.94,77.75,71.63,72.25,274764488.15,solana
2023-12-10,72.25,74.87,70.67,74.81,178843239.76,solana
2023-12-11,74.81,74.93,65.87,70.24,308479568.76,solana
2023-12-12,70.24,72.44,65.75,68.54,215905905.74,solana
2023-12-13,68.54,73.26,63.76,70.63,216654897.34,solana
2023-12-14,70.63,76.23,68.45,75.68,219979414.24,solana
2023-12-15,75.68,79.44,72.09,72.52,258890929.58,solana
2023-12-16,72.52,77.17,71.18,73.67,180819746.35,solana
2023-12-17,73.67,74.9,70.42,70.77,146257335.89,solana
2023-12-18,70.77,75.46,67.08,74.41,219825107.3,solana
2023-12-19,74.41,76.3,71.78,73.02,179576744.2,solana
2023-12-20,73.02,84.12,72.96,82.23,383777008.35,solana
2023-12-21,82.23,95.61,81.09,93.89,440410282.27,solana
2023-12-22,93.89,99.54,90.34,98.01,480720090.97,solana
2023-12-23,98.01,110.0,92.93,107.95,362619938.06,solana
2023-12-24,107.95,118.04,107.41,112.54,628208432.61,solana
2023-12-25,112.54,125.95,108.04,120.95,503068530.81,solana
2023-12-26,120.95,121.32,102.17,112.48,579248989.42,solana
2023-12-27,112.48,115.32,104.83,106.93,413243902.0,solana
2023-12-28,106.93,109.66,97.11,101.85,425584617.17,solana
2023-12-29,101.85,109.92,99.56,106.19,413104821.04,solana
2023-12-30,106.19,107.42,100.74,101.9,118196065.17,solana
2023-12-31,101.9,105.14,99.44,101.73,153333876.77,solana
2024-01-01,101.73,110.25,101.48,110.02,185540221.33,solana
2024-01-02,110.02,117.0,106.05,106.76,336798402.45,solana
2024-01-03,106.76,109.96,84.21,98.59,473070625.93,solana
2024-01-04,98.59,108.13,96.77,105.02,265350577.19,solana
2024-01-05,105.02,105.48,95.4,100.01,227782153.75,solana
2024-01-06,100.01,100.31,91.66,93.83,155614848.08,solana
2024-01-07,93.83,96.81,87.87,89.49,194515458.54,solana
2024-01-08,89.49,99.98,85.49,98.01,387659355.78,solana
2024-01-09,98.01,104.15,95.45,99.45,312351025.26,solana
2024-01-10,99.45,105.6,92.23,102.01,339477432.84,solana
2024-01-11,102.01,107.19,97.55,99.9,365424742.88,solana
2024-01-12,99.9,100.47,86.94,92.06,260070066.81,solana
2024-01-13,92.06,97.29,89.53,95.84,176768882.52,solana
2024-01-14,95.84,104.4,93.68,93.8,292699629.29,solana
2024-01-15,93.8,96.89,93.01,94.32,146162213.98,solana
2024-01-16,94.32,98.69,94.1,97.59,120612864.67,solana
2024-01-17,97.59,102.7,96.72,102.07,298186323.38,solana
2024-01-18,102.07,103.45,91.48,94.31,243385487.07,solana
2024-01-19,94.31,95.34,87.02,93.59,236970884.44,solana
2024-01-20,93.59,94.13,90.17,92.75,83748239.1,solana
2024-01-21,92.75,93.85,90.74,91.0,65332591.64,solana
2024-01-22,91.0,91.83,82.01,83.74,219210749.54,solana
2024-01-23,83.74,85.87,78.91,84.29,225799604.31,solana
2024-01-24,84.29,89.37,83.29,88.74,178313499.48,solana
2024-01-25,88.74,89.54,85.07,86.86,137852670.3,solana
2024-01-26,86.86,93.68,85.91,92.23,174425970.74,solana
2024-01-27,92.23,94.62,90.69,94.26,106729187.42,solana
2024-01-28,94.26,99.42,93.48,95.97,186982453.62,solana
2024-01-29,95.97,101.95,95.07,101.67,238040517.8,solana
2024-01-30,101.67,106.39,100.99,101.4,297805475.9,solana
2024-01-31,101.4,102.72,95.89,96.89,328718164.93,solana
2024-02-01,96.89,98.84,93.02,97.78,276962628.41,solana
2024-02-02,97.78,102.47,97.4,100.51,237623484.03,solana
2024-02-03,100.51,101.15,96.62,97.9,123482853.55,solana
2024-02-04,97.9,98.51,95.08,95.42,88845759.37,solana
2024-02-05,95.42,98.57,94.14,95.5,130720524.4,solana
2024-02-06,95.5,97.87,93.1,96.85,175268770.87,solana
2024-02-07,96.85,101.5,94.6,101.11,163367999.65,solana
2024-02-08,101.11,105.13,100.54,102.79,304200342.32,solana
2024-02-09,102.79,109.13,102.79,106.96,284133095.94,solana
2024-02-10,106.96,110.97,106.94,109.07,191350917.01,solana
2024-02-11,109.07,110.68,107.33,107.48,123656050.35,solana
2024-02-12,107.48,112.24,103.46,111.73,242583696.4,solana
2024-02-13,111.73,115.1,108.36,112.57,240524754.18,solana
2024-02-14,112.57,118.71,110.7,117.11,219814138.14,solana
2024-02-15,117.11,118.44,111.61,113.61,225648861.95,solana
2024-02-16,113.61,114.28,108.03,110.4,156412743.41,solana
2024-02-17,110.4,111.13,105.68,108.96,89174506.03,solana
2024-02-18,108.96,114.05,107.57,112.24,107084480.34,solana
2024-02-19,112.24,114.86,110.83,111.55,144565964.11,solana
2024-02-20,111.55,112.1,103.88,108.35,217470943.74,solana
2024-02-21,108.35,108.38,100.22,105.06,192848425.31,solana
2024-02-22,105.06,107.07,101.48,101.69,160312191.72,solana
2024-02-23,101.69,103.05,98.71,99.89,110488508.04,solana
2024-02-24,99.89,104.74,98.5,104.04,88103065.8,solana
2024-02-25,104.04,104.38,102.08,103.47,63235359.07,solana
2024-02-26,103.47,110.82,100.32,109.97,234405451.59,solana
2024-02-27,109.97,112.48,105.4,108.42,237619397.53,solana
2024-02-28,108.42,118.98,107.38,118.98,459270090.34,solana
2024-02-29,118.98,134.67,117.35,125.7,665347674.19,solana
2024-03-01,125.7,137.78,125.69,129.52,405596832.0,solana
2024-03-02,129.52,131.68,127.44,130.15,223568738.39,solana
2024-03-03,130.15,132.19,124.87,130.25,210788622.11,solana
2024-03-04,130.25,134.99,127.68,133.36,361205369.22,solana
2024-03-05,133.36,142.73,109.61,125.58,756083326.32,solana
2024-03-06,125.58,134.92,120.3,130.89,381104039.91,solana
2024-03-07,130.89,149.62,130.71,144.07,619872518.48,solana
2024-03-08,144.07,152.94,142.01,145.11,419104630.15,solana
2024-03-09,145.11,149.44,144.02,144.58,151869088.32,solana
2024-03-10,144.58,148.71,140.67,144.56,202638116.85,solana
2024-03-11,144.56,150.14,137.06,148.87,379112837.22,solana
2024-03-12,148.87,154.99,141.84,151.05,476778765.92,solana
2024-03-13,151.05,166.88,148.82,163.93,438432386.35,solana
2024-03-14,163.93,178.29,159.2,176.64,642377349.09,solana
2024-03-15,176.64,188.85,164.95,183.84,1068149417.11,solana
2024-03-16,183.84,197.8,176.91,181.95,776064550.46,solana
2024-03-17,181.95,204.17,178.58,201.69,611428210.5,solana
2024-03-18,201.69,209.86,193.87,195.91,738658423.4,solana
2024-03-19,195.91,198.63,165.62,169.91,988024751.1,solana
2024-03-20,169.91,193.24,162.49,191.92,717577531.6,solana
2024-03-21,191.92,195.72,175.88,179.44,472190949.04,solana
2024-03-22,179.44,181.81,167.64,175.17,328015603.27,solana
2024-03-23,175.17,178.93,170.28,172.72,236161266.4,solana
2024-03-24,172.72,186.75,171.44,183.79,270312536.09,solana
2024-03-25,183.79,194.53,181.02,189.01,444048366.86,solana
2024-03-26,189.01,196.81,186.31,190.47,343629444.01,solana
2024-03-27,190.47,192.63,180.1,186.23,386127087.76,solana
2024-03-28,186.23,190.93,180.77,189.67,291160759.22,solana
2024-03-29,189.67,193.04,183.31,192.19,277302542.62,solana
2024-03-30,192.19,199.96,190.97,194.28,266404556.59,solana
2024-03-31,194.28,203.1,193.84,202.43,240974694.62,solana
2024-04-01,202.43,204.24,187.09,192.35,376518362.86,solana
2024-04-02,192.35,192.37,175.94,181.52,443999027.53,solana
2024-04-03,181.52,191.96,177.05,185.14,282324677.0,solana
2024-04-04,185.14,190.17,180.32,184.09,258314841.26,solana
2024-04-05,184.09,185.17,168.07,174.46,376609057.73,solana
2024-04-06,174.46,179.78,173.65,178.74,173682508.16,solana
2024-04-07,178.74,182.66,176.92,179.52,187985440.86,solana
2024-04-08,179.52,184.59,175.38,180.69,307007266.04,solana
2024-04-09,180.69,180.87,168.99,172.32,260675726.56,solana
2024-04-10,172.32,175.48,162.41,173.35,299280984.54,solana
2024-04-11,173.35,176.27,170.11,172.43,187905664.5,solana
2024-04-12,172.43,175.93,143.03,153.29,442076377.19,solana
2024-04-13,153.29,154.93,119.92,138.51,711604717.45,solana
2024-04-14,138.51,152.73,130.98,151.45,431491476.62,solana
2024-04-15,151.45,156.1,133.77,138.59,379031572.15,solana
2024-04-16,138.59,140.62,126.6,136.27,334403437.76,solana
2024-04-17,136.27,142.72,126.91,131.89,331011215.79,solana
2024-04-18,131.89,143.88,127.74,142.1,316388572.34,solana
2024-04-19,142.1,147.57,128.54,142.53,457184320.01,solana
2024-04-20,142.53,152.39,139.82,151.28,178632779.86,solana
2024-04-21,151.28,153.53,146.77,148.78,154865367.77,solana
2024-04-22,148.78,158.47,146.85,157.03,239332074.75,solana
2024-04-23,157.03,160.0,153.18,154.68,226705627.04,solana
2024-04-24,154.68,159.74,145.54,147.72,308556085.53,solana
2024-04-25,147.72,149.44,142.11,144.85,241156524.26,solana
2024-04-26,144.85,146.06,138.68,139.16,145874995.0,solana
2024-04-27,139.16,142.96,133.18,141.23,142754281.93,solana
2024-04-28,141.23,144.58,137.11,137.97,109967903.38,solana
2024-04-29,137.97,138.89,133.42,137.74,152991280.52,solana
2024-04-30,137.74,139.72,121.13,126.68,288052107.17,solana
2024-05-01,126.68,135.81,118.58,134.49,317240351.76,solana
2024-05-02,134.49,140.69,128.18,137.62,245258470.79,solana
2024-05-03,137.62,145.02,134.03,143.73,249382114.25,solana
2024-05-04,143.73,149.07,142.36,146.05,120149125.71,solana
2024-05-05,146.05,147.98,143.15,145.73,108074079.53,solana
2024-05-06,145.73,156.84,145.48,152.82,245743030.29,solana
2024-05-07,152.82,159.2,148.0,148.03,213156591.29,solana
2024-05-08,148.03,149.89,139.98,142.15,199513889.17,solana
2024-05-09,142.15,153.29,140.59,152.57,190110750.45,solana
2024-05-10,152.57,155.68,144.6,146.03,256304682.24,solana
2024-05-11,146.03,147.61,143.11,145.37,124606367.13,solana
2024-05-12,145.37,147.64,142.61,143.39,90898975.25,solana
2024-05-13,143.39,150.7,137.88,147.47,232652330.71,solana
2024-05-14,147.47,150.35,141.79,141.97,162208938.64,solana
2024-05-15,141.97,158.82,141.25,158.57,299427734.34,solana
2024-05-16,158.57,164.72,156.7,159.34,281065543.63,solana
2024-05-17,159.34,172.05,159.34,169.5,259532219.44,solana
2024-05-18,169.5,175.96,168.73,172.47,159001780.0,solana
2024-05-19,172.47,175.37,166.2,169.94,130138876.56,solana
2024-05-20,169.94,188.29,167.76,186.75,331071378.03,solana
2024-05-21,186.75,188.83,174.32,178.15,332730791.56,solana
2024-05-22,178.15,183.39,175.03,176.86,304221794.85,solana
2024-05-23,176.86,180.9,165.8,176.09,406474519.47,solana
2024-05-24,176.09,176.09,162.5,167.7,272007690.18,solana
2024-05-25,167.7,170.46,165.96,168.33,113562913.83,solana
2024-05-26,168.33,168.36,160.63,163.26,249394024.36,solana
2024-05-27,163.26,172.09,163.23,170.01,146450327.09,solana
2024-05-28,170.01,173.07,164.8,168.53,169446311.48,solana
2024-05-29,168.53,173.75,167.07,168.11,212829822.96,solana
2024-05-30,168.11,172.51,163.52,166.86,211144284.39,solana
2024-05-31,166.86,170.84,163.8,165.52,175711518.79,solana
2024-06-01,165.52,167.79,165.5,165.99,61117692.49,solana
2024-06-02,165.99,166.95,161.31,163.04,115408279.8,solana
2024-06-03,163.04,167.14,161.54,164.89,171307507.3,solana
2024-06-04,164.89,171.87,164.37,171.81,155617907.71,solana
2024-06-05,171.81,175.57,171.12,173.57,182343729.01,solana
2024-06-06,173.57,174.51,167.64,170.07,148733043.79,solana
2024-06-07,170.07,172.64,153.73,162.48,252069522.56,solana
2024-06-08,162.48,163.73,157.36,157.79,96680171.05,solana
2024-06-09,157.79,162.97,156.55,162.1,66832383.3,solana
2024-06-10,162.1,163.19,157.46,158.98,92352553.79,solana
2024-06-11,158.98,159.63,145.04,149.36,272469500.4,solana
2024-06-12,149.36,161.8,145.51,155.17,222556630.23,solana
2024-06-13,155.17,155.17,146.0,147.24,158045757.4,solana
2024-06-14,147.24,148.9,139.62,143.01,209841119.36,solana
2024-06-15,143.01,145.63,142.88,145.45,57014807.71,solana
2024-06-16,145.45,151.21,143.01,151.2,74700321.41,solana
2024-06-17,151.2,151.65,139.84,143.23,148707329.69,solana
2024-06-18,143.23,143.71,128.22,137.37,338174521.16,solana
2024-06-19,137.37,141.86,134.48,135.62,148593887.27,solana
2024-06-20,135.62,141.26,131.84,133.48,194530766.65,solana
2024-06-21,133.48,135.3,128.65,134.55,201668544.58,solana
2024-06-22,134.55,136.64,132.95,133.66,55544922.57,solana
2024-06-23,133.66,135.04,128.1,128.59,85441259.53,solana
2024-06-24,128.59,132.54,122.23,132.26,354741829.17,solana
2024-06-25,132.26,139.87,131.16,136.54,254921986.27,solana
2024-06-26,136.54,140.35,134.73,136.71,127825135.72,solana
2024-06-27,136.71,151.07,135.11,149.49,228909193.82,solana
2024-06-28,149.49,150.54,138.75,139.73,227603507.39,solana
2024-06-29,139.73,142.94,139.49,139.97,137868176.74,solana
2024-06-30,139.97,147.38,136.94,146.4,143572052.93,solana
2024-07-01,146.4,149.06,145.69,146.52,184275184.33,solana
2024-07-02,146.52,154.78,146.01,153.79,164025879.58,solana
2024-07-03,153.79,154.22,139.02,140.69,284424436.33,solana
2024-07-04,140.69,142.6,127.19,127.81,256639983.21,solana
2024-07-05,127.81,136.35,121.19,134.33,334802804.27,solana
2024-07-06,134.33,144.2,132.4,143.07,141137094.54,solana
2024-07-07,143.07,143.34,131.2,131.59,151710675.69,solana
2024-07-08,131.59,141.86,127.87,139.78,241027397.66,solana
2024-07-09,139.78,144.22,136.47,141.42,156707010.52,solana
2024-07-10,141.42,146.26,138.61,142.01,133285498.95,solana
2024-07-11,142.01,145.93,135.7,135.71,178725686.61,solana
2024-07-12,135.71,140.64,133.99,139.55,153532246.92,solana
2024-07-13,139.55,143.58,138.04,141.95,82878892.68,solana
2024-07-14,141.95,148.58,141.94,147.72,140282144.09,solana
2024-07-15,147.72,160.06,147.11,159.54,233055742.7,solana
2024-07-16,159.54,162.61,152.66,160.65,249736657.37,solana
2024-07-17,160.65,163.8,154.61,155.5,203878632.85,solana
2024-07-18,155.5,161.61,155.2,159.2,134334567.49,solana
2024-07-19,159.2,172.37,156.21,169.2,321647568.82,solana
2024-07-20,169.2,175.03,167.34,173.68,153433228.71,solana
2024-07-21,173.68,185.03,170.56,184.5,234893032.08,solana
2024-07-22,184.5,184.92,176.81,178.98,190806050.56,solana
2024-07-23,178.98,180.59,170.49,172.93,217693326.61,solana
2024-07-24,172.93,182.49,171.0,178.03,254105859.36,solana
2024-07-25,178.03,179.58,165.37,171.83,322786259.75,solana
2024-07-26,171.83,183.62,171.75,183.08,247678633.97,solana
2024-07-27,183.08,188.28,178.16,183.77,270685515.6,solana
2024-07-28,183.77,186.62,181.19,184.91,127699840.48,solana
2024-07-29,184.91,193.87,181.63,182.52,359846632.27,solana
2024-07-30,182.52,184.63,175.39,179.1,260642360.68,solana
2024-07-31,179.1,184.39,171.58,171.64,315934112.41,solana
2024-08-01,171.64,172.88,157.79,167.26,447547944.15,solana
2024-08-02,167.26,169.28,149.82,152.58,408628011.97,solana
2024-08-03,152.58,153.8,139.84,142.46,282575527.87,solana
2024-08-04,142.46,145.96,131.31,138.24,365528696.83,solana
2024-08-05,138.24,139.24,110.02,129.81,1239955820.57,solana
2024-08-06,129.81,149.54,129.44,144.51,476934576.62,solana
2024-08-07,144.51,155.05,142.36,144.71,471242466.32,solana
2024-08-08,144.71,163.66,141.45,163.18,542679699.28,solana
2024-08-09,163.18,163.56,150.84,156.32,348744317.8,solana
2024-08-10,156.32,158.77,152.67,154.05,120843995.54,solana
2024-08-11,154.05,157.99,141.26,141.57,207002998.48,solana
2024-08-12,141.57,150.97,141.27,146.37,262670328.29,solana
2024-08-13,146.37,149.88,143.01,146.71,157819507.56,solana
2024-08-14,146.71,152.17,142.48,143.79,228499811.67,solana
2024-08-15,143.79,147.58,137.86,142.57,279981697.76,solana
2024-08-16,142.57,144.85,136.12,139.1,201124549.62,solana
2024-08-17,139.1,142.0,137.69,141.94,67033030.03,solana
2024-08-18,141.94,147.07,140.65,142.45,197619205.05,solana
2024-08-19,142.45,146.2,140.46,144.34,126729286.97,solana
2024-08-20,144.34,148.86,141.03,142.3,176772864.48,solana
2024-08-21,142.3,144.41,138.87,142.8,174844256.62,solana
2024-08-22,142.8,144.86,140.72,143.25,102424812.96,solana
2024-08-23,143.25,154.1,142.81,153.36,226345684.97,solana
2024-08-24,153.36,162.32,152.08,160.72,230004907.28,solana
2024-08-25,160.72,161.98,155.33,158.99,126594539.7,solana
2024-08-26,158.99,161.97,155.64,157.15,168319244.94,solana
2024-08-27,157.15,159.69,145.08,146.85,223366788.75,solana
2024-08-28,146.85,148.78,140.59,143.93,222519532.94,solana
2024-08-29,143.93,147.33,138.15,140.05,160585627.26,solana
2024-08-30,140.05,141.1,132.14,138.0,188099590.41,solana
2024-08-31,138.0,139.16,134.55,135.34,48458249.41,solana
2024-09-01,135.34,136.08,127.83,128.53,160725077.12,solana
2024-09-02,128.53,135.37,127.02,134.96,154760699.0,solana
2024-09-03,134.96,137.39,127.09,127.52,154010530.11,solana
2024-09-04,127.52,134.95,122.73,133.61,238592444.94,solana
2024-09-05,133.61,135.41,127.93,129.39,136227952.03,solana
2024-09-06,129.39,134.34,120.62,125.02,320272802.89,solana
2024-09-07,125.02,129.46,124.15,127.7,73950235.3,solana
2024-09-08,127.7,131.64,126.64,130.1,83131839.12,solana
2024-09-09,130.1,137.05,127.0,135.08,179705795.66,solana
2024-09-10,135.08,137.95,132.57,135.63,125564893.65,solana
2024-09-11,135.63,135.9,128.22,132.43,147740432.08,solana
2024-09-12,132.43,136.72,132.4,136.07,142195347.09,solana
2024-09-13,136.07,139.89,131.76,139.14,158958923.58,solana
2024-09-14,139.14,139.87,135.7,137.17,67255306.1,solana
2024-09-15,137.17,137.96,130.53,131.42,105214476.35,solana
2024-09-16,131.42,132.33,128.91,131.45,113992082.4,solana
2024-09-17,131.45,135.52,130.34,131.56,134587677.43,solana
2024-09-18,131.56,134.41,127.15,134.34,168296742.94,solana
2024-09-19,134.34,144.0,134.32,142.9,308673849.88,solana
2024-09-20,142.9,152.36,141.23,146.66,256217991.5,solana
2024-09-21,146.66,149.85,144.65,149.46,89576614.93,solana
2024-09-22,149.46,149.9,141.18,144.68,123385243.44,solana
2024-09-23,144.68,149.05,142.19,144.77,177696149.25,solana
2024-09-24,144.77,153.93,143.13,152.72,253238283.83,solana
2024-09-25,152.72,153.88,147.3,147.97,171904662.05,solana
2024-09-26,147.97,158.03,146.59,155.58,244885789.53,solana
2024-09-27,155.58,161.24,154.01,157.64,237392311.45,solana
2024-09-28,157.64,159.4,155.08,156.78,90510933.89,solana
2024-09-29,156.78,161.73,155.12,158.52,143730715.58,solana
2024-09-30,158.52,159.73,151.74,152.55,167046966.26,solana
2024-10-01,152.55,157.3,142.28,145.15,345586930.84,solana
2024-10-02,145.15,148.95,138.63,140.17,263566829.62,solana
2024-10-03,140.17,142.93,133.12,136.79,259179899.93,solana
2024-10-04,136.79,144.59,135.95,143.19,216047071.98,solana
2024-10-05,143.19,144.89,141.07,142.64,77744269.2,solana
2024-10-06,142.64,146.71,142.05,146.48,87638780.51,solana
2024-10-07,146.48,152.25,143.5,143.95,238177228.37,solana
2024-10-08,143.95,145.52,141.16,143.42,125295962.54,solana
2024-10-09,143.42,145.24,138.58,139.22,143442032.83,solana
2024-10-10,139.22,140.72,135.39,138.93,137551753.84,solana
2024-10-11,138.93,146.49,138.6,145.47,163903894.3,solana
2024-10-12,145.47,147.25,144.61,146.36,74627224.89,solana
2024-10-13,146.36,148.76,144.47,147.68,78792548.63,solana
2024-10-14,147.68,157.99,146.76,157.52,216200267.89,solana
2024-10-15,157.52,159.45,150.37,154.74,245832309.69,solana
2024-10-16,154.74,158.28,152.96,154.22,178597818.31,solana
2024-10-17,154.22,155.65,147.67,150.43,155179260.15,solana
2024-10-18,150.43,156.64,149.59,154.92,137792754.77,solana
2024-10-19,154.92,159.74,153.67,159.68,84208679.13,solana
2024-10-20,159.68,167.88,157.62,167.36,166995301.74,solana
2024-10-21,167.36,171.55,161.4,166.14,290496778.58,solana
2024-10-22,166.14,170.89,162.96,167.44,232581445.42,solana
2024-10-23,167.44,174.0,164.07,170.67,253471064.11,solana
2024-10-24,170.67,179.1,170.34,177.07,268651975.84,solana
2024-10-25,177.07,177.41,159.14,164.65,344809473.51,solana
2024-10-26,164.65,172.97,162.26,170.67,160890339.67,solana
2024-10-27,170.67,178.01,170.09,176.47,154753849.98,solana
2024-10-28,176.47,179.55,172.31,178.15,261626123.43,solana
2024-10-29,178.15,183.26,176.36,179.38,333516686.61,solana
2024-10-30,179.38,181.19,173.14,174.85,190763783.24,solana
2024-10-31,174.85,176.43,167.38,168.45,208731623.66,solana
2024-11-01,168.45,173.9,163.64,166.05,197679096.42,solana
2024-11-02,166.05,168.52,162.11,166.1,82284516.56,solana
2024-11-03,166.1,166.51,157.92,162.44,153397969.02,solana
2024-11-04,162.44,164.85,155.04,157.87,163321943.49,solana
2024-11-05,157.87,169.31,156.78,166.65,217920759.61,solana
2024-11-06,166.65,190.04,166.45,186.78,688038340.37,solana
2024-11-07,186.78,197.99,186.06,196.44,386747538.34,solana
2024-11-08,196.44,205.14,195.82,199.98,408170570.26,solana
2024-11-09,199.98,203.45,195.13,200.02,285007993.31,solana
2024-11-10,200.02,215.43,198.86,210.23,588571837.15,solana
2024-11-11,210.23,224.47,204.39,222.42,651116693.53,solana
2024-11-12,222.42,225.3,205.03,211.86,687618053.08,solana
2024-11-13,211.86,220.78,201.12,215.45,695358114.93,solana
2024-11-14,215.45,222.79,206.84,209.54,514053398.69,solana
2024-11-15,209.54,220.4,204.62,218.51,443402898.19,solana
2024-11-16,218.51,221.99,213.61,215.77,331681217.77,solana
2024-11-17,215.77,241.96,212.27,237.54,635702351.09,solana
2024-11-18,237.54,248.41,234.11,239.94,680971149.83,solana
2024-11-19,239.94,247.71,233.8,237.96,462771223.05,solana
2024-11-20,237.96,242.67,230.78,235.65,426617836.59,solana
2024-11-21,235.65,259.81,230.04,256.72,793245850.05,solana
2024-11-22,256.72,264.52,251.84,257.21,497034963.4,solana
2024-11-23,257.21,264.16,253.09,255.15,397600303.58,solana
2024-11-24,255.15,259.95,241.28,252.98,331064481.64,solana
2024-11-25,252.98,256.69,231.2,234.15,547356000.23,solana
2024-11-26,234.15,239.86,221.86,230.62,465157248.79,solana
2024-11-27,230.62,243.56,227.57,242.26,364043739.43,solana
2024-11-28,242.26,245.48,232.94,237.63,208985240.69,solana
2024-11-29,237.63,246.89,236.66,243.46,316868423.69,solana
2024-11-30,243.46,245.4,237.64,237.75,206542138.89,solana
2024-12-01,237.75,239.95,234.32,236.96,247065369.07,solana
2024-12-02,236.96,238.36,220.17,225.81,631780477.65,solana
2024-12-03,225.81,239.79,215.15,234.11,569372675.86,solana
2024-12-04,234.11,240.95,224.79,229.48,564765211.47,solana
2024-12-05,229.48,244.95,223.26,236.17,736104487.64,solana
2024-12-06,236.17,247.06,231.17,237.18,425038287.56,solana
2024-12-07,237.18,243.7,234.41,238.34,276310183.73,solana
2024-12-08,238.34,241.65,233.36,237.2,171567432.86,solana
2024-12-09,237.2,237.42,205.36,216.81,509504278.85,solana
2024-12-10,216.81,221.02,203.3,213.75,602479362.87,solana
2024-12-11,213.75,230.82,211.64,227.42,399771792.0,solana
2024-12-12,227.42,234.75,225.7,227.01,345582057.59,solana
2024-12-13,227.01,228.42,220.66,224.84,323236855.77,solana
2024-12-14,224.84,227.46,215.17,219.87,179846829.41,solana
2024-12-15,219.87,225.4,215.71,224.23,210267560.13,solana
2024-12-16,224.23,227.34,213.17,216.25,349510564.95,solana
2024-12-17,216.25,228.96,211.54,223.18,420615300.39,solana
2024-12-18,223.18,225.98,204.83,206.45,379806262.13,solana
2024-12-19,206.45,212.02,186.91,193.67,553339266.73,solana
2024-12-20,193.67,199.48,175.06,194.46,608233604.96,solana
2024-12-21,194.46,202.02,178.4,181.28,343907146.02,solana
2024-12-22,181.28,187.71,176.77,180.34,219479512.59,solana
2024-12-23,180.34,193.21,176.38,189.91,314150116.3,solana
2024-12-24,189.91,198.87,185.89,196.96,202570719.69,solana
2024-12-25,196.96,201.69,195.0,197.33,153276719.71,solana
2024-12-26,197.33,199.58,186.46,188.24,190117501.71,solana
2024-12-27,188.24,194.11,182.54,183.94,190508827.48,solana
2024-12-28,183.94,195.68,183.57,195.15,165940093.85,solana
2024-12-29,195.15,197.35,188.23,189.61,160713470.14,solana
2024-12-30,189.61,196.19,185.57,191.04,249169367.35,solana
2024-12-31,191.04,198.84,187.74,188.87,261197641.36,solana
2025-01-01,188.87,194.92,187.62,193.85,194195323.3,solana
2025-01-02,193.85,210.14,193.09,208.06,311729217.93,solana
2025-01-03,208.06,219.65,205.5,217.89,256642499.36,solana
2025-01-04,217.89,217.98,213.57,216.65,132497052.94,solana
2025-01-05,216.65,218.96,211.48,213.36,137274205.35,solana
2025-01-06,213.36,223.16,211.52,218.36,227265508.37,solana
2025-01-07,218.36,219.19,201.78,202.14,282781935.18,solana
2025-01-08,202.14,203.2,188.34,197.45,369380837.51,solana
2025-01-09,197.45,198.98,182.07,184.99,287508711.18,solana
2025-01-10,184.99,192.97,183.51,187.62,265373073.82,solana
2025-01-11,187.62,191.77,184.06,188.02,183892397.04,solana
2025-01-12,188.02,190.89,185.09,188.42,113338651.42,solana
2025-01-13,188.42,191.8,169.14,182.75,384240733.62,solana
2025-01-14,182.75,190.0,181.8,187.5,213078481.55,solana
2025-01-15,187.5,206.04,185.8,205.9,392782235.21,solana
2025-01-16,205.9,217.04,198.45,211.09,467673563.29,solana
2025-01-17,211.09,221.99,209.84,219.57,466004419.11,solana
2025-01-18,219.57,270.0,217.35,261.87,2017727214.39,solana
2025-01-19,261.87,294.95,237.61,252.19,2576611227.87,solana
2025-01-20,252.19,273.1,229.39,241.72,1622007685.06,solana
2025-01-21,241.72,260.11,230.12,250.36,849711327.0,solana
2025-01-22,250.36,271.91,248.46,257.31,881000243.68,solana
2025-01-23,257.31,258.4,242.12,253.13,835751567.95,solana
2025-01-24,253.13,269.94,247.29,253.37,652498015.44,solana
2025-01-25,253.37,260.73,246.3,256.33,412108430.63,solana
2025-01-26,256.33,259.92,240.2,240.45,372580185.47,solana
2025-01-27,240.45,242.53,220.98,234.9,935397750.08,solana
2025-01-28,234.9,243.92,224.96,226.94,533121472.04,solana
2025-01-29,226.94,238.37,222.6,228.13,512630067.26,solana
2025-01-30,228.13,244.68,226.84,238.36,452845994.87,solana
2025-01-31,238.36,241.79,228.13,231.71,368392788.3,solana
2025-02-01,231.71,234.1,212.73,212.95,314821254.21,solana
2025-02-02,212.95,218.78,192.66,203.43,749481368.6,solana
2025-02-03,203.43,218.88,176.11,216.48,1085451522.8,solana
2025-02-04,216.48,220.11,202.13,206.7,616487093.29,solana
2025-02-05,206.7,209.45,195.16,196.11,336754152.99,solana
2025-02-06,196.11,203.98,187.58,189.57,382843591.01,solana
2025-02-07,189.57,203.58,188.17,192.09,361144540.68,solana
2025-02-08,192.09,200.99,189.82,199.49,238707343.81,solana
2025-02-09,199.49,207.5,193.64,200.52,405156533.8,solana
2025-02-10,200.52,209.13,195.98,200.53,279926505.31,solana
2025-02-11,200.53,206.2,195.09,197.95,265134980.47,solana
2025-02-12,197.95,198.5,188.55,196.79,352632945.82,solana
2025-02-13,196.79,198.47,188.98,194.3,247331359.53,solana
2025-02-14,194.3,205.34,194.19,199.46,348662901.65,solana
2025-02-15,199.46,200.31,192.68,194.52,157580758.54,solana
2025-02-16,194.52,196.25,186.18,188.32,200997870.1,solana
2025-02-17,188.32,189.71,174.75,177.52,408087687.83,solana
2025-02-18,177.52,179.06,160.83,169.23,606448520.02,solana
2025-02-19,169.23,174.24,163.74,168.9,319211309.96,solana
2025-02-20,168.9,176.67,167.68,176.07,244627512.26,solana
2025-02-21,176.07,180.55,167.03,168.83,324687600.24,solana
2025-02-22,168.83,174.66,168.01,172.09,130751306.67,solana
2025-02-23,172.09,173.09,166.45,167.96,114944072.84,solana
2025-02-24,167.96,169.64,137.82,141.83,591487924.69,solana
2025-02-25,141.83,146.93,131.97,144.17,659364350.57,solana
2025-02-26,144.17,145.0,130.49,135.11,485148730.28,solana
2025-02-27,135.11,142.7,134.6,137.56,321754176.33,solana
2025-02-28,137.56,148.6,125.43,148.11,532786311.92,solana
2025-03-01,148.11,151.07,138.52,143.61,240028993.76,solana
2025-03-02,143.61,179.93,140.02,178.75,988970916.81,solana
2025-03-03,178.75,179.45,139.1,142.04,813288041.85,solana
2025-03-04,142.04,146.85,130.73,144.79,628115729.93,solana
2025-03-05,144.79,149.7,140.23,146.32,404943828.16,solana
2025-03-06,146.32,152.88,142.46,143.3,331232423.98,solana
2025-03-07,143.3,150.82,135.08,139.34,434373597.5,solana
2025-03-08,139.34,141.0,135.26,136.95,127053312.18,solana
2025-03-09,136.95,139.8,125.36,126.47,263177088.02,solana
2025-03-10,126.47,131.49,115.45,118.24,424317915.17,solana
2025-03-11,118.24,128.4,112.19,125.34,414367468.65,solana
2025-03-12,125.34,131.34,121.24,126.62,289534117.48,solana
2025-03-13,126.62,128.3,120.74,123.32,202485713.93,solana
2025-03-14,123.32,136.03,122.97,133.56,255080457.71,solana
2025-03-15,133.56,136.55,132.48,135.9,121374100.5,solana
2025-03-16,135.9,136.7,125.2,126.1,199012186.21,solana
2025-03-17,126.1,130.62,125.55,128.04,202677554.08,solana
2025-03-18,128.04,128.19,121.8,125.32,193913537.25,solana
2025-03-19,125.32,136.09,124.21,135.39,287743812.79,solana
2025-03-20,135.39,136.11,126.61,127.5,217173608.91,solana
2025-03-21,127.5,130.12,124.83,128.45,181179162.39,solana
2025-03-22,128.45,131.77,127.78,128.49,95163317.34,solana
2025-03-23,128.49,134.02,128.23,132.84,127579894.09,solana
2025-03-24,132.84,145.11,132.08,141.02,400452460.5,solana
2025-03-25,141.02,147.53,138.18,143.7,316266140.73,solana
2025-03-26,143.7,145.53,135.94,137.37,245512677.16,solana
2025-03-27,137.37,140.23,135.65,138.41,198880791.28,solana
2025-03-28,138.41,139.0,127.69,129.43,284667466.11,solana
2025-03-29,129.43,130.47,122.7,124.53,158062399.0,solana
2025-03-30,124.53,127.02,123.0,124.8,130484138.99,solana
2025-03-31,124.8,127.8,122.75,124.55,244535464.56,solana
2025-04-01,124.55,130.38,123.76,126.69,249995441.21,solana
2025-04-02,126.69,136.03,117.25,117.39,489976387.54,solana
2025-04-03,117.39,120.92,112.22,117.11,406953031.87,solana
2025-04-04,117.11,123.97,113.29,122.75,413622408.69,solana
2025-04-05,122.75,122.81,116.33,120.26,145270398.55,solana
2025-04-06,120.26,121.04,103.78,105.83,396554200.02,solana
2025-04-07,105.83,112.81,95.24,106.94,784171623.39,solana
2025-04-08,106.94,112.54,102.88,105.36,468303371.18,solana
2025-04-09,105.36,120.76,101.19,119.04,556490414.2,solana
2025-04-10,119.04,119.25,108.31,112.76,328642459.44,solana
2025-04-11,112.76,122.62,112.1,121.36,307974272.05,solana
2025-04-12,121.36,134.05,119.37,132.23,302324520.12,solana
2025-04-13,132.23,133.95,125.29,128.31,268749542.26,solana
2025-04-14,128.31,136.01,127.92,129.38,344188092.1,solana
2025-04-15,129.38,134.4,125.84,126.09,263983582.31,solana
2025-04-16,126.09,133.87,123.5,131.32,339239633.18,solana
2025-04-17,131.32,136.14,129.51,134.84,308605724.42,solana
2025-04-18,134.84,135.99,132.48,134.05,135405250.71,solana
2025-04-19,134.05,140.51,133.59,139.86,239684105.71,solana
2025-04-20,139.86,141.95,135.69,137.86,262357945.52,solana
2025-04-21,137.86,143.08,133.86,136.57,308949387.05,solana
2025-04-22,136.57,150.24,134.82,148.84,344651093.89,solana
2025-04-23,148.84,154.14,147.22,151.17,354738245.15,solana
2025-04-24,151.17,152.91,145.28,152.59,255662631.95,solana
2025-04-25,152.59,156.95,150.03,150.92,355081699.04,solana
2025-04-26,150.92,153.24,147.82,149.28,135707811.13,solana
2025-04-27,149.28,150.41,145.58,148.04,138149445.08,solana
2025-04-28,148.04,153.43,144.7,147.88,328420887.56,solana
2025-04-29,147.88,150.37,145.02,146.35,217849603.92,solana
2025-04-30,146.35,148.67,140.42,147.57,305033502.07,solana
2025-05-01,147.57,154.0,147.57,150.9,226842187.27,solana
2025-05-02,150.9,151.97,147.41,148.09,175361702.74,solana
2025-05-03,148.09,149.07,145.9,146.76,97613707.89,solana
2025-05-04,146.76,147.8,143.66,143.99,92536897.76,solana
2025-05-05,143.99,147.72,142.56,146.67,145512165.51,solana
2025-05-06,146.67,147.22,141.39,146.88,142497163.97,solana
2025-05-07,146.88,149.56,144.71,147.36,181995770.0,solana
2025-05-08,147.36,164.53,147.12,164.44,424323833.01,solana
2025-05-09,164.44,176.08,161.07,172.8,478143680.65,solana
2025-05-10,172.8,178.88,168.77,177.93,253391800.4,solana
2025-05-11,177.93,180.03,169.47,173.23,298828128.25,solana
2025-05-12,173.23,181.35,168.37,174.22,607439815.08,solana
2025-05-13,174.22,184.79,166.18,183.77,426481222.52,solana
2025-05-14,183.77,184.84,173.21,176.68,359369658.14,solana
2025-05-15,176.68,178.36,166.83,169.17,416500006.6,solana
2025-05-16,169.17,174.24,166.44,167.48,266324544.91,solana
2025-05-17,167.48,169.99,164.1,166.02,219578844.48,solana
2025-05-18,166.02,176.82,164.72,173.38,295333516.3,solana
2025-05-19,173.38,173.95,159.5,166.88,333708835.79,solana
2025-05-20,166.88,173.05,164.6,168.64,294367253.89,solana
2025-05-21,168.64,175.98,165.66,173.61,437347677.53,solana
2025-05-22,173.61,180.83,172.67,179.72,382502539.27,solana
2025-05-23,179.72,187.67,173.36,174.03,653657871.87,solana
2025-05-24,174.03,178.36,172.67,175.96,195112928.08,solana
2025-05-25,175.96,176.95,169.23,175.81,245361650.31,solana
2025-05-26,175.81,179.09,173.56,174.98,201379763.47,solana
2025-05-27,174.98,179.48,171.36,176.8,260529810.97,solana
2025-05-28,176.8,177.48,169.03,172.28,220733710.07,solana
2025-05-29,172.28,175.41,166.05,166.71,253136898.85,solana
2025-05-30,166.71,167.48,155.34,156.26,290792123.78,solana
2025-05-31,156.26,158.08,152.22,156.53,190288070.24,solana
2025-06-01,156.53,157.98,150.68,157.77,167972634.42,solana
2025-06-02,157.77,158.98,151.76,156.91,217518120.62,solana
2025-06-03,156.91,163.71,154.36,155.3,201821172.15,solana
2025-06-04,155.3,158.01,153.05,153.31,148877566.64,solana
2025-06-05,153.31,154.66,141.57,144.38,281549617.46,solana
2025-06-06,144.38,152.46,144.27,147.95,163583793.09,solana
2025-06-07,147.95,152.91,147.01,150.16,91401983.83,solana
2025-06-08,150.16,155.33,148.1,152.53,84863431.72,solana
2025-06-09,152.53,161.76,149.7,161.23,179108410.9,solana
2025-06-10,161.23,165.68,156.4,165.14,282391223.47,solana
2025-06-11,165.14,168.37,159.28,161.02,347532150.94,solana
2025-06-12,161.02,161.34,152.11,152.41,244390728.28,solana
2025-06-13,152.41,152.63,140.95,148.66,411444727.38,solana
2025-06-14,148.66,148.76,142.06,144.72,129033268.57,solana
2025-06-15,144.72,153.54,144.31,152.98,173155092.67,solana
2025-06-16,152.98,158.81,150.39,150.74,280457762.66,solana
2025-06-17,150.74,154.34,145.63,147.61,231469810.36,solana
2025-06-18,147.61,149.3,143.81,146.41,173323788.84,solana
2025-06-19,146.41,147.94,143.01,147.06,118290943.95,solana
2025-06-20,147.06,148.8,135.74,140.15,209040394.59,solana
2025-06-21,140.15,142.61,131.03,135.47,171088028.19,solana
2025-06-22,135.47,137.64,126.09,131.78,299805281.71,solana
2025-06-23,131.78,147.01,130.75,144.6,303946442.39,solana
2025-06-24,144.6,146.81,142.43,145.98,227254323.46,solana
2025-06-25,145.98,147.99,142.38,143.65,186155680.36,solana
2025-06-26,143.65,148.03,138.72,139.15,172524820.6,solana
2025-06-27,139.15,144.87,137.25,142.17,153999088.73,solana
2025-06-28,142.17,152.72,141.24,150.81,158063386.87,solana
2025-06-29,150.81,154.76,149.46,153.36,125325349.22,solana
2025-06-30,153.36,162.24,149.51,154.88,301641460.78,solana
2025-07-01,154.88,155.63,144.9,146.93,181207323.43,solana
2025-07-02,146.93,154.51,145.9,152.35,194625028.54,solana
2025-07-03,152.35,156.41,150.01,152.4,179108954.13,solana
2025-07-04,152.4,153.91,145.29,147.75,126735058.69,solana
2025-07-05,147.75,148.7,145.98,147.62,58791536.83,solana
2025-07-06,147.62,153.84,146.85,151.91,105109960.71,solana
2025-07-07,151.91,153.58,147.75,148.91,197402475.12,solana
2025-07-08,148.91,152.87,147.86,151.73,136427428.99,solana
2025-07-09,151.73,157.97,150.62,157.11,259666672.36,solana
2025-07-10,157.11,165.38,155.75,164.34,247646914.87,solana
2025-07-11,164.34,168.21,159.65,162.98,314326276.37,solana
2025-07-12,162.98,163.98,157.81,160.76,133459776.12,solana
2025-07-13,160.76,164.22,159.73,161.22,138616610.04,solana
2025-07-14,161.22,168.66,160.71,162.26,288370746.54,solana
2025-07-15,162.26,164.24,157.22,164.03,226893508.78,solana
2025-07-16,164.03,176.08,161.56,173.73,448832181.75,solana
2025-07-17,173.73,178.23,168.82,176.0,370359016.35,solana
2025-07-18,176.0,184.76,173.37,177.36,493005880.88,solana
2025-07-19,177.36,178.71,174.15,177.05,270528871.82,solana
2025-07-20,177.05,183.71,176.43,181.54,369233722.51,solana
2025-07-21,181.54,199.45,178.39,195.82,767167569.74,solana
2025-07-22,195.82,206.4,193.89,205.8,851563456.61,solana
2025-07-23,205.8,205.84,184.1,189.5,545246153.35,solana
2025-07-24,189.5,192.02,179.48,182.97,500594161.49,solana
2025-07-25,182.97,186.92,175.77,186.8,548134766.85,solana
2025-07-26,186.8,189.79,184.43,184.92,184124510.84,solana
2025-07-27,184.92,190.74,184.62,188.71,198444213.45,solana
2025-07-28,188.71,195.31,182.22,183.13,392184056.3,solana
2025-07-29,183.13,186.64,178.26,181.47,281675365.23,solana
2025-07-30,181.47,182.5,170.45,177.77,264745022.53,solana
2025-07-31,177.77,182.67,171.49,172.22,274056279.25,solana
2025-08-01,172.22,172.24,159.2,162.67,517751854.06,solana
2025-08-02,162.67,165.21,155.81,158.48,187758990.15,solana
2025-08-03,158.48,163.13,156.3,162.01,121815182.3,solana
2025-08-04,162.01,169.83,161.33,169.57,244834590.1,solana
2025-08-05,169.57,171.69,161.31,164.07,206575201.16,solana
2025-08-06,164.07,169.97,161.19,168.16,184561769.6,solana
2025-08-07,168.16,175.55,166.74,175.44,228221779.43,solana
2025-08-08,175.44,179.64,173.51,176.83,326886261.27,solana
2025-08-09,176.83,183.45,176.67,179.99,236129743.74,solana
2025-08-10,179.99,186.17,177.55,182.73,278888285.02,solana
2025-08-11,182.73,186.77,173.47,174.88,317834435.91,solana
2025-08-12,174.88,193.7,173.66,191.72,511272093.22,solana
2025-08-13,191.72,204.92,191.45,201.62,888135634.49,solana
2025-08-14,201.62,209.89,187.35,192.61,1013548552.3,solana
2025-08-15,192.61,198.19,183.44,185.89,470225777.86,solana
2025-08-16,185.89,190.14,185.36,189.74,202110244.79,solana
2025-08-17,189.74,195.91,187.53,191.15,287406910.4,solana
2025-08-18,191.15,191.44,180.11,183.0,388476891.58,solana
2025-08-19,183.0,185.92,175.68,176.21,382872347.25,solana
2025-08-20,176.21,188.02,176.05,187.97,369637533.22,solana
2025-08-21,187.97,190.08,179.37,180.28,375167568.51,solana
2025-08-22,180.28,202.53,177.29,200.64,653727921.88,solana
2025-08-23,200.64,208.4,195.24,204.07,509748596.91,solana
2025-08-24,204.07,211.94,201.09,205.96,733215279.84,solana
2025-08-25,205.96,213.47,185.46,187.22,980631308.12,solana
2025-08-26,187.22,198.11,185.67,195.88,482719484.65,solana
2025-08-27,195.88,212.08,193.83,202.94,1014969709.31,solana
2025-08-28,202.94,216.89,201.69,214.45,1003746573.97,solana
2025-08-29,214.45,217.94,199.93,205.13,1261525408.62,solana
2025-08-30,205.13,207.03,197.6,202.74,352311585.46,solana
2025-08-31,202.74,206.64,200.36,200.67,343643613.54,solana
2025-09-01,200.67,204.53,194.22,197.32,528432968.7,solana
2025-09-02,197.32,209.68,196.77,209.63,711428488.14,solana
2025-09-03,209.63,213.01,207.46,210.83,469042271.27,solana
2025-09-04,210.83,212.01,201.87,202.34,408774041.45,solana
2025-09-05,202.34,210.04,201.03,203.39,551122885.78,solana
2025-09-06,203.39,204.65,199.37,200.19,225157083.27,solana
2025-09-07,200.19,207.93,200.17,206.36,280700053.77,solana
2025-09-08,206.36,217.14,205.59,214.14,854147369.4,solana
2025-09-09,214.14,219.75,210.92,217.24,620031111.4,solana
2025-09-10,217.24,225.97,215.13,224.13,724855615.68,solana
2025-09-11,224.13,229.03,221.8,228.85,710478977.59,solana
2025-09-12,228.85,244.27,228.23,242.36,1272466518.23,solana
2025-09-13,242.36,244.31,235.6,242.49,619060305.81,solana
2025-09-14,242.49,249.92,239.35,239.89,917319586.91,solana
2025-09-15,239.89,244.08,230.21,234.39,991949828.63,solana
2025-09-16,234.39,240.98,231.36,237.0,756099212.87,solana
2025-09-17,237.0,246.71,232.36,244.92,933117598.43,solana
2025-09-18,244.92,253.58,242.68,247.6,847120014.54,solana
2025-09-19,247.6,248.64,235.27,238.66,668655995.65,solana
2025-09-20,238.66,241.31,237.07,239.6,227941412.84,solana
2025-09-21,239.6,241.94,235.46,236.32,223420340.13,solana
2025-09-22,236.32,237.08,216.17,220.56,1104538001.76,solana
2025-09-23,220.56,221.77,212.52,213.34,641920309.38,solana
2025-09-24,213.34,216.5,205.05,211.69,707174197.99,solana
2025-09-25,211.69,212.53,191.49,192.83,1258057453.41,solana
2025-09-26,192.83,205.63,190.93,205.28,1152322661.03,solana
2025-09-27,205.28,205.56,200.01,203.58,269531462.08,solana
2025-09-28,203.58,211.03,198.1,210.92,363438511.76,solana
2025-09-29,210.92,214.87,204.77,212.91,557218254.67,solana
2025-09-30,212.91,213.83,204.32,208.75,593396182.76,solana
2025-10-01,208.75,222.86,206.43,222.16,689744316.4,solana
2025-10-02,222.16,235.04,219.67,234.9,807464838.24,solana
2025-10-03,234.9,237.17,227.34,232.96,784410417.33,solana
2025-10-04,232.96,234.2,224.33,227.99,309564579.94,solana
2025-10-05,227.99,237.29,226.64,228.67,482846664.91,solana
2025-10-06,228.67,237.91,227.66,232.47,613221042.5,solana
2025-10-07,232.47,235.27,219.85,220.1,687144532.75,solana
2025-10-08,220.1,229.77,217.53,229.12,556933918.25,solana
2025-10-09,229.12,229.66,216.78,221.03,601585802.94,solana
2025-10-10,221.03,224.51,175.41,188.9,1344834157.07,solana
2025-10-11,188.9,191.18,172.85,177.84,933842453.53,solana
2025-10-12,177.84,199.17,173.24,197.23,853398202.5,solana
2025-10-13,197.23,209.46,190.45,208.87,758898206.61,solana
2025-10-14,208.87,211.46,191.27,202.55,1207565485.31,solana
2025-10-15,202.55,208.97,192.2,193.95,711055753.48,solana
2025-10-16,193.95,198.44,182.12,184.87,768697335.26,solana
2025-10-17,184.87,187.58,174.16,182.05,810796004.57,solana
2025-10-18,182.05,188.35,181.88,187.65,249890655.25,solana
2025-10-19,187.65,192.32,183.26,187.95,332050512.85,solana
2025-10-20,187.95,194.58,183.92,189.78,420682111.28,solana
2025-10-21,189.78,197.79,182.8,185.73,598137301.63,solana
2025-10-22,185.73,187.52,177.37,180.16,515527821.95,solana
2025-10-23,180.16,193.5,179.74,191.42,385416351.69,solana
2025-10-24,191.42,196.29,188.86,193.62,350028731.12,solana
2025-10-25,193.62,193.65,192.46,192.91,6738045.8,solana
